レース場,レース回,枠番,登録番号,選手名,支部,級別,全国勝率,当地勝率,1着率,1着数,2着率,2着数,3着率,3着数,コース平均st,コース平均st順位,今節平均st,今節平均st順位,差し率,差し数,まくり率,まくり数,まくり差し率,まくり差し数,M指数,activepoint,FL,1-2率,1-3率,M総合評価,出足,伸び足,コースstトップ率,コースst最下位率,締切予定時刻,今節成績_1-1,今節成績_1-2,今節成績_2-1,今節成績_2-2,今節成績_3-1,今節成績_3-2,今節成績_4-1,今節成績_4-2,今節成績_5-1,今節成績_5-2,今節成績_6-1,今節成績_6-2,2着が1号艇,2着が2号艇,2着が3号艇,2着が4号艇,2着が5号艇,2着が6号艇,当該コース1着合計
唐津,01R,1,4994.0,山本梨菜,佐賀,A1,6.12,4.68,0.63,34,0.19,10,0.11,6,0.15,3.1,0.17,3.4,0.09,5,0.09,5,0.12,7.0,3.8,B+,,0.312,0.406,C,3,3,0.35,0.19,08:32,2,2,3,,1,3,2,1,,,,,-,11,17,6,2,1,37.0
唐津,01R,2,3459.0,中野和裕,佐賀,B1,3.74,4.13,0.07,3,0.17,7,0.17,7,0.15,2.9,0.17,3.6,0.0,0,0.02,1,0.0,,2.2,C,,0.0,0.6,D,3,2,0.23,0.16,08:32,5,,5,4,4,2,5,,,,,,1,-,0,1,1,0,3.0
唐津,01R,3,5214.0,田中宏典,佐賀,B1,4.98,4.43,0.08,4,0.12,6,0.24,12,0.16,3.5,0.18,3.1,0.02,1,0.04,2,0.02,1.0,2.8,C,,0.25,0.188,A,5,4,0.06,0.12,08:32,4,6,1,,5,6,5,4,,,,,3,1,-,0,0,0,4.0
唐津,01R,4,3773.0,津留浩一郎,長崎,B1,4.09,4.88,0.16,7,0.11,5,0.23,10,0.13,2.6,0.17,3.8,0.06,3,0.1,5,0.02,1.0,1.6,C,,0.294,0.235,C,4,2,0.34,0.08,08:32,5,2,6,,6,,2,6,,,,,2,2,1,-,2,2,9.0
唐津,01R,5,4164.0,岩永節也,長崎,B1,4.2,3.5,0.00,0,0.11,4,0.14,5,0.20,4.6,0.23,4.1,0.0,0,0.0,0,0.0,0.0,3.0,C,,0.0,0.167,C,3,4,0.00,0.26,08:32,,,,,,,,,,,,,0,0,0,0,-,0,0.0
唐津,01R,6,5412.0,久保田凪紗,佐賀,B2,1.43,1.31,0.00,0,0.00,0,0.02,2,0.19,4.2,0.28,4.3,0.0,0,0.0,0,0.0,0.0,2.4,A,,0.0,0.0,C,3,4,0.08,0.33,08:32,6,,6,6,2,5,4,,,,,,,,,,,-,
唐津,02R,1,5121.0,定松勇樹,佐賀,A1,8.14,7.52,0.72,47,0.18,12,0.03,2,0.14,3.2,0.11,2.1,0.04,3,0.1,7,0.09,6.0,3.2,A+,,0.34,0.24,A,5,4,0.24,0.18,08:58,2,4,2,1,1,3,4,,,,,,-,19,11,9,10,2,51.0
唐津,02R,2,3564.0,桑原啓,福岡,B1,4.16,4.13,0.12,6,0.10,5,0.18,9,0.16,3.5,0.17,3.6,0.04,2,0.08,4,0.0,,2.8,B+,,0.231,0.385,C,3,4,0.13,0.15,08:58,3,5,1,,3,,3,5,,,,,2,-,0,2,1,1,6.0
唐津,02R,3,4652.0,酒見峻介,佐賀,A2,4.43,5.48,0.10,6,0.23,14,0.28,17,0.15,3.2,0.22,3.7,0.0,0,0.05,3,0.03,2.0,3.2,C,隠FL,0.458,0.125,D,2,3,0.16,0.07,08:58,2,5,5,3,3,4,4,,,,,,2,2,-,2,0,0,6.0
唐津,02R,4,4803.0,飯田庄吾,福岡,B1,3.89,0.0,0.05,2,0.09,4,0.20,9,0.18,3.7,0.18,4.8,0.03,1,0.03,1,0.0,0.0,2.8,C,隠F,0.571,0.286,C,3,3,0.08,0.08,08:58,4,,5,5,6,5,6,,,,,,1,1,0,-,0,0,2.0
唐津,02R,5,4143.0,浦田晃嗣,佐賀,B1,4.21,4.56,0.00,0,0.12,5,0.14,6,0.16,3.2,0.19,3.5,0.0,0,0.02,1,0.0,0.0,2.4,A,,0.308,0.231,C,3,3,0.23,0.09,08:58,,,,,,,,,,,,,0,0,0,1,-,0,1.0
唐津,02R,6,5389.0,恵良琴美,福岡,B2,2.35,1.13,0.00,0,0.01,2,0.02,3,0.18,3.4,0.18,4.5,0.0,0,0.0,0,0.0,0.0,2.8,C,,0.0,0.0,D,2,3,0.23,0.19,08:58,5,,5,5,5,,5,6,,,,,0,0,0,0,0,-,0.0
唐津,03R,1,4531.0,武富智亮,佐賀,A2,6.3,6.16,0.75,50,0.15,10,0.01,1,0.13,2.3,0.17,2.2,0.03,2,0.08,5,0.11,7.0,3.8,B+,,0.295,0.295,C,4,3,0.39,0.03,09:24,1,1,3,,2,3,1,5,,,,,-,16,14,11,6,2,49.0
唐津,03R,2,4874.0,池田奈津美,福岡,B1,4.48,4.07,0.12,5,0.17,7,0.22,9,0.14,3.0,0.11,2.0,0.05,6,0.03,4,0.0,,3.8,S,,0.636,0.182,A,5,4,0.24,0.08,09:24,3,,4,4,S,4,1,,,,,,5,-,1,0,3,1,10.0
唐津,03R,3,4027.0,松江秀徳,佐賀,B1,5.52,6.12,0.09,5,0.17,9,0.40,21,0.16,3.0,0.15,2.6,0.02,1,0.07,4,0.05,3.0,2.8,B+,,0.324,0.351,D,3,2,0.23,0.08,09:24,5,,3,5,3,,2,2,,,,,4,0,-,1,2,1,8.0
唐津,03R,4,5142.0,常住蓮,佐賀,A1,7.43,7.34,0.22,13,0.25,15,0.24,14,0.13,2.7,0.16,2.4,0.06,4,0.07,5,0.06,4.0,3.8,-,,0.379,0.242,C,3,3,0.32,0.06,09:24,2,6,2,1,2,1,3,,,,,,3,1,2,-,4,3,13.0
唐津,03R,5,5428.0,古園井綾南,佐賀,B2,1.11,1.31,0.00,0,0.00,0,0.00,0,0.12,2.5,0.11,2.5,0.0,0,0.0,0,0.0,0.0,3.8,B+,,0.0,0.0,C,3,4,0.50,0.00,09:24,,,,,,,,,,,,,,,,,-,,
唐津,03R,6,5451.0,知念伶奈,佐賀,B2,0.0,0.0,#N/A!,#N/A!,#N/A!,#N/A!,#N/A!,#N/A!,#N/A!,#N/A!,0.29,4.4,0.0,#N/A!,0.0,#N/A!,0.0,,3.0,-,未消化F,,,D,2,3,#N/A!,#N/A!,09:24,6,,F,6,6,,6,,,,,,,,,,,-,
唐津,04R,1,4006.0,小野勇作,佐賀,B1,5.28,4.69,0.35,13,0.27,10,0.19,7,0.15,3.5,0.24,4.6,0.24,9,0.11,4,0.19,7.0,3.2,-,,0.231,0.462,D,2,3,0.11,0.11,09:50,3,,3,6,4,,3,6,,,,,-,4,5,3,1,0,13.0
唐津,04R,2,4445.0,宮地元輝,佐賀,A1,6.69,7.53,0.10,5,0.27,14,0.27,14,0.11,2.7,0.14,2.5,0.07,4,0.02,1,0.0,,3.0,B+,隠F,0.222,0.241,C,3,3,0.24,0.06,09:50,1,2,1,2,1,6,4,,,,,,2,-,2,0,1,0,5.0
唐津,04R,3,3964.0,宮地博士,長崎,B1,4.85,4.83,0.02,1,0.22,11,0.18,9,0.19,3.7,0.20,5.0,0.0,0,0.0,0,0.02,1.0,2.6,A,,0.3,0.4,A,5,4,0.08,0.18,09:50,S,,5,6,4,,4,5,,,,,0,0,-,0,0,1,1.0
唐津,04R,4,3617.0,竹田広樹,佐賀,B1,4.23,4.52,0.08,4,0.12,6,0.14,7,0.17,3.3,0.19,4.8,0.0,0,0.1,5,0.02,1.0,3.0,C,,0.231,0.154,C,3,4,0.17,0.15,09:50,6,5,4,,4,,3,5,,,,,2,1,0,-,2,1,6.0
唐津,04R,5,5462.0,山浦槙,佐賀,B2,0.0,0.0,#N/A!,#N/A!,#N/A!,#N/A!,#N/A!,#N/A!,#N/A!,#N/A!,0.28,4.8,0.0,#N/A!,0.0,#N/A!,0.0,,3.0,-,,,,D,2,3,#N/A!,#N/A!,09:50,,,,,,,,,,,,,,,,,-,,
唐津,04R,6,5084.0,末永和也,佐賀,A1,7.18,7.52,0.06,3,0.22,11,0.27,14,0.16,3.7,0.12,3.8,0.06,3,0.0,0,0.0,0.0,3.0,B+,未消化,0.375,0.297,C,4,2,0.20,0.30,09:50,1,5,2,2,1,,1,2,,,,,1,0,1,1,0,-,3.0
唐津,05R,1,4624.0,高田明,佐賀,A1,6.38,6.6,0.67,41,0.16,10,0.05,3,0.17,3.6,0.15,3.2,0.1,6,0.08,5,0.15,9.0,3.2,B+,,0.463,0.146,C,3,3,0.21,0.16,10:17,1,,2,4,3,1,5,3,,,,,-,18,7,10,6,0,41.0
唐津,05R,2,4395.0,下河雅史,福岡,B1,5.21,5.0,0.11,5,0.28,13,0.23,11,0.17,3.4,0.18,4.8,0.09,4,0.0,0,0.0,,3.0,B+,,0.357,0.286,B,4,4,0.09,0.16,10:17,3,,1,6,4,2,6,,,,,,4,-,0,1,0,0,5.0
唐津,05R,3,4094.0,中島真二,福岡,B1,4.35,4.29,0.02,1,0.09,4,0.25,11,0.17,3.6,0.17,3.1,0.02,1,0.0,0,0.02,1.0,3.2,B+,,0.267,0.6,D,2,3,0.14,0.19,10:17,1,,1,4,6,,5,3,,,,,1,1,-,0,0,0,2.0
唐津,05R,4,5270.0,小玉啓太,佐賀,B1,4.7,3.26,0.08,3,0.05,2,0.18,7,0.17,3.5,0.12,3.1,0.0,0,0.03,1,0.05,2.0,2.6,C,,0.25,0.75,B,4,4,0.32,0.24,10:17,5,6,6,,5,5,4,,,,,,0,0,2,-,0,1,3.0
唐津,05R,5,5412.0,久保田凪紗,佐賀,B2,1.43,1.31,0.00,0,0.02,1,0.00,0,0.20,3.8,0.28,4.3,0.0,0,0.0,0,0.0,0.0,2.4,A,,0.0,0.0,C,3,4,0.19,0.13,10:17,,,,,,,,,,,,,,,,,-,,
唐津,05R,6,3623.0,深川真二,佐賀,A1,7.46,7.92,0.31,17,0.25,14,0.15,8,0.00,0.0,0.14,2.8,0.0,0,0.0,0,0.0,0.0,3.2,A,,0.397,0.235,A,5,4,0.00,0.00,10:17,2,3,2,2,1,,1,3,,,,,0,0,0,0,0,-,0.0
唐津,06R,1,3998.0,冨成謙児,佐賀,B1,4.39,5.01,0.34,13,0.37,14,0.05,2,0.13,2.3,0.20,3.8,0.18,7,0.24,9,0.18,7.0,3.0,B+,,0.333,0.25,C,4,3,0.42,0.05,10:45,3,4,3,,5,5,2,,,,,,-,4,3,5,1,0,13.0
唐津,06R,2,4947.0,間庭菜摘,福岡,B1,4.51,4.41,0.09,5,0.25,14,0.27,15,0.20,4.6,0.17,3.1,0.05,3,0.02,1,0.0,,3.0,A,,0.364,0.182,C,4,3,0.00,0.29,10:45,6,,4,1,5,,4,2,,,,,3,-,1,0,0,1,5.0
唐津,06R,3,4515.0,藤田浩人,佐賀,A2,6.09,5.81,0.11,7,0.19,12,0.35,22,0.17,3.4,0.14,3.2,0.0,0,0.08,5,0.06,4.0,2.4,-,,0.261,0.391,C,3,3,0.13,0.11,10:45,3,3,6,,2,5,3,4,,,,,5,2,-,2,0,1,10.0
唐津,06R,4,5240.0,高橋龍治,福岡,B1,5.43,2.46,0.02,1,0.11,5,0.09,4,0.16,3.2,0.16,3.3,0.0,0,0.0,0,0.03,1.0,2.0,A,隠F,0.615,0.077,C,4,3,0.26,0.17,10:45,2,4,4,,5,,2,2,,,,,1,0,0,-,0,0,1.0
唐津,06R,5,5389.0,恵良琴美,福岡,B2,2.35,1.13,0.00,0,0.01,1,0.01,1,0.19,3.5,0.18,4.5,0.0,0,0.0,0,0.0,0.0,2.8,C,,0.0,0.0,D,2,3,0.12,0.08,10:45,,,,,,,,,,,,,0,0,0,0,-,0,0.0
唐津,06R,6,4503.0,上野真之介,佐賀,A1,7.65,7.66,0.14,8,0.16,9,0.16,9,0.11,2.6,0.08,2.0,0.0,0,0.02,1,0.02,1.0,3.0,A,,0.406,0.297,B,4,4,0.44,0.11,10:45,2,,1,5,1,2,1,1,,,,,2,0,0,0,0,-,2.0
唐津,07R,1,4803.0,飯田庄吾,福岡,B1,3.89,0.0,0.21,7,0.15,5,0.06,2,0.16,2.7,0.18,4.8,0.11,3,0.32,9,0.25,7.0,2.8,C,隠F,0.571,0.286,C,3,3,0.46,0.11,11:19,4,,5,5,6,5,6,,,,,,-,4,2,0,1,0,7.0
唐津,07R,2,4143.0,浦田晃嗣,佐賀,B1,4.21,4.56,0.06,3,0.19,9,0.17,8,0.16,3.4,0.19,3.5,0.02,1,0.04,2,0.0,,2.4,A,,0.308,0.231,C,3,3,0.22,0.22,11:19,6,,4,3,4,,6,6,,,,,1,-,1,1,0,0,3.0
唐津,07R,3,4969.0,町田洸希,長崎,B1,4.73,4.89,0.02,1,0.21,9,0.33,14,0.16,3.5,0.18,4.0,0.0,0,0.02,1,0.0,0.0,3.6,B+,,0.571,0.143,C,4,3,0.11,0.15,11:19,1,,5,1,3,1,3,4,,,,,1,0,-,0,1,0,2.0
唐津,07R,4,4196.0,田中太一郎,佐賀,B1,4.25,5.27,0.09,4,0.30,14,0.17,8,0.15,2.8,0.18,2.8,0.0,0,0.06,3,0.06,3.0,2.6,B+,,0.5,0.111,B,4,4,0.31,0.08,11:19,5,2,4,,4,6,5,,,,,,4,0,0,-,1,1,6.0
唐津,07R,5,4734.0,安河内将,佐賀,A1,7.26,7.11,0.03,1,0.13,5,0.38,15,0.15,3.1,0.17,3.1,0.0,0,0.02,1,0.05,3.0,3.0,C,,0.392,0.216,C,3,3,0.16,0.05,11:19,,,,,,,,,,,,,2,2,0,0,-,0,4.0
唐津,07R,6,4500.0,山田康二,佐賀,A1,7.35,8.14,0.09,4,0.15,7,0.19,9,0.16,3.9,0.11,2.2,0.0,0,0.02,1,0.02,1.0,4.6,B+,,0.373,0.322,B,4,4,0.10,0.20,11:19,1,3,1,1,2,,1,1,,,,,1,0,0,1,0,-,2.0
唐津,08R,1,3773.0,津留浩一郎,長崎,B1,4.09,4.88,0.45,17,0.26,10,0.11,4,0.15,2.3,0.17,3.8,0.22,8,0.08,3,0.17,6.0,1.6,C,,0.294,0.235,C,4,2,0.47,0.03,11:48,5,2,6,,6,,2,6,,,,,-,6,3,3,5,0,17.0
唐津,08R,2,4294.0,古賀繁輝,佐賀,A1,6.16,6.94,0.17,9,0.41,22,0.13,7,0.16,3.3,0.12,3.0,0.11,6,0.04,2,0.0,,2.6,B+,隠F,0.364,0.182,B,4,4,0.15,0.15,11:48,3,4,3,3,2,,1,1,,,,,4,-,2,2,0,1,9.0
唐津,08R,3,3809.0,吉田光,佐賀,B1,4.04,5.2,0.08,3,0.16,6,0.24,9,0.14,2.8,0.18,2.8,0.02,1,0.04,2,0.02,1.0,3.8,B+,,0.375,0.25,B,4,4,0.29,0.11,11:48,4,,2,3,3,,5,4,,,,,1,1,-,2,1,0,5.0
唐津,08R,4,4092.0,岡部大輔,佐賀,B1,4.92,5.74,0.12,6,0.06,3,0.25,13,0.15,2.9,0.14,2.0,0.0,0,0.02,1,0.06,3.0,3.0,B+,隠F,0.269,0.423,B,5,3,0.23,0.09,11:48,4,2,4,,6,4,2,,,,,,3,0,0,-,1,1,5.0
唐津,08R,5,5214.0,田中宏典,佐賀,B1,4.98,4.43,0.05,2,0.05,2,0.16,7,0.19,4.2,0.18,3.1,0.02,1,0.0,0,0.02,1.0,2.8,C,,0.25,0.188,A,5,4,0.09,0.16,11:48,,,,,,,,,,,,,0,0,0,1,-,1,2.0
唐津,08R,6,4320.0,峰竜太,佐賀,A1,7.74,8.07,0.10,4,0.15,6,0.31,12,0.13,3.5,0.15,3.1,0.0,0,0.0,0,0.0,0.0,4.4,B+,,0.286,0.327,B,3,5,0.17,0.10,11:48,1,1,2,,1,2,1,2,,,,,0,0,0,0,0,-,0.0
唐津,09R,1,5270.0,小玉啓太,佐賀,B1,4.7,3.26,0.21,5,0.17,4,0.13,3,0.16,3.8,0.12,3.1,0.24,6,0.28,7,0.16,4.0,2.6,C,,0.25,0.75,B,4,4,0.16,0.24,12:26,5,6,6,,5,5,4,,,,,,-,2,3,0,0,0,5.0
唐津,09R,2,5307.0,富永夏哉人,佐賀,B1,4.66,3.75,0.04,2,0.17,9,0.31,17,0.21,4.2,0.20,3.5,0.02,1,0.0,0,0.0,,2.6,B+,,0.294,0.294,C,4,3,0.00,0.28,12:26,4,5,2,,2,4,3,,,,,,2,-,0,0,0,0,2.0
唐津,09R,3,5417.0,小柳勝希,佐賀,B2,3.17,2.54,#DIV/0!,0,#DIV/0!,0,#DIV/0!,0,0.11,3.0,0.14,2.5,0.0,0,0.0,0,0.0,0.0,3.4,S,,0.0,0.0,B,4,4,0.00,0.00,12:26,3,3,4,,5,2,3,,,,,,0,0,-,0,0,0,0.0
唐津,09R,4,3784.0,中島友和,佐賀,B1,4.85,5.6,0.09,4,0.12,5,0.21,9,0.15,2.9,0.13,3.0,0.0,0,0.09,5,0.02,1.0,3.2,A,,0.308,0.231,C,4,3,0.26,0.09,12:26,4,,3,5,3,3,6,,,,,,3,0,1,-,2,0,6.0
唐津,09R,5,3617.0,竹田広樹,佐賀,B1,4.23,4.52,0.00,0,0.05,2,0.02,1,0.20,4.1,0.19,4.8,0.0,0,0.0,0,0.0,0.0,3.0,C,,0.231,0.154,C,3,4,0.10,0.18,12:26,,,,,,,,,,,,,0,0,0,0,-,0,0.0
唐津,09R,6,5462.0,山浦槙,佐賀,B2,0.0,0.0,#N/A!,#N/A!,#N/A!,#N/A!,#N/A!,#N/A!,#N/A!,#N/A!,0.28,4.8,0.0,#N/A!,0.0,#N/A!,0.0,,3.0,-,,,,D,2,3,#N/A!,#N/A!,12:26,6,,5,,6,6,4,6,,,,,,,,,,-,
唐津,10R,1,4503.0,上野真之介,佐賀,A1,7.65,7.66,0.84,67,0.13,10,0.01,1,0.11,2.0,0.08,2.0,0.04,3,0.04,3,0.06,5.0,3.0,A,,0.406,0.297,B,4,4,0.58,0.05,13:00,2,,1,5,1,2,1,1,,,,,-,28,20,13,6,2,69.0
唐津,10R,2,5084.0,末永和也,佐賀,A1,7.18,7.52,0.24,11,0.24,11,0.13,6,0.13,3.1,0.12,3.8,0.19,9,0.02,1,0.0,,3.0,B+,未消化,0.375,0.297,C,4,2,0.13,0.04,13:00,1,5,2,2,1,,1,2,,,,,5,-,2,2,1,0,10.0
唐津,10R,3,5142.0,常住蓮,佐賀,A1,7.43,7.34,0.31,16,0.27,14,0.23,12,0.14,2.6,0.16,2.4,0.05,3,0.1,6,0.1,6.0,3.8,-,,0.379,0.242,C,3,3,0.26,0.05,13:00,2,6,2,1,2,1,3,,,,,,7,7,-,1,2,0,17.0
唐津,10R,4,4531.0,武富智亮,佐賀,A2,6.3,6.16,0.09,5,0.24,13,0.24,13,0.17,3.9,0.17,2.2,0.02,1,0.02,1,0.0,0.0,3.8,B+,,0.295,0.295,C,4,3,0.02,0.07,13:00,1,1,3,,2,3,1,5,,,,,0,1,1,-,0,0,2.0
唐津,10R,5,4094.0,中島真二,福岡,B1,4.35,4.29,0.02,1,0.10,5,0.16,8,0.19,4.0,0.17,3.1,0.0,0,0.0,0,0.02,1.0,3.2,B+,,0.267,0.6,D,2,3,0.06,0.18,13:00,,,,,,,,,,,,,0,1,0,0,-,0,1.0
唐津,10R,6,5240.0,高橋龍治,福岡,B1,5.43,2.46,0.00,0,0.04,2,0.15,7,0.16,3.5,0.16,3.3,0.0,0,0.0,0,0.0,0.0,2.0,A,隠F,0.615,0.077,C,4,3,0.22,0.20,13:00,2,4,4,,5,,2,2,,,,,0,0,0,1,0,-,1.0
唐津,11R,1,4500.0,山田康二,佐賀,A1,7.35,8.14,0.80,59,0.11,8,0.05,4,0.13,2.6,0.11,2.2,0.09,7,0.06,5,0.06,5.0,4.6,B+,,0.373,0.322,B,4,4,0.40,0.13,13:36,1,3,1,1,2,,1,1,,,,,-,21,21,12,8,1,63.0
唐津,11R,2,4734.0,安河内将,佐賀,A1,7.26,7.11,0.30,15,0.38,19,0.08,4,0.15,3.1,0.17,3.1,0.23,11,0.08,4,0.0,,3.0,C,,0.392,0.216,C,3,3,0.23,0.17,13:36,1,1,3,,1,3,2,3,,,,,6,-,5,2,2,0,15.0
唐津,11R,3,4994.0,山本梨菜,佐賀,A1,6.12,4.68,0.06,3,0.33,16,0.27,13,0.16,3.1,0.17,3.4,0.0,0,0.04,2,0.02,1.0,3.8,B+,,0.312,0.406,C,3,3,0.16,0.06,13:36,2,2,3,,1,3,2,1,,,,,0,2,-,0,1,0,3.0
唐津,11R,4,5121.0,定松勇樹,佐賀,A1,8.14,7.52,0.22,11,0.24,12,0.16,8,0.13,2.9,0.11,2.1,0.02,1,0.11,5,0.04,2.0,3.2,A+,,0.34,0.24,A,5,4,0.33,0.11,13:36,2,4,2,1,1,3,4,,,,,,3,6,1,-,0,0,10.0
唐津,11R,5,4624.0,高田明,佐賀,A1,6.38,6.6,0.18,10,0.11,6,0.27,15,0.17,3.3,0.15,3.2,0.0,0,0.03,2,0.16,10.0,3.2,B+,,0.463,0.146,C,3,3,0.13,0.08,13:36,,,,,,,,,,,,,6,3,0,3,-,0,12.0
唐津,11R,6,4395.0,下河雅史,福岡,B1,5.21,5.0,0.02,1,0.11,5,0.11,5,0.20,4.4,0.18,4.8,0.0,0,0.0,0,0.0,0.0,3.0,B+,,0.357,0.286,B,4,4,0.06,0.38,13:36,3,,1,6,4,2,6,,,,,,1,0,0,0,0,-,1.0
唐津,12R,1,4320.0,峰竜太,佐賀,A1,7.74,8.07,0.80,48,0.05,3,0.07,4,0.13,3.0,0.15,3.1,0.05,3,0.05,3,0.05,3.0,4.4,B+,,0.286,0.327,B,3,5,0.26,0.10,14:14,1,1,2,,1,2,1,2,,,,,-,15,18,8,8,2,51.0
唐津,12R,2,3623.0,深川真二,佐賀,A1,7.46,7.92,0.13,8,0.32,19,0.17,10,0.15,2.9,0.14,2.8,0.15,29,0.05,10,0.0,,3.2,A,,0.397,0.235,A,5,4,0.28,0.12,14:14,2,3,2,2,1,,1,3,,,,,18,-,8,7,6,3,42.0
唐津,12R,3,4445.0,宮地元輝,佐賀,A1,6.69,7.53,0.17,7,0.31,13,0.24,10,0.12,2.3,0.14,2.5,0.02,1,0.12,5,0.02,1.0,3.0,B+,隠F,0.222,0.241,C,3,3,0.36,0.00,14:14,1,2,1,2,1,6,4,,,,,,3,2,-,1,0,2,8.0
唐津,12R,4,4294.0,古賀繁輝,佐賀,A1,6.16,6.94,0.27,14,0.18,9,0.22,11,0.12,2.7,0.12,3.0,0.04,2,0.15,8,0.07,4.0,2.6,B+,隠F,0.364,0.182,B,4,4,0.37,0.07,14:14,3,4,3,3,2,,1,1,,,,,3,2,2,-,5,3,15.0
唐津,12R,5,4969.0,町田洸希,長崎,B1,4.73,4.89,0.02,1,0.10,5,0.22,11,0.19,3.9,0.18,4.0,0.0,0,0.0,0,0.0,0.0,3.6,B+,,0.571,0.143,C,4,3,0.04,0.10,14:14,,,,,,,,,,,,,0,0,0,0,-,0,0.0
唐津,12R,6,3564.0,桑原啓,福岡,B1,4.16,4.13,0.05,2,0.13,5,0.08,3,0.16,4.2,0.17,3.6,0.0,0,0.03,1,0.0,0.0,2.8,B+,,0.231,0.385,C,3,4,0.16,0.31,14:14,3,5,1,,3,,3,5,,,,,0,0,0,0,1,-,1.0
若松,01R,1,5022.0,伊藤尚汰,福岡,B1,4.0,4.68,0.21,5,0.25,6,0.08,2,0.18,3.2,0.16,3.4,0.28,7,0.28,7,0.2,5.0,3.8,C,,0.2,0.2,D,3,2,0.32,0.16,15:20,3,2,4,,6,,5,,,,,,-,1,2,1,0,1,5.0
若松,01R,2,5009.0,大賀龍之介,福岡,B1,5.25,4.31,0.18,9,0.24,12,0.14,7,0.14,2.9,0.17,3.8,0.13,6,0.06,3,0.0,,4.0,C,,0.333,0.333,C,3,3,0.23,0.06,15:20,4,,3,1,5,,5,6,,,,,5,-,1,2,0,1,9.0
若松,01R,3,3742.0,宮地秀祈,福岡,B1,4.45,4.34,0.07,3,0.29,13,0.20,9,0.18,3.4,0.17,2.5,0.0,0,0.02,1,0.0,0.0,3.4,A,,0.222,0.111,C,3,3,0.09,0.13,15:20,3,,3,3,1,5,5,,,,,,1,0,-,0,0,2,3.0
若松,01R,4,3662.0,大庭元明,福岡,B1,5.09,5.0,0.11,6,0.24,13,0.19,10,0.17,3.1,0.21,4.3,0.02,1,0.05,3,0.04,2.0,3.2,B+,隠F,0.258,0.258,B,3,5,0.23,0.13,15:20,3,4,1,5,3,,2,,,,,,1,2,1,-,2,0,6.0
若松,01R,5,4632.0,長尾京志郎,福岡,B1,4.95,5.05,0.02,1,0.07,3,0.26,11,0.19,4.0,0.20,3.8,0.0,0,0.0,0,0.0,0.0,2.4,-,,0.467,0.333,D,3,2,0.05,0.23,15:20,,,,,,,,,,,,,0,0,0,0,-,0,0.0
若松,01R,6,5053.0,山口広樹,福岡,B1,4.22,4.83,0.00,0,0.00,0,0.12,5,0.20,4.1,0.22,5.0,0.0,0,0.0,0,0.0,0.0,4.0,B+,未消化F,0.444,0.185,C,4,3,0.13,0.19,15:20,F,6,6,,6,,5,,,,,,0,0,0,0,0,-,0.0
若松,02R,1,5398.0,鐘ヶ江真司,福岡,B1,3.18,2.64,0.00,0,0.00,0,0.00,0,0.13,1.3,0.17,2.8,0.0,0,0.67,2,0.0,0.0,2.8,B+,,0.0,0.0,C,3,3,0.67,0.00,15:44,4,4,6,,6,,4,3,,,,,-,0,0,1,0,0,1.0
若松,02R,2,5071.0,野見山拓己,福岡,B1,4.96,3.8,0.17,8,0.13,6,0.19,9,0.13,2.9,0.17,3.5,0.04,2,0.06,3,0.0,,3.6,A,,0.222,0.389,C,4,3,0.31,0.10,15:44,5,6,4,,3,3,3,5,,,,,2,-,3,1,2,0,8.0
若松,02R,3,4346.0,前田健太郎,福岡,B1,4.51,3.61,0.14,7,0.22,11,0.08,4,0.17,3.3,0.22,3.5,0.02,1,0.04,2,0.04,2.0,3.2,A,,0.286,0.357,B,4,4,0.21,0.13,15:44,6,6,4,,1,6,6,,,,,,2,2,-,1,0,1,6.0
若松,02R,4,4729.0,佐藤謙史朗,福岡,B2,4.09,4.94,0.06,2,0.13,4,0.16,5,0.17,3.7,0.25,3.8,0.0,0,0.06,2,0.0,0.0,2.8,-,,0.0,0.5,C,4,3,0.10,0.16,15:44,6,6,2,,6,,6,,,,,,0,0,0,-,1,1,2.0
若松,02R,5,4330.0,奈須啓太,福岡,A2,5.98,5.43,0.10,4,0.14,6,0.24,10,0.12,2.5,0.16,2.1,0.0,0,0.0,0,0.05,2.0,4.0,B+,,0.211,0.395,C,3,3,0.35,0.05,15:44,,,,,,,,,,,,,1,0,1,0,-,0,2.0
若松,02R,6,4287.0,今井貴士,福岡,A1,5.55,6.36,0.04,2,0.12,7,0.23,13,0.17,3.6,0.14,1.6,0.02,1,0.0,0,0.02,1.0,3.0,C,,0.298,0.362,C,3,4,0.16,0.18,15:44,1,4,2,3,1,,2,,,,,,1,0,0,1,0,-,2.0
若松,03R,1,5102.0,原田雄次,福岡,B1,3.87,4.86,0.52,22,0.14,6,0.10,4,0.14,2.3,0.16,3.4,0.05,2,0.18,7,0.13,5.0,5.2,S,,0.381,0.143,A,5,4,0.46,0.03,16:10,2,,1,6,3,,1,,,,,,-,9,4,4,2,3,22.0
若松,03R,2,4136.0,江夏満,福岡,A1,6.64,7.27,0.18,9,0.40,20,0.30,15,0.16,3.4,0.18,4.6,0.16,8,0.04,2,0.0,,2.6,B+,,0.271,0.312,C,3,3,0.14,0.14,16:10,3,,4,2,2,,4,4,,,,,7,-,1,0,2,0,10.0
若松,03R,3,4413.0,水摩敦,福岡,A2,5.82,6.39,0.05,3,0.29,17,0.32,19,0.18,3.7,0.21,3.0,0.0,0,0.03,2,0.02,1.0,5.0,A,,0.255,0.353,A,5,4,0.05,0.21,16:10,2,3,2,3,4,,2,4,,,,,2,1,-,0,0,0,3.0
若松,03R,4,5207.0,高山敬悟,福岡,B1,4.77,4.21,0.03,1,0.19,7,0.17,6,0.16,3.0,0.22,3.0,0.0,0,0.03,1,0.0,0.0,2.8,C,,0.1,0.1,D,3,2,0.28,0.13,16:10,4,,3,5,5,,3,1,,,,,0,0,0,-,1,0,1.0
若松,03R,5,3853.0,岩崎正哉,福岡,B1,5.78,5.69,0.04,2,0.02,1,0.18,9,0.21,4.6,0.23,4.8,0.0,0,0.0,0,0.05,3.0,3.2,A,,0.342,0.368,C,3,3,0.00,0.23,16:10,,,,,,,,,,,,,2,1,0,0,-,0,3.0
若松,03R,6,4350.0,篠崎元志,福岡,A1,7.76,6.76,0.07,4,0.21,12,0.18,10,0.14,3.5,0.22,3.4,0.0,0,0.03,1,0.0,0.0,3.0,-,,0.373,0.322,C,3,3,0.23,0.23,16:10,4,1,2,1,4,,1,1,,,,,1,0,0,0,0,-,1.0
若松,04R,1,5177.0,松井貫太,福岡,B1,4.04,3.29,0.21,6,0.17,5,0.17,5,0.19,4.0,0.18,3.3,0.19,5,0.48,13,0.07,2.0,5.0,S,,0.167,0.333,A,5,5,0.11,0.30,16:34,1,5,4,,4,,2,3,,,,,-,2,2,2,0,0,6.0
若松,04R,2,3898.0,平田忠則,福岡,A1,7.0,6.53,0.17,9,0.41,22,0.15,8,0.15,3.5,0.17,3.6,0.04,2,0.06,3,0.0,,2.6,-,,0.298,0.34,D,2,3,0.16,0.14,16:34,3,,5,1,2,,1,3,,,,,3,-,2,1,2,0,8.0
若松,04R,3,4614.0,石倉洋行,福岡,A1,6.2,6.13,0.25,13,0.25,13,0.23,12,0.13,2.6,0.13,2.1,0.08,4,0.02,1,0.1,5.0,4.2,C,,0.373,0.373,B,4,4,0.40,0.08,16:34,3,2,1,,3,,1,6,,,,,4,5,-,1,1,0,11.0
若松,04R,4,5008.0,羽野諒,福岡,B1,4.71,4.3,0.06,3,0.11,5,0.11,5,0.12,2.5,0.17,2.3,0.02,1,0.02,1,0.04,2.0,4.2,B+,,0.286,0.357,B,4,4,0.28,0.02,16:34,5,2,5,3,2,,6,,,,,,1,0,3,-,0,0,4.0
若松,04R,5,3783.0,瓜生正義,福岡,A1,6.82,8.29,0.11,5,0.20,9,0.23,10,0.16,3.5,0.19,3.0,0.0,0,0.02,1,0.09,5.0,4.0,-,,0.387,0.355,C,3,3,0.22,0.11,16:34,,,,,,,,,,,,,3,0,0,2,-,1,6.0
若松,04R,6,5138.0,村本大成,福岡,B2,3.96,3.22,0.00,0,0.00,0,0.00,0,0.20,4.1,0.29,5.0,0.0,0,0.0,0,0.0,0.0,3.0,-,,0.5,0.25,C,4,3,0.08,0.19,16:34,6,5,5,,4,,6,,,,,,0,0,0,0,0,-,0.0
若松,05R,1,4737.0,竹井貴史,福岡,A2,7.75,6.74,0.70,50,0.15,11,0.01,1,0.18,4.1,0.14,3.0,0.04,3,0.13,10,0.07,5.0,3.2,C,,0.38,0.28,C,4,3,0.12,0.28,16:58,5,5,1,2,,,1,3,,,,,-,22,15,11,6,0,54.0
若松,05R,2,4364.0,池永太,福岡,A1,6.33,6.9,0.24,11,0.22,10,0.17,8,0.13,2.8,0.14,2.0,0.1,5,0.12,6,0.0,,4.4,C,,0.463,0.259,B,4,4,0.33,0.12,16:58,3,1,6,2,2,,5,2,,,,,4,-,7,0,1,0,12.0
若松,05R,3,4272.0,大場広孝,福岡,B1,4.65,5.02,0.08,4,0.20,10,0.27,13,0.15,2.9,0.23,3.4,0.0,0,0.04,2,0.04,2.0,3.0,-,,0.176,0.118,C,3,3,0.20,0.04,16:58,1,3,4,,5,,4,,,,,,1,1,-,2,0,0,4.0
若松,05R,4,4566.0,塩田北斗,福岡,A1,6.34,7.23,0.11,6,0.15,8,0.20,11,0.13,2.8,0.17,2.4,0.0,0,0.05,3,0.05,3.0,5.0,B+,,0.367,0.306,A,5,4,0.32,0.05,16:58,1,2,2,4,5,2,2,,,,,,3,1,2,-,1,0,7.0
若松,05R,5,5053.0,山口広樹,福岡,B1,4.22,4.83,0.07,3,0.11,5,0.07,3,0.17,3.3,0.22,5.0,0.0,0,0.0,0,0.02,1.0,4.0,B+,未消化F,0.444,0.185,C,4,3,0.21,0.21,16:58,,,,,,,,,,,,,0,0,1,1,-,0,2.0
若松,05R,6,5303.0,土井歩夢,福岡,B1,5.5,4.56,0.00,0,0.10,4,0.22,9,0.18,3.7,0.17,3.1,0.0,0,0.0,0,0.0,0.0,3.8,B+,,0.462,0.308,B,4,4,0.19,0.19,16:58,2,,3,5,4,,1,5,,,,,0,0,0,0,0,-,0.0
若松,06R,1,4403.0,木下大將,福岡,A2,5.97,6.23,0.57,24,0.19,8,0.07,3,0.14,2.2,0.13,3.5,0.09,4,0.09,4,0.14,6.0,4.4,A+,,0.28,0.36,C,3,4,0.50,0.07,17:23,2,4,6,,1,,3,1,,,,,-,10,7,6,2,1,26.0
若松,06R,2,4729.0,佐藤謙史朗,福岡,B2,4.09,4.94,0.06,2,0.19,6,0.19,6,0.19,3.8,0.25,3.8,0.03,1,0.03,1,0.0,,2.8,-,,0.0,0.5,C,4,3,0.09,0.13,17:23,6,6,2,,6,,6,,,,,,1,-,0,1,0,0,2.0
若松,06R,3,5022.0,伊藤尚汰,福岡,B1,4.0,4.68,0.05,2,0.08,3,0.16,6,0.17,3.6,0.16,3.4,0.0,0,0.03,1,0.0,0.0,3.8,C,,0.2,0.2,D,3,2,0.06,0.08,17:23,3,2,4,,6,,5,,,,,,0,0,-,1,0,0,1.0
若松,06R,4,3742.0,宮地秀祈,福岡,B1,4.45,4.34,0.03,1,0.10,4,0.13,5,0.18,3.6,0.17,2.5,0.0,0,0.0,0,0.02,1.0,3.4,A,,0.222,0.111,C,3,3,0.05,0.15,17:23,3,,3,3,1,5,5,,,,,,1,0,0,-,0,0,1.0
若松,06R,5,4942.0,柴田朋哉,福岡,A2,4.87,5.29,0.05,2,0.07,3,0.35,15,0.13,2.4,0.17,3.6,0.0,0,0.0,0,0.06,2.0,4.2,B+,,0.5,0.143,C,4,3,0.50,0.08,17:23,,,,,,,,,,,,,0,0,0,2,-,0,2.0
若松,06R,6,4545.0,岡村慶太,福岡,A1,7.13,7.6,0.07,4,0.13,8,0.33,20,0.15,3.1,0.16,2.8,0.03,2,0.0,0,0.02,1.0,4.8,A+,,0.357,0.357,B,4,4,0.21,0.10,17:23,2,3,1,1,,,2,1,,,,,0,0,2,1,1,-,4.0
若松,07R,1,4102.0,益田啓司,福岡,A1,6.59,7.15,0.76,50,0.12,8,0.05,3,0.14,2.6,0.19,2.3,0.08,5,0.03,2,0.08,5.0,3.8,-,,0.354,0.333,B,4,4,0.33,0.05,17:52,3,1,6,4,1,,3,,,,,,-,18,17,7,7,1,50.0
若松,07R,2,5073.0,上原健次郎,福岡,A2,5.52,5.69,0.21,11,0.21,11,0.25,13,0.17,3.8,0.23,4.0,0.19,10,0.02,1,0.0,,4.6,A,,0.667,0.2,B,4,4,0.04,0.17,17:52,1,4,1,4,1,,4,6,,,,,7,-,1,2,2,0,12.0
若松,07R,3,5223.0,森清友翔,福岡,B1,4.71,3.12,0.04,2,0.21,12,0.20,11,0.17,3.6,0.15,2.4,0.0,0,0.02,1,0.02,1.0,4.0,C,,0.083,0.417,C,3,3,0.09,0.10,17:52,S,4,1,,6,4,2,3,,,,,3,0,-,0,0,0,3.0
若松,07R,4,5102.0,原田雄次,福岡,B1,3.87,4.86,0.02,1,0.13,6,0.15,7,0.22,4.1,0.16,3.4,0.0,0,0.02,1,0.0,0.0,5.2,S,,0.381,0.143,A,5,4,0.05,0.21,17:52,2,,1,6,3,,1,,,,,,0,0,1,-,0,0,1.0
若松,07R,5,3869.0,井芹大志,福岡,B1,3.78,4.48,0.00,0,0.08,4,0.17,9,0.17,3.8,0.15,2.6,0.0,0,0.0,0,0.02,1.0,3.2,B+,,0.188,0.062,C,4,3,0.06,0.15,17:52,,,,,,,,,,,,,0,0,0,1,-,0,1.0
若松,07R,6,5160.0,藤森陸斗,福岡,A2,5.74,4.55,0.04,2,0.04,2,0.15,7,0.18,3.7,0.21,3.6,0.0,0,0.0,0,0.04,2.0,3.6,B+,,0.217,0.435,C,3,3,0.16,0.22,17:52,6,3,3,4,,,4,1,,,,,1,0,1,0,0,-,2.0
若松,08R,1,4607.0,鶴田勇雄,福岡,A2,5.42,5.84,0.57,34,0.22,13,0.12,7,0.16,2.9,0.19,3.5,0.11,7,0.2,12,0.11,7.0,2.8,B+,,0.406,0.312,C,3,3,0.43,0.18,18:21,4,5,4,,3,,2,5,,,,,-,14,11,4,5,1,35.0
若松,08R,2,4504.0,前田将太,福岡,A1,6.15,7.62,0.12,7,0.27,16,0.20,12,0.17,3.7,0.17,3.8,0.05,3,0.07,4,0.0,,2.8,C,,0.25,0.269,C,3,4,0.19,0.31,18:21,5,6,2,,3,,4,2,,,,,4,-,1,2,0,0,7.0
若松,08R,3,5012.0,加倉侑征,福岡,A2,5.67,4.46,0.16,9,0.24,14,0.19,11,0.12,2.3,0.16,4.1,0.02,1,0.05,3,0.08,5.0,2.4,-,隠F,0.259,0.259,C,3,3,0.40,0.02,18:21,4,,3,6,4,,5,6,,,,,5,1,-,2,3,0,11.0
若松,08R,4,5105.0,富田恕生,福岡,B1,4.63,5.03,0.05,2,0.05,2,0.28,11,0.18,3.8,0.16,3.8,0.0,0,0.0,0,0.02,1.0,2.4,C,,0.417,0.25,C,3,3,0.15,0.21,18:21,1,,6,S,5,4,6,4,,,,,0,2,0,-,0,0,2.0
若松,08R,5,4697.0,國弘翔平,福岡,B1,4.3,4.19,0.00,0,0.17,8,0.11,5,0.18,3.7,0.21,3.8,0.0,0,0.0,0,0.0,0.0,2.4,-,,0.167,0.583,C,3,3,0.12,0.08,18:21,,,,,,,,,,,,,0,0,0,0,-,0,0.0
若松,08R,6,5426.0,甲斐貴大,福岡,B2,1.26,1.0,0.00,0,0.00,0,0.00,0,0.20,3.9,0.26,4.0,0.0,0,0.0,0,0.0,0.0,3.8,A,,0.0,0.0,B,4,4,0.25,0.37,18:21,5,,6,6,5,,5,4,,,,,,,,,,-,
若松,09R,1,4350.0,篠崎元志,福岡,A1,7.76,6.76,0.80,61,0.08,6,0.04,3,0.13,2.4,0.22,3.4,0.05,4,0.08,6,0.05,4.0,3.0,-,,0.373,0.322,C,3,3,0.37,0.08,18:51,4,1,2,1,4,,1,1,,,,,-,25,20,11,5,2,63.0
若松,09R,2,3783.0,瓜生正義,福岡,A1,6.82,8.29,0.26,12,0.26,12,0.15,7,0.14,3.7,0.19,3.0,0.16,8,0.06,3,0.0,,4.0,-,,0.387,0.355,C,3,3,0.14,0.20,18:51,2,5,2,,2,,2,1,,,,,6,-,3,2,1,1,13.0
若松,09R,3,3898.0,平田忠則,福岡,A1,7.0,6.53,0.24,12,0.37,19,0.16,8,0.14,2.8,0.17,3.6,0.02,1,0.13,7,0.05,3.0,2.6,-,,0.298,0.34,D,2,3,0.29,0.09,18:51,3,,5,1,2,,1,3,,,,,5,2,-,2,3,1,13.0
若松,09R,4,4737.0,竹井貴史,福岡,A2,7.75,6.74,0.22,8,0.32,12,0.19,7,0.15,2.9,0.14,3.0,0.06,3,0.11,5,0.04,2.0,3.2,C,,0.38,0.28,C,4,3,0.19,0.11,18:51,5,5,1,2,,,1,3,,,,,1,2,1,-,7,0,11.0
若松,09R,5,4364.0,池永太,福岡,A1,6.33,6.9,0.11,5,0.17,8,0.11,5,0.13,2.5,0.14,2.0,0.0,0,0.05,3,0.05,3.0,4.4,C,,0.463,0.259,B,4,4,0.33,0.04,18:51,,,,,,,,,,,,,1,0,1,3,-,1,6.0
若松,09R,6,3662.0,大庭元明,福岡,B1,5.09,5.0,0.00,0,0.10,5,0.16,8,0.17,3.5,0.21,4.3,0.0,0,0.04,2,0.0,0.0,3.2,B+,隠F,0.258,0.258,B,3,5,0.27,0.23,18:51,3,4,1,5,3,,2,,,,,,0,1,0,0,1,-,2.0
若松,10R,1,4287.0,今井貴士,福岡,A1,5.55,6.36,0.72,47,0.15,10,0.08,5,0.16,2.7,0.14,1.6,0.06,4,0.08,5,0.08,5.0,3.0,C,,0.298,0.362,C,3,4,0.35,0.06,19:23,1,4,2,3,1,,2,,,,,,-,15,16,6,10,2,49.0
若松,10R,2,4614.0,石倉洋行,福岡,A1,6.2,6.13,0.24,12,0.30,15,0.12,6,0.14,2.7,0.13,2.1,0.17,9,0.06,3,0.0,,4.2,C,,0.373,0.373,B,4,4,0.38,0.11,19:23,3,2,1,,3,,1,6,,,,,7,-,4,2,1,1,15.0
若松,10R,3,4566.0,塩田北斗,福岡,A1,6.34,7.23,0.16,9,0.25,14,0.25,14,0.15,3.1,0.17,2.4,0.0,0,0.02,1,0.17,11.0,5.0,B+,,0.367,0.306,A,5,4,0.14,0.08,19:23,1,2,2,4,5,2,2,,,,,,10,1,-,0,1,0,12.0
若松,10R,4,4413.0,水摩敦,福岡,A2,5.82,6.39,0.11,6,0.18,10,0.18,10,0.18,3.5,0.21,3.0,0.04,2,0.06,3,0.0,0.0,5.0,A,,0.255,0.353,A,5,4,0.15,0.11,19:23,2,3,2,3,4,,2,4,,,,,3,1,1,-,0,0,5.0
若松,10R,5,4136.0,江夏満,福岡,A1,6.64,7.27,0.05,2,0.27,11,0.29,12,0.18,3.8,0.18,4.6,0.0,0,0.0,0,0.09,4.0,2.6,B+,,0.271,0.312,C,3,3,0.07,0.09,19:23,,,,,,,,,,,,,3,1,0,1,-,0,5.0
若松,10R,6,4403.0,木下大將,福岡,A2,5.97,6.23,0.00,0,0.05,2,0.08,3,0.17,3.4,0.13,3.5,0.0,0,0.0,0,0.0,0.0,4.4,A+,,0.28,0.36,C,3,4,0.22,0.16,19:23,2,4,6,,1,,3,1,,,,,0,0,0,0,0,-,0.0
若松,11R,1,4545.0,岡村慶太,福岡,A1,7.13,7.6,0.86,63,0.03,2,0.00,0,0.14,2.5,0.16,2.8,0.06,4,0.04,3,0.04,3.0,4.8,A+,,0.357,0.357,B,4,4,0.38,0.03,19:54,2,3,1,1,,,2,1,,,,,-,22,21,9,8,2,62.0
若松,11R,2,4330.0,奈須啓太,福岡,A2,5.98,5.43,0.18,8,0.18,8,0.20,9,0.12,2.1,0.16,2.1,0.13,6,0.04,2,0.0,,4.0,B+,,0.211,0.395,C,3,3,0.53,0.02,19:54,2,,1,3,2,,4,2,,,,,2,-,4,1,1,0,8.0
若松,11R,3,3853.0,岩崎正哉,福岡,B1,5.78,5.69,0.13,8,0.21,13,0.21,13,0.19,3.6,0.23,4.8,0.0,0,0.02,1,0.1,6.0,3.2,A,,0.342,0.368,C,3,3,0.10,0.11,19:54,1,,4,2,1,,3,4,,,,,4,1,-,1,1,0,7.0
若松,11R,4,4102.0,益田啓司,福岡,A1,6.59,7.15,0.31,17,0.09,5,0.13,7,0.15,2.8,0.19,2.3,0.04,2,0.2,10,0.06,3.0,3.8,-,,0.354,0.333,B,4,4,0.29,0.08,19:54,3,1,6,4,1,,3,,,,,,2,5,4,-,6,0,17.0
若松,11R,5,5073.0,上原健次郎,福岡,A2,5.52,5.69,0.05,2,0.26,10,0.23,9,0.15,3.5,0.23,4.0,0.0,0,0.0,0,0.0,0.0,4.6,A,,0.667,0.2,B,4,4,0.13,0.11,19:54,,,,,,,,,,,,,0,0,0,1,-,0,1.0
若松,11R,6,5177.0,松井貫太,福岡,B1,4.04,3.29,0.03,1,0.00,0,0.11,4,0.21,4.6,0.18,3.3,0.03,1,0.0,0,0.0,0.0,5.0,S,,0.167,0.333,A,5,5,0.06,0.34,19:54,1,5,4,,4,,2,3,,,,,0,0,0,0,1,-,1.0
若松,12R,1,4942.0,柴田朋哉,福岡,A2,4.87,5.29,0.41,15,0.24,9,0.11,4,0.15,3.0,0.17,3.6,0.13,5,0.26,10,0.13,5.0,4.2,B+,,0.5,0.143,C,4,3,0.24,0.16,20:34,1,,3,5,3,,5,3,,,,,-,8,2,3,2,1,16.0
若松,12R,2,5207.0,高山敬悟,福岡,B1,4.77,4.21,0.11,4,0.13,5,0.05,2,0.18,4.0,0.22,3.0,0.03,1,0.05,2,0.0,,2.8,C,,0.1,0.1,D,3,2,0.05,0.24,20:34,4,,3,5,5,,3,1,,,,,0,-,1,2,0,0,3.0
若松,12R,3,5303.0,土井歩夢,福岡,B1,5.5,4.56,0.04,2,0.18,9,0.32,16,0.17,3.6,0.17,3.1,0.0,0,0.0,0,0.02,1.0,3.8,B+,,0.462,0.308,B,4,4,0.13,0.15,20:34,2,,3,5,4,,1,5,,,,,1,0,-,0,0,0,1.0
若松,12R,4,4272.0,大場広孝,福岡,B1,4.65,5.02,0.08,4,0.06,3,0.27,13,0.17,3.6,0.23,3.4,0.04,2,0.0,0,0.04,2.0,3.0,-,,0.176,0.118,C,3,3,0.11,0.15,20:34,1,3,4,,5,,4,,,,,,3,0,0,-,0,1,4.0
若松,12R,5,4504.0,前田将太,福岡,A1,6.15,7.62,0.14,7,0.16,8,0.14,7,0.12,3.3,0.17,3.8,0.0,0,0.04,2,0.06,3.0,2.8,C,,0.25,0.269,C,3,4,0.23,0.11,20:34,,,,,,,,,,,,,0,1,1,4,-,1,7.0
若松,12R,6,5008.0,羽野諒,福岡,B1,4.71,4.3,0.00,0,0.03,1,0.14,5,0.14,3.0,0.17,2.3,0.0,0,0.0,0,0.0,0.0,4.2,B+,,0.286,0.357,B,4,4,0.20,0.06,20:34,5,2,5,3,2,,6,,,,,,0,0,0,0,0,-,0.0
徳山,01R,1,4348.0,宮崎奨,香川,A2,5.61,6.64,0.55,38,0.28,19,0.06,4,0.16,2.7,-,-,0.09,6,0.18,12,0.15,10.0,4.4,S,,0.278,0.5,#N/A!,#N/A!,#N/A!,0.31,0.04,08:40,,,,,,,,,,,,,-,10,18,3,4,2,37.0
徳山,01R,2,3680.0,森林太,長崎,B1,4.41,4.93,0.02,1,0.22,11,0.16,8,0.22,4.6,-,-,0.0,0,0.0,0,0.0,,3.8,A,,0.154,0.308,#N/A!,#N/A!,#N/A!,0.02,0.34,08:40,,,,,,,,,,,,,0,-,0,0,1,0,1.0
徳山,01R,3,5148.0,松本怜,福岡,B1,5.53,5.13,0.13,5,0.08,3,0.33,13,0.20,3.3,-,-,0.0,0,0.05,2,0.05,2.0,3.2,B+,,0.154,0.385,#N/A!,#N/A!,#N/A!,0.18,0.05,08:40,,,,,,,,,,,,,3,0,-,0,2,1,6.0
徳山,01R,4,4179.0,広次修,山口,B1,5.79,5.68,0.02,1,0.28,14,0.24,12,0.15,2.6,-,-,0.0,0,0.0,0,0.02,1.0,2.8,-,,0.424,0.273,C,3,4,0.24,0.04,08:40,,,,,,,,,,,,,0,0,0,-,0,1,1.0
徳山,01R,5,4956.0,齊藤大将,東京,B2,4.51,0.0,0.02,1,0.12,5,0.17,7,0.18,3.8,-,-,0.0,0,0.0,0,0.02,1.0,2.8,-,隠F,0.333,0.333,#N/A!,#N/A!,#N/A!,0.12,0.09,08:40,,,,,,,,,,,,,0,0,0,0,-,1,1.0
徳山,01R,6,3708.0,岡部貴司,岡山,B1,4.95,5.43,0.00,0,0.08,3,0.10,4,0.16,3.5,-,-,0.0,0,0.0,0,0.0,0.0,2.4,C,,0.176,0.471,#N/A!,#N/A!,#N/A!,0.21,0.21,08:40,,,,,,,,,,,,,0,0,0,0,0,-,0.0
徳山,02R,1,3813.0,佐藤大介,愛知,A1,6.52,6.7,0.74,50,0.13,9,0.07,5,0.13,2.5,-,-,0.11,8,0.08,6,0.06,4.0,3.0,C,隠F,0.375,0.229,#N/A!,#N/A!,#N/A!,0.38,0.07,09:06,,,,,,,,,,,,,-,22,12,6,11,2,53.0
徳山,02R,2,4523.0,中村辰也,長崎,A2,5.86,5.44,0.15,7,0.27,13,0.13,6,0.14,3.1,-,-,0.04,2,0.06,3,0.0,,3.6,-,,0.636,0.212,#N/A!,#N/A!,#N/A!,0.19,0.04,09:06,,,,,,,,,,,,,3,-,2,1,1,0,7.0
徳山,02R,3,3955.0,眞田英二,徳島,B1,4.94,4.76,0.09,4,0.27,12,0.09,4,0.18,3.7,-,-,0.0,0,0.02,1,0.02,1.0,3.2,A+,,0.5,0.286,#N/A!,#N/A!,#N/A!,0.11,0.21,09:06,,,,,,,,,,,,,2,0,-,1,0,0,3.0
徳山,02R,4,4831.0,羽野直也,福岡,A1,7.15,7.25,0.05,2,0.23,9,0.44,17,0.14,3.3,-,-,0.02,1,0.0,0,0.05,2.0,3.0,-,,0.308,0.333,#N/A!,#N/A!,#N/A!,0.10,0.07,09:06,,,,,,,,,,,,,1,1,1,-,0,0,3.0
徳山,02R,5,4883.0,岡部大輝,東京,B1,6.05,4.08,0.09,3,0.20,7,0.20,7,0.15,3.2,-,-,0.0,0,0.0,0,0.07,3.0,2.0,-,,0.273,0.273,#N/A!,#N/A!,#N/A!,0.16,0.09,09:06,,,,,,,,,,,,,1,2,0,0,-,0,3.0
徳山,02R,6,4031.0,飯島誠,埼玉,B1,4.66,4.12,0.03,1,0.03,1,0.14,5,0.19,4.1,-,-,0.0,0,0.0,0,0.02,1.0,3.0,B+,,0.214,0.286,#N/A!,#N/A!,#N/A!,0.12,0.32,09:06,,,,,,,,,,,,,0,1,0,0,0,-,1.0
徳山,03R,1,4052.0,興津藍,徳島,A2,5.96,5.81,0.73,46,0.11,7,0.03,2,0.15,3.0,-,-,0.12,8,0.08,5,0.06,4.0,2.0,B+,,0.311,0.222,#N/A!,#N/A!,#N/A!,0.32,0.17,09:32,,,,,,,,,,,,,-,16,10,9,8,5,48.0
徳山,03R,2,3731.0,高濱芳久,広島,B1,4.9,5.0,0.12,6,0.27,13,0.18,9,0.20,4.1,-,-,0.1,7,0.0,0,0.0,,2.2,-,,0.542,0.25,#N/A!,#N/A!,#N/A!,0.06,0.28,09:32,,,,,,,,,,,,,7,-,0,1,0,0,8.0
徳山,03R,3,3551.0,藤田美代,福岡,B1,3.25,3.69,0.06,2,0.00,0,0.14,5,0.20,4.2,-,-,0.0,0,0.0,0,0.0,0.0,2.2,-,,0.625,0.0,#N/A!,#N/A!,#N/A!,0.06,0.27,09:32,,,,,,,,,,,,,2,0,-,0,0,0,2.0
徳山,03R,4,3350.0,藤本佳史,山口,A2,4.88,5.51,0.04,2,0.16,8,0.24,12,0.16,3.2,-,-,0.02,1,0.02,1,0.0,0.0,3.4,A+,,0.407,0.259,#N/A!,#N/A!,#N/A!,0.14,0.06,09:32,,,,,,,,,,,,,1,0,1,-,0,0,2.0
徳山,03R,5,3863.0,海老澤泰行,東京,B1,4.89,0.0,0.05,2,0.13,5,0.13,5,0.19,3.5,-,-,0.0,0,0.0,0,0.02,1.0,2.4,B+,,0.385,0.231,#N/A!,#N/A!,#N/A!,0.17,0.17,09:32,,,,,,,,,,,,,0,0,1,0,-,0,1.0
徳山,03R,6,4477.0,篠崎仁志,福岡,A1,7.4,6.53,0.06,3,0.19,9,0.28,13,0.15,3.6,-,-,0.02,1,0.0,0,0.0,0.0,4.4,S,,0.309,0.255,#N/A!,#N/A!,#N/A!,0.10,0.19,09:32,,,,,,,,,,,,,0,1,0,0,0,-,1.0
徳山,04R,1,4643.0,近江翔吾,香川,A1,6.59,6.87,0.78,53,0.07,5,0.06,4,0.13,2.1,-,-,0.08,5,0.05,3,0.05,3.0,3.2,-,,0.25,0.327,#N/A!,#N/A!,#N/A!,0.55,0.06,09:58,,,,,,,,,,,,,-,13,17,15,5,2,52.0
徳山,04R,2,4225.0,土屋千明,群馬,A2,6.03,6.1,0.20,9,0.34,15,0.32,14,0.14,2.7,-,-,0.19,8,0.0,0,0.0,,2.4,C,隠F,0.387,0.258,#N/A!,#N/A!,#N/A!,0.28,0.05,09:58,,,,,,,,,,,,,7,-,0,0,0,2,9.0
徳山,04R,3,3977.0,山本兼士,大阪,B1,4.63,3.94,0.08,4,0.13,7,0.21,11,0.16,3.0,-,-,0.02,1,0.06,3,0.0,0.0,4.0,A,,0.167,0.25,#N/A!,#N/A!,#N/A!,0.17,0.14,09:58,,,,,,,,,,,,,1,2,-,0,1,0,4.0
徳山,04R,4,3800.0,牧宏次,東京,B1,5.19,5.13,0.10,4,0.25,10,0.20,8,0.15,3.2,-,-,0.02,1,0.02,1,0.02,1.0,2.2,C,,0.348,0.174,#N/A!,#N/A!,#N/A!,0.21,0.05,09:58,,,,,,,,,,,,,1,1,1,-,0,0,3.0
徳山,04R,5,3372.0,加藤雅之,広島,B1,3.13,3.37,0.00,0,0.04,1,0.07,2,0.21,4.8,-,-,0.0,0,0.0,0,0.0,0.0,4.4,A,,0.667,0.333,#N/A!,#N/A!,#N/A!,0.00,0.32,09:58,,,,,,,,,,,,,0,0,0,0,-,0,0.0
徳山,04R,6,3838.0,伊藤啓三,埼玉,B1,5.54,6.06,0.02,1,0.13,6,0.11,5,0.16,3.6,-,-,0.0,0,0.0,0,0.0,0.0,2.7,-,,0.25,0.208,#N/A!,#N/A!,#N/A!,0.19,0.19,09:58,,,,,,,,,,,,,0,1,0,0,0,-,1.0
徳山,05R,1,3568.0,木村光宏,香川,B1,4.27,5.12,0.37,13,0.26,9,0.06,2,0.16,3.1,-,-,0.26,9,0.14,5,0.11,4.0,2.0,A,,0.333,0.167,#N/A!,#N/A!,#N/A!,0.26,0.14,10:25,,,,,,,,,,,,,-,3,3,2,5,0,13.0
徳山,05R,2,4513.0,河野真也,福岡,A2,5.59,6.16,0.11,6,0.28,15,0.19,10,0.18,3.8,-,-,0.04,2,0.06,3,0.0,,2.6,-,,0.3,0.467,#N/A!,#N/A!,#N/A!,0.06,0.20,10:25,,,,,,,,,,,,,3,-,1,0,0,1,5.0
徳山,05R,3,3656.0,伯母芳恒,東京,B1,5.16,5.0,0.02,1,0.32,15,0.17,8,0.16,3.2,-,-,0.0,0,0.0,0,0.0,0.0,3.0,B+,,0.429,0.214,#N/A!,#N/A!,#N/A!,0.09,0.09,10:25,,,,,,,,,,,,,1,0,-,0,0,0,1.0
徳山,05R,4,3942.0,寺田祥,山口,A1,7.09,7.01,0.17,7,0.21,9,0.24,10,0.14,3.4,-,-,0.0,0,0.04,2,0.06,3.0,2.2,C,,0.465,0.256,#N/A!,#N/A!,#N/A!,0.18,0.10,10:25,,,,,,,,,,,,,3,1,0,-,1,0,5.0
徳山,05R,5,3957.0,大谷直弘,愛知,B1,5.38,4.9,0.02,1,0.06,3,0.18,9,0.19,4.0,-,-,0.0,0,0.0,0,0.02,1.0,2.0,-,,0.235,0.353,#N/A!,#N/A!,#N/A!,0.02,0.13,10:25,,,,,,,,,,,,,1,0,0,0,-,0,1.0
徳山,05R,6,5413.0,宮城那菜,福岡,B2,1.89,1.33,0.00,0,0.00,0,0.01,1,0.15,3.0,-,-,0.0,0,0.0,0,0.0,0.0,2.8,C,,0.0,0.0,#N/A!,#N/A!,#N/A!,0.36,0.15,10:25,,,,,,,,,,,,,0,0,0,0,0,-,0.0
徳山,06R,1,3775.0,泉啓文,岡山,B1,4.3,2.6,0.31,12,0.36,14,0.15,6,0.16,3.1,-,-,0.31,12,0.05,2,0.18,7.0,2.6,-,,0.5,0.167,#N/A!,#N/A!,#N/A!,0.23,0.10,10:57,,,,,,,,,,,,,-,6,1,0,4,1,12.0
徳山,06R,2,4437.0,中田元泰,香川,A1,5.87,6.65,0.20,11,0.49,27,0.04,2,0.15,3.4,-,-,0.11,6,0.07,4,0.0,,3.4,S,,0.302,0.321,#N/A!,#N/A!,#N/A!,0.22,0.15,10:57,,,,,,,,,,,,,5,-,2,2,1,0,10.0
徳山,06R,3,4883.0,岡部大輝,東京,B1,6.05,4.08,0.12,6,0.20,10,0.14,7,0.15,3.0,-,-,0.0,0,0.04,2,0.09,4.0,2.0,-,,0.273,0.273,#N/A!,#N/A!,#N/A!,0.22,0.09,10:57,,,,,,,,,,,,,3,1,-,1,1,0,6.0
徳山,06R,4,5148.0,松本怜,福岡,B1,5.53,5.13,0.09,3,0.29,10,0.15,5,0.20,4.0,-,-,0.03,1,0.03,1,0.0,0.0,3.2,B+,,0.154,0.385,#N/A!,#N/A!,#N/A!,0.05,0.11,10:57,,,,,,,,,,,,,1,1,1,-,0,0,3.0
徳山,06R,5,3507.0,藤井徹,大阪,B1,4.53,4.94,0.03,1,0.00,0,0.20,6,0.22,4.3,-,-,0.0,0,0.0,0,0.03,1.0,3.8,C,,0.375,0.5,#N/A!,#N/A!,#N/A!,0.03,0.14,10:57,,,,,,,,,,,,,0,1,0,0,-,0,1.0
徳山,06R,6,4544.0,松田大志郎,福岡,A1,7.78,6.48,0.10,6,0.25,15,0.19,11,0.18,4.1,-,-,0.02,1,0.02,1,0.04,2.0,2.4,C,,0.321,0.346,#N/A!,#N/A!,#N/A!,0.13,0.27,10:57,,,,,,,,,,,,,2,0,1,0,1,-,4.0
徳山,07R,1,3955.0,眞田英二,徳島,B1,4.94,4.76,0.41,14,0.24,8,0.18,6,0.17,3.8,-,-,0.26,9,0.14,5,0.17,6.0,3.2,A+,,0.5,0.286,#N/A!,#N/A!,#N/A!,0.11,0.23,11:27,,,,,,,,,,,,,-,7,5,2,1,0,15.0
徳山,07R,2,4592.0,小林孝弘,山口,B1,4.48,5.07,0.08,4,0.24,12,0.27,13,0.17,3.1,-,-,0.04,2,0.0,0,0.0,,2.8,-,,0.583,0.25,#N/A!,#N/A!,#N/A!,0.13,0.13,11:27,,,,,,,,,,,,,3,-,0,1,0,0,4.0
徳山,07R,3,5330.0,安河内鈴之介,福岡,A2,6.07,2.78,0.14,7,0.22,11,0.10,5,0.14,2.8,-,-,0.04,2,0.02,1,0.12,6.0,2.4,C,,0.167,0.533,#N/A!,#N/A!,#N/A!,0.35,0.10,11:27,,,,,,,,,,,,,7,3,-,0,0,0,10.0
徳山,07R,4,4348.0,宮崎奨,香川,A2,5.61,6.64,0.05,3,0.23,13,0.33,19,0.18,3.7,-,-,0.02,1,0.0,0,0.02,1.0,4.4,S,,0.278,0.5,#N/A!,#N/A!,#N/A!,0.05,0.13,11:27,,,,,,,,,,,,,0,1,0,-,1,0,2.0
徳山,07R,5,4736.0,高倉和士,福岡,A1,6.49,6.82,0.15,8,0.10,5,0.23,12,0.13,2.4,-,-,0.0,0,0.0,0,0.11,6.0,5.2,S,,0.452,0.262,#N/A!,#N/A!,#N/A!,0.40,0.06,11:27,,,,,,,,,,,,,2,3,1,0,-,2,8.0
徳山,07R,6,5444.0,林風音,愛知,B2,1.48,0.0,0.00,0,0.02,1,0.00,0,0.19,4.0,-,-,0.0,0,0.0,0,0.0,0.0,2.8,C,,0.0,0.0,#N/A!,#N/A!,#N/A!,0.17,0.33,11:27,,,,,,,,,,,,,,,,,,-,
徳山,08R,1,3340.0,池田雷太,東京,B1,4.76,5.68,0.43,22,0.18,9,0.12,6,0.17,3.4,-,-,0.31,15,0.18,9,0.06,3.0,3.0,A,,0.263,0.421,#N/A!,#N/A!,#N/A!,0.22,0.12,12:00,,,,,,,,,,,,,-,5,7,6,2,0,20.0
徳山,08R,2,3708.0,岡部貴司,岡山,B1,4.95,5.43,0.10,5,0.20,10,0.20,10,0.15,2.5,-,-,0.04,2,0.0,0,0.0,,2.4,C,,0.176,0.471,#N/A!,#N/A!,#N/A!,0.30,0.06,12:00,,,,,,,,,,,,,1,-,0,2,1,0,4.0
徳山,08R,3,4240.0,今井裕梨,群馬,A2,5.86,0.0,0.15,8,0.29,15,0.23,12,0.14,2.6,-,-,0.02,1,0.04,2,0.08,4.0,4.0,C,,0.257,0.257,#N/A!,#N/A!,#N/A!,0.31,0.00,12:00,,,,,,,,,,,,,4,1,-,1,1,2,9.0
徳山,08R,4,3813.0,佐藤大介,愛知,A1,6.52,6.7,0.10,5,0.28,14,0.20,10,0.17,3.4,-,-,0.0,0,0.02,1,0.06,3.0,3.0,C,隠F,0.375,0.229,#N/A!,#N/A!,#N/A!,0.12,0.10,12:00,,,,,,,,,,,,,2,1,2,-,0,0,5.0
徳山,08R,5,4367.0,山口修路,福岡,B1,3.78,4.44,0.03,1,0.11,4,0.28,10,0.22,4.2,-,-,0.03,1,0.0,0,0.0,0.0,3.4,-,,0.714,0.143,#N/A!,#N/A!,#N/A!,0.08,0.24,12:00,,,,,,,,,,,,,0,0,0,1,-,0,1.0
徳山,08R,6,4514.0,上條嘉嗣,大阪,A1,6.5,7.24,0.02,1,0.17,9,0.35,19,0.21,4.4,-,-,0.02,1,0.0,0,0.0,0.0,3.6,B+,,0.306,0.371,#N/A!,#N/A!,#N/A!,0.10,0.42,12:00,,,,,,,,,,,,,0,0,0,1,0,-,1.0
徳山,09R,1,3350.0,藤本佳史,山口,A2,4.88,5.51,0.55,29,0.17,9,0.08,4,0.15,2.9,-,-,0.08,4,0.06,3,0.21,11.0,3.4,A+,,0.407,0.259,#N/A!,#N/A!,#N/A!,0.32,0.13,12:34,,,,,,,,,,,,,-,10,8,4,5,2,29.0
徳山,09R,2,4956.0,齊藤大将,東京,B2,4.51,0.0,0.00,0,0.18,6,0.26,9,0.17,3.4,-,-,0.0,0,0.0,0,0.0,,2.8,-,隠F,0.333,0.333,#N/A!,#N/A!,#N/A!,0.11,0.14,12:34,,,,,,,,,,,,,0,-,0,0,0,0,0.0
徳山,09R,3,4831.0,羽野直也,福岡,A1,7.15,7.25,0.27,10,0.22,8,0.16,6,0.13,2.5,-,-,0.03,1,0.03,1,0.24,9.0,3.0,-,,0.308,0.333,#N/A!,#N/A!,#N/A!,0.29,0.05,12:34,,,,,,,,,,,,,5,5,-,0,1,0,11.0
徳山,09R,4,3838.0,伊藤啓三,埼玉,B1,5.54,6.06,0.05,2,0.10,4,0.15,6,0.14,2.9,-,-,0.03,1,0.0,0,0.0,0.0,2.7,-,,0.25,0.208,#N/A!,#N/A!,#N/A!,0.20,0.08,12:34,,,,,,,,,,,,,0,0,0,-,1,0,1.0
徳山,09R,5,5254.0,羽田妃希,愛知,B1,4.0,1.22,0.00,0,0.11,4,0.14,5,0.20,4.1,-,-,0.0,0,0.0,0,0.0,0.0,2.6,-,隠F,0.6,0.2,#N/A!,#N/A!,#N/A!,0.05,0.28,12:34,,,,,,,,,,,,,0,0,0,0,-,0,0.0
徳山,09R,6,4513.0,河野真也,福岡,A2,5.59,6.16,0.04,2,0.06,3,0.17,9,0.20,4.7,-,-,0.0,0,0.0,0,0.02,1.0,2.6,-,,0.3,0.467,#N/A!,#N/A!,#N/A!,0.02,0.45,12:34,,,,,,,,,,,,,1,0,0,0,0,-,1.0
徳山,10R,1,3656.0,伯母芳恒,東京,B1,5.16,5.0,0.34,14,0.34,14,0.15,6,0.18,4.0,-,-,0.24,10,0.24,10,0.17,7.0,3.0,B+,,0.429,0.214,#N/A!,#N/A!,#N/A!,0.07,0.17,13:05,,,,,,,,,,,,,-,6,5,1,1,2,15.0
徳山,10R,2,4544.0,松田大志郎,福岡,A1,7.78,6.48,0.33,18,0.25,14,0.20,11,0.17,3.7,-,-,0.14,9,0.11,7,0.0,,2.4,C,,0.321,0.346,#N/A!,#N/A!,#N/A!,0.17,0.17,13:05,,,,,,,,,,,,,10,-,2,6,0,1,19.0
徳山,10R,3,4031.0,飯島誠,埼玉,B1,4.66,4.12,0.04,2,0.20,11,0.21,12,0.17,3.4,-,-,0.0,0,0.02,1,0.02,1.0,3.0,B+,,0.214,0.286,#N/A!,#N/A!,#N/A!,0.16,0.16,13:05,,,,,,,,,,,,,2,0,-,0,0,1,3.0
徳山,10R,4,3715.0,倉尾大介,福岡,A2,5.35,5.75,0.02,1,0.29,13,0.33,15,0.18,3.2,-,-,0.02,1,0.0,0,0.0,0.0,3.0,-,,0.286,0.5,#N/A!,#N/A!,#N/A!,0.07,0.02,13:05,,,,,,,,,,,,,1,0,0,-,0,0,1.0
徳山,10R,5,3801.0,五反田忍,大阪,B2,5.0,5.45,0.04,1,0.17,4,0.04,1,0.15,2.5,-,-,0.0,0,0.0,0,0.03,1.0,2.0,-,,0.267,0.267,#N/A!,#N/A!,#N/A!,0.37,0.06,13:05,,,,,,,,,,,,,0,1,0,0,-,0,1.0
徳山,10R,6,3680.0,森林太,長崎,B1,4.41,4.93,0.00,0,0.02,1,0.10,4,0.27,5.3,-,-,0.0,0,0.0,0,0.0,0.0,3.8,A,,0.154,0.308,#N/A!,#N/A!,#N/A!,0.00,0.61,13:05,,,,,,,,,,,,,0,0,0,0,0,-,0.0
徳山,11R,1,3507.0,藤井徹,大阪,B1,4.53,4.94,0.26,8,0.35,11,0.03,1,0.18,3.3,-,-,0.26,8,0.29,9,0.13,4.0,3.8,C,,0.375,0.5,#N/A!,#N/A!,#N/A!,0.16,0.16,13:42,,,,,,,,,,,,,-,3,4,0,0,1,8.0
徳山,11R,2,4179.0,広次修,山口,B1,5.79,5.68,0.17,8,0.21,10,0.19,9,0.17,3.4,-,-,0.16,8,0.0,0,0.0,,2.8,-,,0.424,0.273,C,3,4,0.08,0.14,13:42,,,,,,,,,,,,,4,-,1,3,0,0,8.0
徳山,11R,3,4523.0,中村辰也,長崎,A2,5.86,5.44,0.15,6,0.32,13,0.24,10,0.13,2.9,-,-,0.05,2,0.1,4,0.0,0.0,3.6,-,,0.636,0.212,#N/A!,#N/A!,#N/A!,0.23,0.08,13:42,,,,,,,,,,,,,0,2,-,3,0,1,6.0
徳山,11R,4,4643.0,近江翔吾,香川,A1,6.59,6.87,0.11,6,0.18,10,0.26,15,0.14,2.6,-,-,0.02,1,0.11,6,0.04,2.0,3.2,-,,0.25,0.327,#N/A!,#N/A!,#N/A!,0.38,0.04,13:42,,,,,,,,,,,,,3,2,0,-,4,0,9.0
徳山,11R,5,5330.0,安河内鈴之介,福岡,A2,6.07,2.78,0.15,8,0.19,10,0.17,9,0.14,2.8,-,-,0.0,0,0.06,3,0.06,3.0,2.4,C,,0.167,0.533,#N/A!,#N/A!,#N/A!,0.33,0.08,13:42,,,,,,,,,,,,,1,2,2,0,-,1,6.0
徳山,11R,6,3551.0,藤田美代,福岡,B1,3.25,3.69,0.04,1,0.00,0,0.17,4,0.18,3.7,-,-,0.0,0,0.0,0,0.0,0.0,2.2,-,,0.625,0.0,#N/A!,#N/A!,#N/A!,0.23,0.27,13:42,,,,,,,,,,,,,0,1,0,0,0,-,1.0
徳山,12R,1,3942.0,寺田祥,山口,A1,7.09,7.01,0.58,41,0.17,12,0.06,4,0.16,3.7,-,-,0.11,8,0.12,9,0.12,9.0,2.2,C,,0.465,0.256,#N/A!,#N/A!,#N/A!,0.12,0.19,14:18,,,,,,,,,,,,,-,20,11,10,3,0,44.0
徳山,12R,2,4514.0,上條嘉嗣,大阪,A1,6.5,7.24,0.30,18,0.33,20,0.10,6,0.18,3.9,-,-,0.25,16,0.02,1,0.0,,3.6,B+,,0.306,0.371,#N/A!,#N/A!,#N/A!,0.05,0.19,14:18,,,,,,,,,,,,,13,-,0,1,4,0,18.0
徳山,12R,3,4736.0,高倉和士,福岡,A1,6.49,6.82,0.15,7,0.35,16,0.22,10,0.11,2.4,-,-,0.0,0,0.02,1,0.09,4.0,5.2,S,,0.452,0.262,#N/A!,#N/A!,#N/A!,0.33,0.02,14:18,,,,,,,,,,,,,2,0,-,2,1,1,6.0
徳山,12R,4,4477.0,篠崎仁志,福岡,A1,7.4,6.53,0.14,7,0.31,15,0.27,13,0.13,3.1,-,-,0.07,4,0.05,3,0.02,1.0,4.4,S,,0.309,0.255,#N/A!,#N/A!,#N/A!,0.20,0.10,14:18,,,,,,,,,,,,,5,2,1,-,1,0,9.0
徳山,12R,5,4437.0,中田元泰,香川,A1,5.87,6.65,0.02,1,0.26,14,0.25,13,0.16,3.5,-,-,0.0,0,0.0,0,0.02,1.0,3.4,S,,0.302,0.321,#N/A!,#N/A!,#N/A!,0.17,0.09,14:18,,,,,,,,,,,,,1,0,0,0,-,0,1.0
徳山,12R,6,4225.0,土屋千明,群馬,A2,6.03,6.1,0.02,1,0.17,7,0.24,10,0.17,3.8,-,-,0.03,1,0.0,0,0.0,0.0,2.4,C,隠F,0.387,0.258,#N/A!,#N/A!,#N/A!,0.13,0.18,14:18,,,,,,,,,,,,,0,0,0,1,0,-,1.0
宮島,01R,1,3920.0,正木聖賢,広島,A2,5.1,5.97,0.49,19,0.18,7,0.13,5,0.17,3.3,0.17,4.2,0.07,3,0.27,12,0.16,7.0,3.0,-,,0.3,0.25,C,3,4,0.18,0.13,10:43,3,,4,4,1,1,5,4,4.0,6.0,,,-,6,5,5,4,0,20.0
宮島,01R,2,4563.0,齋藤真之,岡山,B1,4.1,4.31,0.06,3,0.06,3,0.19,9,0.17,2.9,0.21,4.1,0.02,1,0.0,0,0.0,,3.0,C,隠F,0.312,0.312,C,3,4,0.15,0.09,10:43,5,5,5,,4,6,4,,5.0,,,,1,-,0,0,0,0,1.0
宮島,01R,3,5181.0,森智哉,岡山,B1,5.12,3.89,0.10,5,0.08,4,0.24,12,0.15,3.2,0.16,4.4,0.0,0,0.06,3,0.04,2.0,4.0,-,隠F,0.318,0.182,C,3,4,0.19,0.08,10:43,5,1,4,,3,S,5,,1.0,,,,1,2,-,1,0,1,5.0
宮島,01R,4,3615.0,横田茂,広島,B1,4.74,4.95,0.15,8,0.09,5,0.11,6,0.16,3.1,0.14,2.8,0.0,0,0.11,6,0.06,3.0,4.0,C,,0.357,0.143,B,4,4,0.13,0.08,10:43,4,4,6,,2,2,5,,6.0,,,,4,0,2,-,1,2,9.0
宮島,01R,5,5343.0,小林礼央,広島,B1,3.94,3.47,0.01,1,0.13,10,0.21,16,0.17,3.3,0.15,2.4,0.0,0,0.0,0,0.03,1.0,3.0,-,,0.0,0.0,C,4,3,0.22,0.08,10:43,,,,,,,,,,,,,0,0,1,0,-,0,1.0
宮島,01R,6,5431.0,得山大輝,広島,B2,1.35,1.41,0.00,0,0.00,0,0.00,0,0.16,3.1,0.11,2.8,0.0,0,0.0,0,0.0,0.0,4.0,-,,0.0,0.0,B,3,5,0.35,0.19,10:43,4,,5,5,6,5,5,,6.0,,,,,,,,,-,
宮島,02R,1,3930.0,岸本隆,岡山,B1,5.46,4.53,0.53,25,0.19,9,0.11,5,0.15,2.7,0.16,3.1,0.08,4,0.17,8,0.13,6.0,3.0,B+,,0.32,0.36,C,3,4,0.38,0.08,11:14,2,,3,4,1,,3,5,3.0,5.0,,,-,10,9,3,3,2,27.0
宮島,02R,2,4434.0,田中辰彦,広島,A1,6.14,6.28,0.32,19,0.22,13,0.15,9,0.16,3.2,0.17,3.2,0.21,12,0.04,2,0.0,,3.0,-,,0.312,0.354,C,4,2,0.21,0.14,11:14,4,2,2,5,1,5,6,,4.0,,,,7,-,7,2,0,1,17.0
宮島,02R,3,4811.0,向井田佑紀,広島,B1,4.48,5.37,0.07,5,0.16,11,0.24,16,0.16,2.9,0.16,3.2,0.01,1,0.06,4,0.01,1.0,2.0,-,,0.667,0.067,C,3,4,0.14,0.04,11:14,3,2,4,,3,4,5,,5.0,5.0,,,2,1,-,1,1,1,6.0
宮島,02R,4,5243.0,三馬崇史,広島,A2,4.89,4.61,0.10,5,0.06,3,0.27,14,0.16,2.8,0.17,4.4,0.02,1,0.06,3,0.06,3.0,2.0,-,,0.318,0.273,C,3,3,0.22,0.10,11:14,5,,4,5,5,,6,6,2.0,,,,2,1,2,-,2,0,7.0
宮島,02R,5,4416.0,三宅健太,広島,B1,5.26,4.68,0.04,2,0.10,5,0.25,13,0.17,3.3,0.18,3.5,0.0,0,0.02,1,0.02,1.0,5.0,B+,隠F,0.462,0.077,B,4,4,0.19,0.06,11:14,,,,,,,,,,,,,0,3,0,0,-,1,4.0
宮島,02R,6,4708.0,半田尚也,広島,B1,4.17,4.87,0.00,0,0.10,3,0.32,10,0.21,4.5,0.14,3.2,0.0,0,0.0,0,0.0,0.0,2.0,-,未消化F,0.375,0.25,C,3,3,0.07,0.36,11:14,3,,5,5,6,,5,F,6.0,,,,0,0,0,0,0,-,0.0
宮島,03R,1,3737.0,上平真二,広島,A1,6.91,6.83,0.65,44,0.21,14,0.07,5,0.16,3.3,0.14,3.5,0.07,5,0.13,9,0.1,7.0,4.0,B+,,0.317,0.439,B,4,4,0.19,0.14,11:43,2,6,3,,3,3,4,2,1.0,4.0,,,-,17,18,7,4,0,46.0
宮島,03R,2,3436.0,柏野幸二,岡山,A2,5.75,5.95,0.21,9,0.33,14,0.12,5,0.11,1.7,0.13,2.5,0.11,5,0.05,2,0.0,,3.0,C,,0.355,0.194,C,4,3,0.59,0.00,11:43,4,5,3,,3,6,2,,3.0,,,,3,-,1,2,1,0,7.0
宮島,03R,3,5154.0,村松栄太,広島,B1,4.72,4.2,0.05,3,0.16,9,0.24,13,0.16,3.3,0.11,2.8,0.02,1,0.07,4,0.0,0.0,3.0,B+,,0.385,0.308,B,5,3,0.18,0.14,11:43,3,4,4,,2,3,4,,5.0,,,,2,1,-,0,2,0,5.0
宮島,03R,4,4600.0,井内将太郎,広島,A2,6.8,6.94,0.13,7,0.20,11,0.32,18,0.11,2.3,0.15,3.5,0.03,2,0.05,3,0.03,2.0,3.0,-,隠F,0.135,0.308,C,3,4,0.40,0.03,11:43,2,,1,2,S,4,3,5,3.0,,,,1,3,0,-,4,0,8.0
宮島,03R,5,4410.0,井上大輔,岡山,B1,5.33,5.11,0.08,4,0.12,6,0.14,7,0.18,3.6,0.13,2.5,0.0,0,0.02,1,0.02,1.0,2.0,-,,0.562,0.125,B,5,3,0.17,0.08,11:43,,,,,,,,,,,,,0,0,1,0,-,1,2.0
宮島,03R,6,5363.0,山本凱立,広島,B2,1.31,0.98,0.00,0,0.00,0,0.01,1,0.20,4.2,0.32,5.1,0.0,0,0.0,0,0.0,0.0,3.0,C,隠FF,0.0,0.0,D,2,3,0.15,0.39,11:43,6,F,6,,6,,6,,6.0,,,,0,0,0,0,0,-,0.0
宮島,04R,1,4886.0,入海馨,岡山,A1,6.03,6.65,0.78,45,0.07,4,0.03,2,0.14,2.8,0.14,2.6,0.03,2,0.1,6,0.03,2.0,4.0,A+,隠F,0.364,0.205,B,4,4,0.37,0.10,12:12,4,1,1,,2,5,2,3,1.0,4.0,,,-,17,10,11,3,4,45.0
宮島,04R,2,4374.0,永田義紘,広島,B1,4.73,5.06,0.14,7,0.14,7,0.27,13,0.14,3.0,0.13,3.1,0.04,2,0.06,3,0.0,,6.0,B+,,0.2,0.333,B,5,3,0.14,0.12,12:12,2,,6,3,2,,1,6,5.0,5.0,,,2,-,2,1,1,1,7.0
宮島,04R,3,4872.0,山下流心,広島,B1,4.5,5.34,0.13,7,0.20,11,0.16,9,0.17,3.3,0.14,2.8,0.0,0,0.03,2,0.05,3.0,3.0,C,,0.222,0.389,B,4,4,0.12,0.12,12:12,2,6,3,,6,1,4,,2.0,,,,4,0,-,2,0,0,6.0
宮島,04R,4,3054.0,北川幸典,広島,B1,4.93,6.03,0.11,3,0.14,4,0.25,7,0.18,2.9,0.21,3.8,0.0,0,0.06,2,0.03,1.0,4.0,B+,,0.462,0.385,B,4,4,0.34,0.14,12:12,6,,1,5,3,,4,4,4.0,2.0,,,0,1,1,-,2,0,4.0
宮島,04R,5,5401.0,谷海夏人,広島,B2,2.67,2.08,0.03,1,0.08,3,0.05,2,0.19,4.7,0.25,5.8,0.0,0,0.0,0,0.0,0.0,3.0,-,隠FF,0.0,0.0,C,3,4,0.00,0.00,12:12,,,,,,,,,,,,,0,0,0,0,-,0,0.0
宮島,04R,6,4163.0,山崎裕司,広島,A2,5.73,5.84,0.00,0,0.04,2,0.11,5,0.19,4.5,0.18,3.6,0.0,0,0.0,0,0.0,0.0,2.0,C,,0.273,0.318,C,3,3,0.05,0.32,12:12,4,6,4,,1,3,2,3,3.0,,,,0,0,0,0,0,-,0.0
宮島,05R,1,5222.0,津田陸翔,広島,A2,6.31,5.66,0.64,37,0.05,3,0.10,6,0.17,3.6,0.16,4.2,0.05,3,0.15,9,0.1,6.0,5.0,A+,,0.364,0.364,A,5,5,0.15,0.15,12:38,1,,2,3,1,4,2,4,1.0,4.0,,,-,17,13,4,4,1,39.0
宮島,05R,2,4564.0,山本景士郎,広島,B1,4.81,5.62,0.09,4,0.23,10,0.16,7,0.20,4.5,0.18,3.8,0.07,3,0.02,1,0.0,,3.0,C,,0.375,0.25,C,4,2,0.00,0.29,12:38,2,4,6,,4,3,3,,6.0,3.0,,,3,-,0,0,0,1,4.0
宮島,05R,3,3212.0,亀本勇樹,広島,B1,4.54,4.75,0.03,1,0.11,4,0.14,5,0.17,3.4,0.11,2.7,0.0,0,0.04,2,0.0,0.0,3.0,-,,0.444,0.333,D,2,3,0.17,0.15,12:38,2,,3,4,1,,2,4,4.0,3.0,,,0,1,-,0,1,0,2.0
宮島,05R,4,4798.0,浜先真範,広島,A1,6.38,7.14,0.10,5,0.27,14,0.24,12,0.13,2.5,0.13,2.8,0.0,0,0.02,1,0.06,3.0,2.0,-,,0.273,0.345,D,2,3,0.28,0.08,12:38,3,,2,6,4,2,3,4,1.0,,,,1,2,2,-,0,0,5.0
宮島,05R,5,4563.0,齋藤真之,岡山,B1,4.1,4.31,0.00,0,0.04,2,0.10,5,0.18,3.9,0.21,4.1,0.0,0,0.0,0,0.02,1.0,3.0,C,隠F,0.312,0.312,C,3,4,0.09,0.11,12:38,,,,,,,,,,,,,1,0,0,0,-,0,1.0
宮島,05R,6,5181.0,森智哉,岡山,B1,5.12,3.89,0.00,0,0.09,4,0.28,13,0.19,4.0,0.16,4.4,0.0,0,0.0,0,0.0,0.0,4.0,-,隠F,0.318,0.182,C,3,4,0.14,0.27,12:38,5,1,4,,3,S,5,,1.0,,,,0,0,0,0,0,-,0.0
宮島,06R,1,4423.0,坂口貴彦,岡山,B1,4.93,4.24,0.53,19,0.17,6,0.08,3,0.15,3.0,0.16,4.0,0.11,4,0.16,6,0.16,6.0,4.0,C,,0.412,0.294,C,4,2,0.32,0.03,13:03,6,,3,2,5,,1,1,1.0,6.0,,,-,6,8,3,1,1,19.0
宮島,06R,2,5243.0,三馬崇史,広島,A2,4.89,4.61,0.15,8,0.21,11,0.13,7,0.17,3.5,0.17,4.4,0.1,5,0.06,3,0.0,,2.0,-,,0.318,0.273,C,3,3,0.14,0.16,13:03,5,,4,5,5,,6,6,2.0,,,,5,-,1,0,1,1,8.0
宮島,06R,3,4429.0,豊田泰洋,広島,B1,3.6,4.49,0.05,3,0.08,5,0.25,15,0.16,3.1,0.18,3.6,0.0,0,0.0,0,0.02,1.0,4.0,C,,0.2,0.267,C,3,3,0.18,0.18,13:03,5,,6,3,4,,6,1,5.0,3.0,,,1,0,-,2,0,0,3.0
宮島,06R,4,5343.0,小林礼央,広島,B1,3.94,3.47,0.02,1,0.09,4,0.11,5,0.18,3.4,0.15,2.4,0.0,0,0.02,1,0.0,0.0,3.0,-,,0.0,0.0,C,4,3,0.18,0.11,13:03,6,,6,6,5,,4,5,6.0,,,,0,1,0,-,0,0,1.0
宮島,06R,5,4991.0,宗行治哉,広島,A2,6.43,6.02,0.11,5,0.13,6,0.17,8,0.17,4.3,0.16,4.3,0.0,0,0.0,0,0.1,5.0,4.0,B+,,0.324,0.265,C,2,4,0.04,0.12,13:03,,,,,,,,,,,,,2,1,0,2,-,0,5.0
宮島,06R,6,5372.0,上岡巧汰,広島,B2,1.91,1.55,0.01,1,0.00,0,0.03,3,0.16,3.6,0.12,2.8,0.01,1,0.0,0,0.0,0.0,4.0,B+,未消化F,0.0,0.0,C,3,4,0.22,0.25,13:03,6,5,F,,6,,6,,6.0,,,,0,1,0,0,0,-,1.0
宮島,07R,1,4292.0,麻生慎介,広島,A1,6.33,6.47,0.62,41,0.14,9,0.12,8,0.16,3.0,0.14,2.2,0.1,7,0.18,12,0.09,6.0,3.0,B+,,0.211,0.342,C,4,3,0.30,0.13,13:31,1,,1,1,2,5,1,3,3.0,5.0,,,-,10,15,7,7,2,41.0
宮島,07R,2,4410.0,井上大輔,岡山,B1,5.33,5.11,0.09,5,0.31,17,0.22,12,0.16,3.4,0.13,2.5,0.07,4,0.0,0,0.0,,2.0,-,,0.562,0.125,B,5,3,0.13,0.15,13:31,3,5,4,,5,5,5,,4.0,,,,1,-,1,2,0,0,4.0
宮島,07R,3,3436.0,柏野幸二,岡山,A2,5.75,5.95,0.08,4,0.16,8,0.27,13,0.14,2.5,0.13,2.5,0.0,0,0.04,2,0.0,0.0,3.0,C,,0.355,0.194,C,4,3,0.33,0.04,13:31,4,5,3,,3,6,2,,3.0,,,,0,2,-,1,1,0,4.0
宮島,07R,4,3430.0,角浜修,広島,B1,3.98,4.67,0.06,3,0.10,5,0.04,2,0.18,3.7,0.15,3.8,0.0,0,0.02,1,0.02,1.0,3.0,C,,0.357,0.286,B,4,4,0.04,0.20,13:31,3,6,3,,5,4,6,,3.0,4.0,,,0,1,1,-,0,0,2.0
宮島,07R,5,5431.0,得山大輝,広島,B2,1.35,1.41,0.00,0,0.00,0,0.00,0,0.17,3.3,0.11,2.8,0.0,0,0.0,0,0.0,0.0,4.0,-,,0.0,0.0,B,3,5,0.33,0.00,13:31,,,,,,,,,,,,,,,,,-,,
宮島,07R,6,4683.0,向井田直弥,広島,B2,4.22,5.05,0.15,5,0.03,1,0.09,3,0.13,3.0,0.15,3.5,0.0,0,0.08,4,0.02,1.0,3.0,C,隠F,0.0,0.5,C,4,3,0.43,0.16,13:31,5,,5,5,5,,6,2,5.0,4.0,,,1,1,0,1,2,-,5.0
宮島,08R,1,4771.0,下寺秀和,広島,A1,7.13,6.54,0.79,59,0.08,6,0.07,5,0.15,2.8,0.14,3.1,0.1,8,0.05,4,0.06,5.0,5.0,A,,0.373,0.237,A,5,4,0.30,0.09,14:12,3,3,1,1,1,,3,3,3.0,6.0,,,-,22,17,14,8,1,62.0
宮島,08R,2,3615.0,横田茂,広島,B1,4.74,4.95,0.04,2,0.23,12,0.19,10,0.16,3.4,0.14,2.8,0.04,2,0.0,0,0.0,,4.0,C,,0.357,0.143,B,4,4,0.06,0.12,14:12,4,4,6,,2,2,5,,6.0,,,,1,-,0,0,1,0,2.0
宮島,08R,3,4600.0,井内将太郎,広島,A2,6.8,6.94,0.18,8,0.22,10,0.36,16,0.13,2.0,0.15,3.5,0.0,0,0.15,7,0.04,2.0,3.0,-,隠F,0.135,0.308,C,3,4,0.56,0.02,14:12,2,,1,2,S,4,3,5,3.0,,,,1,5,-,2,1,0,9.0
宮島,08R,4,3411.0,池上隆行,広島,B1,3.77,4.06,0.04,2,0.02,1,0.09,4,0.16,3.0,0.13,3.6,0.04,2,0.0,0,0.02,1.0,3.0,C,,0.444,0.444,C,3,3,0.15,0.04,14:12,5,,4,3,2,,5,5,2.0,5.0,,,0,0,1,-,1,1,3.0
宮島,08R,5,4872.0,山下流心,広島,B1,4.5,5.34,0.04,2,0.06,3,0.13,6,0.19,4.0,0.14,2.8,0.0,0,0.0,0,0.04,2.0,3.0,C,,0.222,0.389,B,4,4,0.08,0.11,14:12,,,,,,,,,,,,,0,1,1,0,-,0,2.0
宮島,08R,6,5401.0,谷海夏人,広島,B2,2.67,2.08,0.01,1,0.01,1,0.04,3,0.20,4.2,0.25,5.8,0.0,0,0.01,1,0.01,1.0,3.0,-,隠FF,0.0,0.0,C,3,4,0.10,0.38,14:12,6,6,6,,6,6,6,,6.0,,,,0,1,1,0,0,-,2.0
宮島,09R,1,4163.0,山崎裕司,広島,A2,5.73,5.84,0.68,45,0.17,11,0.05,3,0.16,3.2,0.18,3.6,0.06,4,0.06,4,0.16,11.0,2.0,C,,0.273,0.318,C,3,3,0.21,0.10,14:56,4,6,4,,1,3,2,3,3.0,,,,-,14,15,10,6,3,48.0
宮島,09R,2,3797.0,岩井繁,広島,B1,3.78,4.29,0.04,2,0.15,8,0.11,6,0.20,4.7,0.18,4.0,0.02,1,0.02,1,0.0,,3.0,B+,,0.5,0.333,B,4,4,0.00,0.35,14:56,4,,2,5,3,,3,2,4.0,6.0,,,1,-,1,0,0,0,2.0
宮島,09R,3,4835.0,橋本明,広島,B1,4.98,4.86,0.07,4,0.17,10,0.22,13,0.15,2.9,0.16,2.8,0.02,1,0.0,0,0.02,1.0,4.0,B+,,0.353,0.176,B,4,4,0.16,0.07,14:56,5,,6,2,4,,3,1,2.0,5.0,,,1,0,-,0,2,0,3.0
宮島,09R,4,4434.0,田中辰彦,広島,A1,6.14,6.28,0.13,7,0.24,13,0.30,16,0.15,3.0,0.17,3.2,0.07,4,0.0,0,0.06,3.0,3.0,-,,0.312,0.354,C,4,2,0.19,0.07,14:56,4,2,2,5,1,5,6,,4.0,,,,4,2,0,-,1,0,7.0
宮島,09R,5,5154.0,村松栄太,広島,B1,4.72,4.2,0.00,0,0.21,12,0.09,5,0.19,3.8,0.11,2.8,0.0,0,0.0,0,0.02,1.0,3.0,B+,,0.385,0.308,B,5,3,0.07,0.22,14:56,,,,,,,,,,,,,0,0,1,0,-,0,1.0
宮島,09R,6,4798.0,浜先真範,広島,A1,6.38,7.14,0.07,4,0.07,4,0.27,16,0.16,3.4,0.13,2.8,0.0,0,0.0,0,0.03,2.0,2.0,-,,0.273,0.345,D,2,3,0.16,0.17,14:56,3,,2,6,4,2,3,4,1.0,,,,1,0,1,0,0,-,2.0
宮島,10R,1,4416.0,三宅健太,広島,B1,5.26,4.68,0.30,13,0.23,10,0.09,4,0.18,3.1,0.18,3.5,0.15,7,0.28,13,0.2,9.0,5.0,B+,隠F,0.462,0.077,B,4,4,0.22,0.09,15:29,2,1,2,,2,2,6,,2.0,3.0,,,-,7,1,3,1,2,14.0
宮島,10R,2,5222.0,津田陸翔,広島,A2,6.31,5.66,0.17,11,0.27,17,0.21,13,0.18,3.8,0.16,4.2,0.1,6,0.07,4,0.0,,5.0,A+,,0.364,0.364,A,5,5,0.05,0.13,15:29,1,,2,3,1,4,2,4,1.0,4.0,,,5,-,2,3,0,0,10.0
宮島,10R,3,4886.0,入海馨,岡山,A1,6.03,6.65,0.18,9,0.31,16,0.24,12,0.14,3.0,0.14,2.6,0.02,1,0.04,2,0.08,4.0,4.0,A+,隠F,0.364,0.205,B,4,4,0.18,0.10,15:29,4,1,1,,2,5,2,3,1.0,4.0,,,6,0,-,1,1,0,8.0
宮島,10R,4,3930.0,岸本隆,岡山,B1,5.46,4.53,0.15,7,0.17,8,0.19,9,0.15,2.9,0.16,3.1,0.02,1,0.11,5,0.09,4.0,3.0,B+,,0.32,0.36,C,3,4,0.26,0.06,15:29,2,,3,4,1,,3,5,3.0,5.0,,,5,2,3,-,0,0,10.0
宮島,10R,5,4374.0,永田義紘,広島,B1,4.73,5.06,0.00,0,0.06,3,0.14,7,0.16,3.7,0.13,3.1,0.0,0,0.0,0,0.0,0.0,6.0,B+,,0.2,0.333,B,5,3,0.11,0.08,15:29,,,,,,,,,,,,,0,0,0,0,-,0,0.0
宮島,10R,6,4423.0,坂口貴彦,岡山,B1,4.93,4.24,0.03,1,0.09,3,0.11,4,0.20,4.0,0.16,4.0,0.0,0,0.0,0,0.04,2.0,4.0,C,,0.412,0.294,C,4,2,0.11,0.26,15:29,6,,3,2,5,,1,1,1.0,6.0,,,0,1,0,1,0,-,2.0
宮島,11R,1,4991.0,宗行治哉,広島,A2,6.43,6.02,0.56,32,0.21,12,0.09,5,0.15,2.7,0.16,4.3,0.12,7,0.19,11,0.08,5.0,4.0,B+,,0.324,0.265,C,2,4,0.36,0.05,16:04,3,4,1,,3,4,2,2,1.0,3.0,,,-,11,10,9,3,2,35.0
宮島,11R,2,3212.0,亀本勇樹,広島,B1,4.54,4.75,0.00,0,0.17,6,0.20,7,0.19,3.8,0.11,2.7,0.02,1,0.0,0,0.0,,3.0,-,,0.444,0.333,D,2,3,0.05,0.14,16:04,2,,3,4,1,,2,4,4.0,3.0,,,1,-,0,0,0,0,1.0
宮島,11R,3,3737.0,上平真二,広島,A1,6.91,6.83,0.27,12,0.32,14,0.11,5,0.16,3.2,0.14,3.5,0.02,1,0.12,6,0.12,6.0,4.0,B+,,0.317,0.439,B,4,4,0.18,0.06,16:04,2,6,3,,3,3,4,2,1.0,4.0,,,9,2,-,1,4,0,16.0
宮島,11R,4,4292.0,麻生慎介,広島,A1,6.33,6.47,0.17,7,0.19,8,0.24,10,0.15,2.6,0.14,2.2,0.07,3,0.02,1,0.07,3.0,3.0,B+,,0.211,0.342,C,4,3,0.30,0.05,16:04,1,,1,1,2,5,1,3,3.0,5.0,,,2,1,2,-,2,0,7.0
宮島,11R,5,4771.0,下寺秀和,広島,A1,7.13,6.54,0.08,4,0.20,10,0.25,13,0.16,3.3,0.14,3.1,0.03,2,0.02,1,0.03,2.0,5.0,A,,0.373,0.237,A,5,4,0.26,0.14,16:04,,,,,,,,,,,,,2,1,0,1,-,1,5.0
宮島,11R,6,3920.0,正木聖賢,広島,A2,5.1,5.97,0.06,2,0.18,6,0.18,6,0.00,0.0,0.17,4.2,0.0,0,0.0,0,0.0,0.0,3.0,-,,0.3,0.25,C,3,4,0.00,0.00,16:04,3,,4,4,1,1,5,4,4.0,6.0,,,0,0,0,0,0,-,0.0
宮島,12R,1,4205.0,山口剛,広島,A1,7.69,8.21,0.75,47,0.14,9,0.05,3,0.11,2.9,0.13,2.6,0.06,4,0.09,6,0.08,5.0,5.0,A,,0.229,0.417,B,5,3,0.39,0.17,16:48,1,1,1,2,1,,1,1,2.0,1.0,,,-,12,23,10,2,2,49.0
宮島,12R,2,3719.0,辻栄蔵,広島,A1,6.89,7.37,0.15,8,0.43,23,0.17,9,0.15,3.8,0.14,2.4,0.13,7,0.0,0,0.0,,4.0,A,,0.415,0.366,B,4,4,0.08,0.11,16:48,1,2,2,1,2,,1,1,4.0,1.0,,,5,-,1,1,2,0,9.0
宮島,12R,3,4682.0,大上卓人,広島,A1,7.0,7.29,0.21,13,0.20,12,0.28,17,0.12,2.9,0.14,3.1,0.02,1,0.05,3,0.06,4.0,4.0,B+,,0.357,0.446,C,3,3,0.23,0.05,16:48,1,3,1,3,2,1,1,,2.0,1.0,,,7,2,-,1,0,2,12.0
宮島,12R,4,4398.0,船岡洋一郎,広島,A1,6.67,6.43,0.10,6,0.25,15,0.27,16,0.13,2.7,0.14,3.5,0.0,0,0.02,1,0.1,6.0,4.0,B+,,0.431,0.333,B,4,4,0.29,0.05,16:48,1,5,1,4,3,1,1,,1.0,2.0,,,3,0,1,-,1,2,7.0
宮島,12R,5,4302.0,西野翔太,広島,A2,6.87,6.43,0.08,4,0.27,14,0.14,7,0.14,2.6,0.14,2.1,0.0,0,0.02,1,0.07,4.0,4.0,A,,0.2,0.378,B,5,3,0.35,0.02,16:48,,,,,,,,,,,,,1,2,0,2,-,0,5.0
宮島,12R,6,4471.0,新田泰章,広島,A1,6.99,6.51,0.06,3,0.18,9,0.30,15,0.18,3.8,0.12,2.5,0.0,0,0.02,1,0.02,1.0,3.0,-,,0.229,0.357,C,4,2,0.15,0.25,16:48,1,4,2,,4,6,4,2,2.0,2.0,,,2,0,0,1,0,-,3.0
児島,01R,1,4853.0,前原哉,岡山,B2,3.9,3.97,0.39,9,0.17,4,0.17,4,0.18,3.1,0.24,5.2,0.05,1,0.32,7,0.23,5.0,3.0,B+,,0.556,0.222,D,2,3,0.27,0.09,10:53,3,,4,3,4,,,,,,,,-,5,2,2,0,0,9.0
児島,01R,2,4065.0,金田幸子,岡山,B1,4.8,5.43,0.15,6,0.28,11,0.08,3,0.18,3.8,0.13,3.0,0.05,2,0.11,4,0.0,,2.0,-,,0.19,0.381,D,3,2,0.08,0.18,10:53,6,,5,6,6,,,,,,,,2,-,2,1,0,1,6.0
児島,01R,3,4054.0,福嶋智之,岡山,B1,4.81,4.43,0.04,2,0.13,6,0.27,12,0.17,3.0,0.16,3.4,0.02,1,0.02,1,0.02,1.0,2.8,-,,0.357,0.286,C,3,4,0.15,0.08,10:53,4,5,3,,6,6,,,,,,,0,0,-,2,0,1,3.0
児島,01R,4,5374.0,木山大聖,岡山,B1,2.61,2.52,0.00,0,0.05,2,0.10,4,0.17,3.4,0.09,1.2,0.0,0,0.0,0,0.0,0.0,3.0,B+,隠F,0.0,0.0,C,4,3,0.22,0.30,10:53,5,,2,5,6,,,,,,,,,,,-,,,
児島,01R,5,3933.0,山地正樹,岡山,B1,5.2,5.69,0.19,9,0.23,11,0.11,5,0.24,2.0,0.20,4.6,0.0,0,0.0,0,0.0,0.0,2.4,-,,0.312,0.188,C,3,3,0.00,0.00,10:53,,,,,,,,,,,,,0,0,0,0,-,0,0.0
児島,01R,6,3949.0,今出晋二,岡山,B1,3.83,4.24,0.00,0,0.08,3,0.08,3,0.22,4.5,0.15,4.0,0.0,0,0.0,0,0.0,0.0,2.6,A,,0.0,0.0,D,2,3,0.07,0.40,10:53,4,,4,6,6,,,,,,,,0,0,0,0,0,-,0.0
児島,02R,1,4097.0,貫地谷直人,広島,B1,3.64,3.79,0.07,2,0.17,5,0.28,8,0.20,4.0,0.21,4.5,0.11,3,0.43,12,0.29,8.0,2.8,C,,0.0,0.0,D,2,2,0.14,0.29,11:30,5,,5,5,3,,,,,,,,-,0,0,1,0,0,1.0
児島,02R,2,4089.0,妹尾忠幸,岡山,A2,5.9,6.37,0.13,7,0.29,15,0.31,16,0.15,3.0,0.15,4.0,0.09,5,0.02,1,0.0,,4.4,B+,隠F,0.4,0.2,B,4,4,0.16,0.05,11:30,1,6,3,,2,1,,,,,,,5,-,0,1,2,0,8.0
児島,02R,3,4864.0,小川日紀太,福岡,B1,4.26,3.3,0.05,2,0.16,6,0.19,7,0.15,3.0,0.12,2.5,0.03,1,0.03,1,0.0,0.0,3.0,A,,0.2,0.3,C,3,3,0.18,0.10,11:30,2,,5,5,4,,,,,,,,0,1,-,1,0,0,2.0
児島,02R,4,5111.0,三村岳人,岡山,B2,5.97,5.49,0.16,7,0.24,11,0.22,10,0.15,3.0,0.18,4.0,0.09,4,0.09,4,0.0,0.0,2.4,-,,0.3,0.3,C,3,3,0.28,0.12,11:30,5,,5,5,S,,,,,,,,1,0,2,-,4,1,8.0
児島,02R,5,5206.0,梅原祥平,岡山,B1,4.05,4.0,0.09,4,0.09,4,0.20,9,0.15,2.8,0.09,2.0,0.0,0,0.02,1,0.02,1.0,2.8,A,,0.1,0.3,C,3,4,0.42,0.12,11:30,,,,,,,,,,,,,1,0,0,2,-,0,3.0
児島,02R,6,5170.0,佐藤太亮,岡山,B1,4.65,5.22,0.00,0,0.00,0,0.14,5,0.18,4.0,0.16,4.7,0.0,0,0.0,0,0.0,0.0,3.8,B+,,0.214,0.429,B,4,4,0.12,0.19,11:30,1,,3,6,4,,,,,,,,0,0,0,0,0,-,0.0
児島,03R,1,4204.0,柴田大輔,福岡,B1,4.95,0.0,0.30,10,0.24,8,0.15,5,0.19,3.5,0.11,2.5,0.17,6,0.23,8,0.17,6.0,4.0,C,隠F,0.4,0.2,C,4,3,0.29,0.20,12:03,3,,4,4,1,,,,,,,,-,4,3,2,0,2,11.0
児島,03R,2,5189.0,藤原早菜,岡山,A2,5.48,5.13,0.10,5,0.27,14,0.24,12,0.21,4.5,0.13,3.2,0.07,4,0.04,2,0.0,,3.8,A,,0.158,0.316,B,5,3,0.00,0.21,12:03,2,,2,3,S,,,,,,,,1,-,5,1,0,0,7.0
児島,03R,3,3822.0,平尾崇典,岡山,A1,6.68,6.65,0.14,7,0.28,14,0.20,10,0.17,3.4,0.12,4.4,0.0,0,0.13,7,0.04,2.0,3.0,-,,0.296,0.296,C,4,3,0.19,0.15,12:03,2,5,3,3,2,,,,,,,,5,1,-,1,3,0,10.0
児島,03R,4,5373.0,諏訪玲奈,岡山,B2,2.42,1.74,0.00,0,0.00,0,0.03,1,0.24,5.0,0.24,5.0,0.0,0,0.0,0,0.0,0.0,3.8,A+,,0.0,0.0,A,6,4,0.00,0.50,12:03,6,,3,4,5,,,,,,,,,,,-,,,
児島,03R,5,4214.0,林祐介,岡山,A2,5.29,5.63,0.05,2,0.08,3,0.24,9,0.17,3.5,0.07,2.6,0.0,0,0.0,0,0.04,2.0,4.6,A+,,0.286,0.25,A,5,4,0.20,0.13,12:03,,,,,,,,,,,,,1,1,1,0,-,0,3.0
児島,03R,6,4574.0,東潤樹,広島,B1,5.72,4.76,0.00,0,0.08,3,0.22,8,0.18,4.2,0.15,4.6,0.0,0,0.0,0,0.0,0.0,3.4,C,,0.333,0.381,C,3,3,0.10,0.17,12:03,4,6,4,,5,6,,,,,,,0,0,0,0,0,-,0.0
児島,04R,1,4672.0,守屋大地,岡山,B1,4.38,4.53,0.20,7,0.40,14,0.17,6,0.18,3.6,0.24,4.0,0.41,15,0.22,8,0.16,6.0,3.0,C,,0.2,0.0,C,3,3,0.14,0.22,12:31,3,4,6,,6,5,,,,,,,-,1,0,0,4,0,5.0
児島,04R,2,5165.0,小林愛実,岡山,B1,4.18,4.49,0.13,6,0.21,10,0.17,8,0.17,3.4,0.13,3.0,0.09,4,0.04,2,0.0,,2.8,B+,隠F,0.333,0.5,C,4,3,0.17,0.20,12:31,6,5,6,,3,,,,,,,,2,-,2,1,1,0,6.0
児島,04R,3,5217.0,藤原碧生,岡山,A1,6.81,6.6,0.16,7,0.27,12,0.20,9,0.14,2.7,0.14,4.0,0.02,1,0.07,3,0.05,2.0,2.8,-,,0.364,0.295,C,4,3,0.34,0.09,12:31,3,4,2,,4,3,,,,,,,1,3,-,0,2,1,7.0
児島,04R,4,5037.0,田頭虎親,香川,B1,5.49,5.26,0.15,5,0.21,7,0.18,6,0.18,3.5,0.16,4.6,0.03,1,0.06,2,0.0,0.0,3.0,B+,隠F,0.429,0.214,B,5,3,0.13,0.13,12:31,2,5,6,,5,1,,,,,,,0,1,1,-,1,1,4.0
児島,04R,5,3357.0,福島陽子,岡山,B1,4.03,4.11,0.03,1,0.10,4,0.10,4,0.20,4.1,0.20,4.5,0.0,0,0.0,0,0.0,0.0,2.8,C,,0.5,0.25,C,3,3,0.03,0.17,12:31,,,,,,,,,,,,,0,0,0,0,-,0,0.0
児島,04R,6,3874.0,山本寛久,岡山,A1,5.95,6.2,0.05,3,0.16,9,0.21,12,0.16,3.9,0.14,4.4,0.02,1,0.0,0,0.04,2.0,3.6,C,,0.375,0.2,B,5,3,0.14,0.25,12:31,1,,2,2,3,4,,,,,,,2,1,0,0,0,-,3.0
児島,05R,1,4370.0,山口達也,岡山,A1,6.51,6.52,0.73,61,0.10,8,0.05,4,0.14,2.7,0.13,4.8,0.05,4,0.12,10,0.12,10.0,3.0,A,,0.311,0.295,C,4,3,0.38,0.11,13:07,6,2,2,1,3,,,,,,,,-,19,18,12,10,2,61.0
児島,05R,2,3908.0,重成一人,香川,A1,6.89,7.39,0.13,8,0.35,22,0.11,7,0.16,3.3,0.12,2.6,0.13,8,0.02,1,0.0,,3.0,C,,0.357,0.286,B,4,4,0.21,0.13,13:07,4,3,2,2,1,5,,,,,,,5,-,3,1,0,0,9.0
児島,05R,3,5134.0,大原祥昌,広島,B1,6.05,4.14,0.07,4,0.18,10,0.23,13,0.15,3.0,0.16,2.8,0.0,0,0.02,1,0.05,3.0,3.0,C,,0.2,0.229,C,3,3,0.15,0.11,13:07,2,6,1,,3,4,,,,,,,2,2,-,0,1,0,5.0
児島,05R,4,4474.0,渡辺崇,福岡,B1,5.49,4.56,0.14,7,0.10,5,0.16,8,0.19,4.0,0.14,3.0,0.04,2,0.04,2,0.04,2.0,2.8,B+,,0.227,0.5,C,3,3,0.08,0.24,13:07,3,5,3,,1,1,,,,,,,3,1,0,-,1,2,7.0
児島,05R,5,3746.0,岡瀬正人,岡山,A2,5.57,5.97,0.02,1,0.16,8,0.27,14,0.18,4.2,0.13,2.7,0.0,0,0.0,0,0.05,3.0,3.2,B+,,0.388,0.224,B,4,4,0.00,0.22,13:07,,,,,,,,,,,,,1,0,2,0,-,0,3.0
児島,05R,6,4065.0,金田幸子,岡山,B1,4.8,5.43,0.00,0,0.00,0,0.21,7,0.17,3.7,0.13,3.0,0.0,0,0.0,0,0.0,0.0,2.0,-,,0.19,0.381,D,3,2,0.16,0.23,13:07,6,,5,6,6,,,,,,,,0,0,0,0,0,-,0.0
児島,06R,1,4693.0,松下誉士,福岡,B1,4.03,4.35,0.25,10,0.20,8,0.13,5,0.18,3.6,0.19,4.4,0.15,6,0.3,12,0.2,8.0,2.6,B+,,0.222,0.333,B,4,4,0.13,0.23,13:34,5,4,6,,2,4,,,,,,,-,2,3,3,1,1,10.0
児島,06R,2,4166.0,吉田拡郎,岡山,A1,6.71,7.44,0.23,12,0.35,18,0.15,8,0.13,3.1,0.08,2.2,0.09,5,0.08,4,0.0,,3.0,A,,0.426,0.259,A,5,4,0.28,0.09,13:34,5,1,1,,4,2,,,,,,,6,-,3,0,1,1,11.0
児島,06R,3,4635.0,峰重力也,岡山,B1,5.66,5.1,0.19,7,0.32,12,0.11,4,0.14,2.2,0.09,1.7,0.03,1,0.08,3,0.05,2.0,3.2,A,隠F,0.286,0.5,B,5,3,0.43,0.03,13:34,2,,2,5,1,,,,,,,,4,1,-,0,0,1,6.0
児島,06R,4,3663.0,木山和幸,広島,A2,5.58,4.73,0.05,3,0.21,12,0.34,19,0.17,3.5,0.16,3.2,0.02,1,0.03,2,0.02,1.0,2.6,A,,0.423,0.385,C,4,3,0.12,0.09,13:34,6,,4,1,2,,,,,,,,1,1,0,-,2,0,4.0
児島,06R,5,4172.0,森定晃史,岡山,A2,6.19,6.52,0.07,3,0.26,12,0.22,10,0.17,3.5,0.10,2.2,0.0,0,0.0,0,0.06,3.0,3.5,C,,0.413,0.261,C,4,3,0.14,0.08,13:34,,,,,,,,,,,,,1,0,0,2,-,0,3.0
児島,06R,6,5111.0,三村岳人,岡山,B2,5.97,5.49,0.00,0,0.11,5,0.16,7,0.19,4.0,0.18,4.0,0.0,0,0.0,0,0.0,0.0,2.4,-,,0.3,0.3,C,3,3,0.18,0.34,13:34,5,,5,5,S,,,,,,,,0,0,0,0,0,-,0.0
児島,07R,1,4713.0,白神優,岡山,A1,6.56,6.95,0.75,63,0.14,12,0.06,5,0.13,2.3,0.10,1.6,0.03,3,0.1,9,0.08,7.0,3.4,A+,隠F,0.4,0.333,C,3,3,0.44,0.05,14:04,2,6,1,,4,2,,,,,,,-,24,23,7,6,3,63.0
児島,07R,2,4864.0,小川日紀太,福岡,B1,4.26,3.3,0.03,1,0.31,12,0.08,3,0.15,3.1,0.12,2.5,0.03,1,0.0,0,0.0,,3.0,A,,0.2,0.3,C,3,3,0.19,0.11,14:04,2,,5,5,4,,,,,,,,1,-,0,0,0,0,1.0
児島,07R,3,4214.0,林祐介,岡山,A2,5.29,5.63,0.11,4,0.13,5,0.18,7,0.15,3.5,0.07,2.6,0.0,0,0.0,0,0.05,2.0,4.6,A+,,0.286,0.25,A,5,4,0.16,0.13,14:04,1,,5,2,2,3,,,,,,,2,0,-,0,0,0,2.0
児島,07R,4,4537.0,渡邉和将,岡山,A1,6.71,6.58,0.19,8,0.09,4,0.12,5,0.14,3.0,0.11,1.8,0.04,2,0.09,5,0.02,1.0,3.0,C,,0.326,0.233,C,4,3,0.28,0.13,14:04,1,1,1,6,3,,,,,,,,4,3,0,-,2,1,10.0
児島,07R,5,3949.0,今出晋二,岡山,B1,3.83,4.24,0.00,0,0.00,0,0.08,3,0.18,3.9,0.15,4.0,0.0,0,0.0,0,0.0,0.0,2.6,A,,0.0,0.0,D,2,3,0.06,0.13,14:04,,,,,,,,,,,,,0,0,0,0,-,0,0.0
児島,07R,6,5317.0,長尾萌加,岡山,B1,5.09,3.61,0.03,2,0.08,5,0.10,6,0.19,4.1,0.14,3.0,0.0,0,0.0,0,0.0,0.0,3.0,A,,0.571,0.429,C,4,3,0.13,0.27,14:04,3,4,6,,5,5,,,,,,,1,0,0,0,0,-,1.0
児島,08R,1,4277.0,金田大輔,岡山,B1,5.09,4.6,0.59,19,0.09,3,0.03,1,0.15,2.9,0.12,2.8,0.23,8,0.09,3,0.09,3.0,2.8,C,,0.316,0.368,C,3,4,0.37,0.14,14:37,2,,3,2,1,6,,,,,,,-,7,7,3,3,0,20.0
児島,08R,2,4204.0,柴田大輔,福岡,B1,4.95,0.0,0.24,9,0.21,8,0.37,14,0.17,3.7,0.11,2.5,0.13,5,0.03,1,0.0,,4.0,C,隠F,0.4,0.2,C,4,3,0.18,0.23,14:37,3,,4,4,1,,,,,,,,6,-,1,1,1,0,9.0
児島,08R,3,5170.0,佐藤太亮,岡山,B1,4.65,5.22,0.07,3,0.22,10,0.22,10,0.16,3.7,0.16,4.7,0.0,0,0.0,0,0.06,3.0,3.8,B+,,0.214,0.429,B,4,4,0.10,0.23,14:37,1,,3,6,4,,,,,,,,2,2,-,0,0,0,4.0
児島,08R,4,4441.0,末永由楽,岡山,A2,6.28,6.42,0.07,4,0.27,15,0.32,18,0.13,3.1,0.11,2.0,0.0,0,0.03,2,0.02,1.0,4.0,C,,0.325,0.175,C,3,3,0.16,0.08,14:37,4,1,5,,3,5,,,,,,,1,0,1,-,1,0,3.0
児島,08R,5,4964.0,土屋南,岡山,B2,5.27,5.65,0.00,0,0.13,2,0.25,4,0.16,3.3,0.14,4.0,0.0,0,0.0,0,0.06,1.0,3.0,C,,0.25,0.375,C,3,4,0.19,0.13,14:37,,,,,,,,,,,,,0,0,0,1,-,0,1.0
児島,08R,6,3300.0,川崎智幸,岡山,A1,5.74,5.55,0.00,0,0.17,9,0.17,9,0.16,3.5,0.15,2.6,0.0,0,0.0,0,0.0,0.0,3.3,C,,0.279,0.349,B,4,4,0.19,0.26,14:37,2,,1,1,5,2,,,,,,,0,0,0,0,0,-,0.0
児島,09R,1,5189.0,藤原早菜,岡山,A2,5.48,5.13,0.43,19,0.18,8,0.14,6,0.19,4.1,0.13,3.2,0.07,3,0.37,16,0.05,2.0,3.8,A,,0.158,0.316,B,5,3,0.05,0.26,15:10,2,,2,3,S,,,,,,,,-,5,5,5,4,1,20.0
児島,09R,2,4762.0,藤原啓史朗,岡山,A1,6.98,7.5,0.31,16,0.27,14,0.12,6,0.13,2.8,0.10,2.0,0.16,8,0.08,4,0.0,,3.8,C,,0.318,0.348,A,4,5,0.26,0.10,15:10,1,3,1,4,5,1,,,,,,,8,-,3,1,1,0,13.0
児島,09R,3,4853.0,前原哉,岡山,B2,3.9,3.97,0.07,3,0.24,10,0.17,7,0.18,3.9,0.24,5.2,0.05,2,0.0,0,0.0,0.0,3.0,B+,,0.556,0.222,D,2,3,0.05,0.13,15:10,3,,4,3,4,,,,,,,,1,1,-,0,1,0,3.0
児島,09R,4,4097.0,貫地谷直人,広島,B1,3.64,3.79,0.00,0,0.12,4,0.06,2,0.22,4.4,0.21,4.5,0.0,0,0.0,0,0.0,0.0,2.8,C,,0.0,0.0,D,2,2,0.00,0.20,15:10,5,,5,5,3,,,,,,,,0,0,0,-,0,0,0.0
児島,09R,5,5217.0,藤原碧生,岡山,A1,6.81,6.6,0.11,4,0.21,8,0.42,16,0.14,2.7,0.14,4.0,0.0,0,0.02,1,0.09,4.0,2.8,-,,0.364,0.295,C,4,3,0.35,0.09,15:10,,,,,,,,,,,,,5,1,0,0,-,1,7.0
児島,09R,6,3982.0,福田理,岡山,B1,3.65,4.09,0.03,1,0.09,3,0.09,3,0.14,3.7,0.19,3.5,0.03,1,0.0,0,0.0,0.0,3.5,A+,,0.111,0.667,B,4,4,0.13,0.16,15:10,4,3,4,,1,2,,,,,,,1,0,0,0,0,-,1.0
児島,10R,1,4635.0,峰重力也,岡山,B1,5.66,5.1,0.45,15,0.21,7,0.15,5,0.17,3.3,0.09,1.7,0.06,2,0.16,5,0.25,8.0,3.2,A,隠F,0.286,0.5,B,5,3,0.25,0.16,15:43,2,,2,5,1,,,,,,,,-,4,7,1,2,0,14.0
児島,10R,2,3874.0,山本寛久,岡山,A1,5.95,6.2,0.12,7,0.39,23,0.12,7,0.15,3.4,0.14,4.4,0.08,5,0.03,2,0.0,,3.6,C,,0.375,0.2,B,5,3,0.12,0.12,15:43,1,,2,2,3,4,,,,,,,3,-,0,1,3,0,7.0
児島,10R,3,4089.0,妹尾忠幸,岡山,A2,5.9,6.37,0.14,10,0.22,16,0.31,23,0.15,3.0,0.15,4.0,0.03,2,0.03,2,0.05,4.0,4.4,B+,隠F,0.4,0.2,B,4,4,0.18,0.07,15:43,1,6,3,,2,1,,,,,,,5,2,-,2,1,0,10.0
児島,10R,4,3685.0,荒井輝年,岡山,B1,5.61,5.54,0.06,3,0.18,9,0.27,13,0.15,3.2,0.17,4.0,0.0,0,0.06,3,0.06,3.0,2.8,B+,,0.294,0.353,C,3,3,0.21,0.17,15:43,2,3,S,,2,3,,,,,,,2,1,1,-,0,2,6.0
児島,10R,5,5373.0,諏訪玲奈,岡山,B2,2.42,1.74,0.00,0,0.00,0,0.11,5,0.24,4.5,0.24,5.0,0.0,0,0.0,0,0.0,0.0,3.8,A+,,0.0,0.0,A,6,4,0.03,0.35,15:43,,,,,,,,,,,,,,,,,-,,
児島,10R,6,4584.0,村岡賢人,岡山,A1,6.56,7.06,0.07,4,0.21,12,0.26,15,0.12,2.8,0.12,3.3,0.0,0,0.04,2,0.0,0.0,3.4,B+,未消化F,0.392,0.353,B,4,4,0.39,0.09,15:43,3,4,1,F,5,1,,,,,,,0,1,0,2,0,-,3.0
児島,11R,1,3822.0,平尾崇典,岡山,A1,6.68,6.65,0.68,54,0.15,12,0.06,5,0.15,3.5,0.12,4.4,0.08,6,0.1,8,0.11,9.0,3.0,-,,0.296,0.296,C,4,3,0.21,0.15,16:19,2,5,3,3,2,,,,,,,,-,17,16,12,6,3,54.0
児島,11R,2,3663.0,木山和幸,広島,A2,5.58,4.73,0.13,8,0.29,18,0.16,10,0.16,3.5,0.16,3.2,0.1,6,0.0,0,0.0,,2.6,A,,0.423,0.385,C,4,3,0.08,0.10,16:19,6,,4,1,2,,,,,,,,3,-,2,2,0,0,7.0
児島,11R,3,4537.0,渡邉和将,岡山,A1,6.71,6.58,0.16,8,0.22,11,0.26,13,0.14,2.8,0.11,1.8,0.02,1,0.0,0,0.16,8.0,3.0,C,,0.326,0.233,C,4,3,0.26,0.04,16:19,1,1,1,6,3,,,,,,,,8,1,-,0,0,0,9.0
児島,11R,4,4370.0,山口達也,岡山,A1,6.51,6.52,0.26,12,0.09,4,0.13,6,0.17,3.4,0.13,4.8,0.02,1,0.18,10,0.04,2.0,3.0,A,,0.311,0.295,C,4,3,0.14,0.09,16:19,6,2,2,1,3,,,,,,,,2,3,3,-,2,3,13.0
児島,11R,5,5374.0,木山大聖,岡山,B1,2.61,2.52,0.00,0,0.04,3,0.09,6,0.12,2.6,0.09,1.2,0.0,0,0.0,0,0.0,0.0,3.0,B+,隠F,0.0,0.0,C,4,3,0.27,0.05,16:19,,,,,,,,,,,,,,,,,-,,
児島,11R,6,3357.0,福島陽子,岡山,B1,4.03,4.11,0.00,0,0.00,0,0.00,0,0.24,5.2,0.20,4.5,0.0,0,0.0,0,0.0,0.0,2.8,C,,0.5,0.25,C,3,3,0.00,0.57,16:19,6,,6,3,3,,,,,,,,0,0,0,0,0,-,0.0
児島,12R,1,4166.0,吉田拡郎,岡山,A1,6.71,7.44,0.75,56,0.19,14,0.03,2,0.12,2.4,0.08,2.2,0.1,8,0.04,3,0.08,6.0,3.0,A,,0.426,0.259,A,5,4,0.42,0.05,16:50,5,1,1,,4,2,,,,,,,-,24,13,14,5,3,59.0
児島,12R,2,3300.0,川崎智幸,岡山,A1,5.74,5.55,0.20,12,0.33,20,0.17,10,0.14,3.1,0.15,2.6,0.1,6,0.0,0,0.0,,3.3,C,,0.279,0.349,B,4,4,0.16,0.07,16:50,2,,1,1,5,2,,,,,,,4,-,2,0,1,2,9.0
児島,12R,3,4713.0,白神優,岡山,A1,6.56,6.95,0.23,12,0.26,14,0.25,13,0.13,2.6,0.10,1.6,0.03,2,0.02,1,0.13,8.0,3.4,A+,隠F,0.4,0.333,C,3,3,0.26,0.07,16:50,2,6,1,,4,2,,,,,,,7,5,-,1,0,0,13.0
児島,12R,4,5206.0,梅原祥平,岡山,B1,4.05,4.0,0.16,7,0.14,6,0.16,7,0.13,2.6,0.09,2.0,0.0,0,0.14,7,0.0,0.0,2.8,A,,0.1,0.3,C,3,4,0.53,0.14,16:50,5,,1,3,4,,,,,,,,0,4,1,-,3,0,8.0
児島,12R,5,5165.0,小林愛実,岡山,B1,4.18,4.49,0.00,0,0.09,4,0.25,11,0.17,3.8,0.13,3.0,0.0,0,0.0,0,0.02,1.0,2.8,B+,隠F,0.333,0.5,C,4,3,0.13,0.15,16:50,,,,,,,,,,,,,0,0,0,0,-,1,1.0
児島,12R,6,3746.0,岡瀬正人,岡山,A2,5.57,5.97,0.03,2,0.11,7,0.30,18,0.19,4.1,0.13,2.7,0.0,0,0.0,0,0.0,0.0,3.2,B+,,0.388,0.224,B,4,4,0.07,0.24,16:50,4,,1,4,2,,,,,,,,0,0,0,0,0,-,0.0
丸亀,01R,1,5218.0,山田理央,香川,A2,6.37,5.32,0.73,45,0.08,5,0.10,6,0.15,2.4,-,-,0.08,5,0.08,5,0.1,6.0,4.8,B+,,0.31,0.5,#N/A!,#N/A!,#N/A!,0.45,0.08,15:17,,,,,,,,,,,,,-,13,23,7,1,1,45.0
丸亀,01R,2,5195.0,北村寧々,長崎,B1,5.49,4.7,0.12,5,0.34,14,0.29,12,0.13,2.5,-,-,0.02,1,0.04,2,0.0,,3.4,-,,0.389,0.333,#N/A!,#N/A!,#N/A!,0.26,0.04,15:17,,,,,,,,,,,,,0,-,3,0,1,1,5.0
丸亀,01R,3,5310.0,土屋蘭,岡山,B1,4.38,2.95,0.07,2,0.17,5,0.17,5,0.15,3.2,-,-,0.0,0,0.0,0,0.07,2.0,3.6,C,隠F,0.5,0.333,#N/A!,#N/A!,#N/A!,0.17,0.14,15:17,,,,,,,,,,,,,1,1,-,0,0,0,2.0
丸亀,01R,4,4611.0,今井美亜,福井,A2,6.67,6.64,0.05,3,0.32,18,0.13,7,0.16,2.9,-,-,0.0,0,0.02,1,0.0,0.0,3.0,B+,,0.304,0.326,#N/A!,#N/A!,#N/A!,0.26,0.09,15:17,,,,,,,,,,,,,1,0,0,-,0,0,1.0
丸亀,01R,5,4938.0,小芦るり華,佐賀,A1,6.96,6.4,0.08,4,0.08,4,0.31,15,0.15,3.4,-,-,0.0,0,0.04,2,0.02,1.0,2.6,-,,0.295,0.364,#N/A!,#N/A!,#N/A!,0.08,0.02,15:17,,,,,,,,,,,,,2,2,0,0,-,0,4.0
丸亀,01R,6,4530.0,小野生奈,福岡,A1,6.92,6.9,0.08,4,0.24,12,0.14,7,0.18,3.9,-,-,0.02,1,0.05,2,0.0,0.0,4.4,B+,,0.418,0.291,#N/A!,#N/A!,#N/A!,0.16,0.18,15:17,,,,,,,,,,,,,0,1,1,0,1,-,3.0
丸亀,02R,1,4714.0,喜多須杏奈,徳島,B1,4.91,4.45,0.49,19,0.15,6,0.15,6,0.15,2.6,-,-,0.08,3,0.21,8,0.11,4.0,2.8,-,,0.263,0.316,#N/A!,#N/A!,#N/A!,0.37,0.08,15:45,,,,,,,,,,,,,-,5,6,8,1,0,20.0
丸亀,02R,2,4450.0,平高奈菜,香川,A2,6.13,6.37,0.18,9,0.38,19,0.16,8,0.14,2.8,-,-,0.12,6,0.06,3,0.0,,4.0,B+,,0.361,0.306,#N/A!,#N/A!,#N/A!,0.20,0.02,15:45,,,,,,,,,,,,,3,-,2,2,2,0,9.0
丸亀,02R,3,5188.0,武井莉里佳,兵庫,A2,6.08,5.68,0.20,11,0.24,13,0.22,12,0.18,3.4,-,-,0.02,1,0.14,8,0.05,3.0,2.6,B+,,0.182,0.318,#N/A!,#N/A!,#N/A!,0.09,0.04,15:45,,,,,,,,,,,,,5,2,-,3,2,0,12.0
丸亀,02R,4,5146.0,野田彩加,山口,B1,5.59,3.75,0.09,4,0.11,5,0.30,14,0.18,3.3,-,-,0.0,0,0.02,1,0.05,2.0,3.6,A,,0.105,0.368,#N/A!,#N/A!,#N/A!,0.14,0.07,15:45,,,,,,,,,,,,,0,1,1,-,1,0,3.0
丸亀,02R,5,5193.0,米丸乃絵,福岡,A1,6.65,6.0,0.12,5,0.19,8,0.29,12,0.16,3.0,-,-,0.0,0,0.02,1,0.04,2.0,4.0,-,隠F,0.316,0.342,#N/A!,#N/A!,#N/A!,0.22,0.04,15:45,,,,,,,,,,,,,2,1,2,0,-,1,6.0
丸亀,02R,6,4050.0,田口節子,岡山,A1,6.67,7.44,0.07,3,0.15,7,0.20,9,0.20,4.1,-,-,0.0,0,0.02,1,0.02,1.0,3.8,C,,0.339,0.357,#N/A!,#N/A!,#N/A!,0.13,0.33,15:45,,,,,,,,,,,,,3,0,0,0,0,-,3.0
丸亀,03R,1,5295.0,田上凜,大阪,B1,4.83,3.08,0.15,4,0.15,4,0.15,4,0.21,4.4,-,-,0.08,2,0.58,14,0.04,1.0,3.8,A,,0.25,0.5,#N/A!,#N/A!,#N/A!,0.13,0.42,16:13,,,,,,,,,,,,,-,1,1,1,0,1,4.0
丸亀,03R,2,5203.0,神里琴音,福岡,B1,4.97,5.29,0.08,4,0.24,12,0.24,12,0.16,3.4,-,-,0.07,4,0.0,0,0.0,,4.8,A+,,0.385,0.308,#N/A!,#N/A!,#N/A!,0.13,0.09,16:13,,,,,,,,,,,,,3,-,1,0,0,1,5.0
丸亀,03R,3,4190.0,長嶋万記,静岡,A1,0.0,6.8,0.17,6,0.43,15,0.17,6,0.16,3.6,-,-,0.03,1,0.0,0,0.16,5.0,3.0,B+,,0.281,0.312,#N/A!,#N/A!,#N/A!,0.16,0.09,16:13,,,,,,,,,,,,,4,2,-,0,0,0,6.0
丸亀,03R,4,4823.0,中村桃佳,香川,A1,6.35,6.2,0.18,7,0.23,9,0.26,10,0.15,2.7,-,-,0.03,1,0.1,4,0.0,0.0,4.6,B+,,0.5,0.25,#N/A!,#N/A!,#N/A!,0.41,0.10,16:13,,,,,,,,,,,,,2,3,0,-,2,0,7.0
丸亀,03R,5,4183.0,宇野弥生,愛知,A2,4.87,0.0,0.09,4,0.11,5,0.11,5,0.13,2.4,-,-,0.0,0,0.04,2,0.06,3.0,2.6,C,,0.333,0.373,#N/A!,#N/A!,#N/A!,0.44,0.00,16:13,,,,,,,,,,,,,2,0,2,0,-,1,5.0
丸亀,03R,6,3232.0,山川美由紀,香川,A2,6.24,5.44,0.03,1,0.07,2,0.27,8,0.18,4.2,-,-,0.03,1,0.0,0,0.0,0.0,3.8,A+,,0.2,0.32,#N/A!,#N/A!,#N/A!,0.14,0.41,16:13,,,,,,,,,,,,,0,1,0,0,0,-,1.0
丸亀,04R,1,5264.0,登みひ果,兵庫,B1,4.99,4.0,0.19,7,0.22,8,0.16,6,0.15,3.2,-,-,0.21,8,0.45,17,0.05,2.0,4.0,S,,0.167,0.333,#N/A!,#N/A!,#N/A!,0.34,0.18,16:41,,,,,,,,,,,,,-,3,2,3,0,0,8.0
丸亀,04R,2,5129.0,山口真喜子,長崎,A2,5.87,5.57,0.20,9,0.30,13,0.23,10,0.19,3.5,-,-,0.19,8,0.02,1,0.0,,3.0,A,,0.32,0.24,#N/A!,#N/A!,#N/A!,0.14,0.19,16:41,,,,,,,,,,,,,5,-,1,2,1,1,10.0
丸亀,04R,3,5163.0,清水愛海,山口,A1,6.14,6.67,0.23,9,0.23,9,0.21,8,0.15,3.6,-,-,0.03,1,0.08,3,0.13,5.0,2.2,-,,0.514,0.189,#N/A!,#N/A!,#N/A!,0.10,0.18,16:41,,,,,,,,,,,,,5,1,-,1,2,0,9.0
丸亀,04R,4,4387.0,平山智加,香川,A1,6.24,6.51,0.13,7,0.23,12,0.25,13,0.15,2.8,-,-,0.02,1,0.07,4,0.02,1.0,4.0,A,,0.362,0.34,#N/A!,#N/A!,#N/A!,0.26,0.07,16:41,,,,,,,,,,,,,2,1,1,-,3,1,8.0
丸亀,04R,5,5118.0,野田なづき,佐賀,B1,5.75,4.38,0.11,4,0.18,7,0.11,4,0.18,3.6,-,-,0.0,0,0.0,0,0.11,4.0,3.0,C,隠F,0.333,0.278,#N/A!,#N/A!,#N/A!,0.13,0.08,16:41,,,,,,,,,,,,,3,0,0,0,-,1,4.0
丸亀,04R,6,5213.0,湯淺紀香,群馬,A2,5.02,4.69,0.07,3,0.04,2,0.16,7,0.22,4.7,-,-,0.02,1,0.0,0,0.0,0.0,4.2,B+,,0.375,0.208,#N/A!,#N/A!,#N/A!,0.02,0.44,16:41,,,,,,,,,,,,,1,0,0,0,0,-,1.0
丸亀,05R,1,4347.0,魚谷香織,福岡,A2,6.16,5.91,0.52,27,0.23,12,0.08,4,0.17,3.4,-,-,0.15,8,0.13,7,0.13,7.0,2.8,C,,0.407,0.222,#N/A!,#N/A!,#N/A!,0.22,0.13,17:10,,,,,,,,,,,,,-,13,5,6,3,2,29.0
丸亀,05R,2,5241.0,門田栞,香川,B1,4.91,4.34,0.09,4,0.25,11,0.27,12,0.18,3.4,-,-,0.05,2,0.05,2,0.0,,3.2,A+,,0.417,0.333,#N/A!,#N/A!,#N/A!,0.20,0.20,17:10,,,,,,,,,,,,,4,-,0,0,0,0,4.0
丸亀,05R,3,4456.0,鎌倉涼,大阪,A1,6.96,7.82,0.21,9,0.38,16,0.10,4,0.16,3.3,-,-,0.02,1,0.09,4,0.07,3.0,3.8,A+,,0.327,0.255,#N/A!,#N/A!,#N/A!,0.14,0.07,17:10,,,,,,,,,,,,,4,1,-,4,0,1,10.0
丸亀,05R,4,4590.0,渡邉優美,福岡,A1,6.12,7.32,0.09,4,0.30,14,0.23,11,0.15,3.3,-,-,0.06,3,0.02,1,0.0,0.0,4.4,B+,,0.46,0.22,#N/A!,#N/A!,#N/A!,0.15,0.06,17:10,,,,,,,,,,,,,1,0,1,-,1,1,4.0
丸亀,05R,5,5205.0,刑部亜里紗,静岡,A2,5.51,6.1,0.02,1,0.19,9,0.25,12,0.21,4.5,-,-,0.0,0,0.0,0,0.02,1.0,4.8,B+,,0.233,0.367,#N/A!,#N/A!,#N/A!,0.00,0.29,17:10,,,,,,,,,,,,,0,0,0,0,-,1,1.0
丸亀,05R,6,5194.0,大久保佑香,埼玉,B1,4.48,4.89,0.00,0,0.00,0,0.14,5,0.17,3.4,-,-,0.0,0,0.0,0,0.0,0.0,3.0,-,,0.267,0.267,#N/A!,#N/A!,#N/A!,0.29,0.20,17:10,,,,,,,,,,,,,0,0,0,0,0,-,0.0
丸亀,06R,1,3611.0,岩崎芳美,徳島,A2,5.76,6.12,0.57,33,0.26,15,0.07,4,0.14,2.6,-,-,0.1,6,0.17,10,0.14,8.0,2.4,B+,隠F,0.323,0.419,#N/A!,#N/A!,#N/A!,0.40,0.09,17:39,,,,,,,,,,,,,-,11,13,4,4,0,32.0
丸亀,06R,2,4208.0,三浦永理,静岡,A1,7.01,7.7,0.20,11,0.24,13,0.20,11,0.15,3.3,-,-,0.11,6,0.06,3,0.0,,4.2,S,,0.381,0.357,#N/A!,#N/A!,#N/A!,0.13,0.09,17:39,,,,,,,,,,,,,5,-,2,3,0,0,10.0
丸亀,06R,3,5173.0,谷口佳蓮,香川,B1,4.84,4.4,0.09,3,0.06,2,0.24,8,0.15,2.5,-,-,0.03,1,0.03,1,0.03,1.0,3.8,-,,0.333,0.2,#N/A!,#N/A!,#N/A!,0.35,0.00,17:39,,,,,,,,,,,,,1,1,-,0,1,0,3.0
丸亀,06R,4,4447.0,深川麻奈美,福岡,A1,5.06,6.67,0.15,7,0.22,10,0.17,8,0.17,3.3,-,-,0.04,2,0.02,1,0.09,4.0,3.0,-,,0.36,0.32,#N/A!,#N/A!,#N/A!,0.19,0.13,17:39,,,,,,,,,,,,,1,2,5,-,1,0,9.0
丸亀,06R,5,5310.0,土屋蘭,岡山,B1,4.38,2.95,0.03,1,0.03,1,0.18,6,0.18,3.8,-,-,0.0,0,0.0,0,0.0,0.0,3.6,C,隠F,0.5,0.333,#N/A!,#N/A!,#N/A!,0.05,0.21,17:39,,,,,,,,,,,,,0,0,0,0,-,0,0.0
丸亀,06R,6,4825.0,倉持莉々,東京,A1,6.69,0.0,0.08,3,0.26,10,0.13,5,0.13,3.2,-,-,0.0,0,0.0,0,0.0,0.0,3.4,C,,0.571,0.214,#N/A!,#N/A!,#N/A!,0.26,0.16,17:39,,,,,,,,,,,,,0,0,0,0,0,-,0.0
丸亀,07R,1,4011.0,堀之内紀代子,岡山,A1,5.64,4.56,0.72,39,0.11,6,0.00,0,0.15,2.7,-,-,0.09,5,0.11,6,0.07,4.0,3.8,A,,0.211,0.395,#N/A!,#N/A!,#N/A!,0.36,0.07,18:08,,,,,,,,,,,,,-,9,16,9,3,2,39.0
丸亀,07R,2,4123.0,細川裕子,愛知,A1,6.6,6.96,0.13,7,0.30,16,0.21,11,0.18,4.2,-,-,0.07,4,0.02,1,0.0,,3.0,B+,,0.391,0.239,#N/A!,#N/A!,#N/A!,0.04,0.27,18:08,,,,,,,,,,,,,3,-,2,0,2,1,8.0
丸亀,07R,3,4450.0,平高奈菜,香川,A2,6.13,6.37,0.16,7,0.23,10,0.20,9,0.15,3.2,-,-,0.0,0,0.02,1,0.12,5.0,4.0,B+,,0.361,0.306,#N/A!,#N/A!,#N/A!,0.16,0.09,18:08,,,,,,,,,,,,,5,0,-,1,1,0,7.0
丸亀,07R,4,3618.0,海野ゆかり,広島,A1,6.43,5.09,0.14,8,0.16,9,0.23,13,0.16,2.7,-,-,0.02,1,0.14,8,0.0,0.0,3.0,-,,0.333,0.405,#N/A!,#N/A!,#N/A!,0.35,0.07,18:08,,,,,,,,,,,,,2,1,0,-,4,2,9.0
丸亀,07R,5,5155.0,内山七海,福岡,B1,6.22,4.35,0.08,3,0.25,9,0.11,4,0.17,3.4,-,-,0.0,0,0.02,1,0.05,2.0,2.6,-,,0.5,0.167,#N/A!,#N/A!,#N/A!,0.21,0.19,18:08,,,,,,,,,,,,,1,2,0,0,-,1,4.0
丸亀,07R,6,5195.0,北村寧々,長崎,B1,5.49,4.7,0.00,0,0.03,1,0.23,8,0.16,3.1,-,-,0.0,0,0.0,0,0.0,0.0,3.4,-,,0.389,0.333,#N/A!,#N/A!,#N/A!,0.25,0.13,18:08,,,,,,,,,,,,,0,0,0,0,0,-,0.0
丸亀,08R,1,4938.0,小芦るり華,佐賀,A1,6.96,6.4,0.75,46,0.13,8,0.02,1,0.15,2.7,-,-,0.05,3,0.06,4,0.11,7.0,2.6,-,,0.295,0.364,#N/A!,#N/A!,#N/A!,0.34,0.11,18:38,,,,,,,,,,,,,-,15,15,5,8,3,46.0
丸亀,08R,2,4900.0,中田夕貴,埼玉,A2,4.96,3.67,0.11,6,0.26,14,0.21,11,0.18,3.8,-,-,0.06,3,0.02,1,0.0,,2.8,-,,0.257,0.371,#N/A!,#N/A!,#N/A!,0.06,0.20,18:38,,,,,,,,,,,,,0,-,0,1,3,1,5.0
丸亀,08R,3,4823.0,中村桃佳,香川,A1,6.35,6.2,0.22,10,0.16,7,0.20,9,0.13,2.3,-,-,0.06,3,0.12,6,0.04,2.0,4.6,B+,,0.5,0.25,#N/A!,#N/A!,#N/A!,0.33,0.04,18:38,,,,,,,,,,,,,3,3,-,4,2,1,13.0
丸亀,08R,4,5019.0,柴田百恵,静岡,A2,5.03,0.0,0.11,4,0.27,10,0.14,5,0.16,3.4,-,-,0.02,1,0.05,2,0.02,1.0,2.2,-,,0.429,0.357,#N/A!,#N/A!,#N/A!,0.10,0.10,18:38,,,,,,,,,,,,,3,0,1,-,0,0,4.0
丸亀,08R,5,4433.0,川野芽唯,福岡,A1,6.78,6.47,0.08,4,0.19,10,0.28,15,0.21,4.1,-,-,0.0,0,0.0,0,0.02,1.0,5.0,S,,0.369,0.4,#N/A!,#N/A!,#N/A!,0.04,0.20,18:38,,,,,,,,,,,,,1,1,0,1,-,0,3.0
丸亀,08R,6,5146.0,野田彩加,山口,B1,5.59,3.75,0.03,1,0.03,1,0.16,6,0.16,3.8,-,-,0.03,1,0.0,0,0.0,0.0,3.6,A,,0.105,0.368,#N/A!,#N/A!,#N/A!,0.18,0.30,18:38,,,,,,,,,,,,,0,1,0,0,0,-,1.0
丸亀,09R,1,4845.0,前田紗希,埼玉,A1,7.25,5.3,0.66,42,0.13,8,0.09,6,0.15,2.4,-,-,0.11,7,0.11,7,0.08,5.0,3.8,A,,0.35,0.3,#N/A!,#N/A!,#N/A!,0.41,0.08,19:09,,,,,,,,,,,,,-,16,12,8,8,0,44.0
丸亀,09R,2,4642.0,松尾夏海,香川,A1,6.43,5.64,0.27,13,0.25,12,0.15,7,0.17,3.5,-,-,0.11,6,0.13,7,0.0,,3.4,B+,,0.346,0.288,#N/A!,#N/A!,#N/A!,0.09,0.15,19:09,,,,,,,,,,,,,6,-,5,2,0,1,14.0
丸亀,09R,3,5203.0,神里琴音,福岡,B1,4.97,5.29,0.13,6,0.11,5,0.15,7,0.15,2.7,-,-,0.02,1,0.11,5,0.0,0.0,4.8,A+,,0.385,0.308,#N/A!,#N/A!,#N/A!,0.33,0.02,19:09,,,,,,,,,,,,,1,2,-,0,1,2,6.0
丸亀,09R,4,4530.0,小野生奈,福岡,A1,6.92,6.9,0.19,8,0.23,10,0.09,4,0.16,3.3,-,-,0.02,1,0.16,8,0.02,1.0,4.4,B+,,0.418,0.291,#N/A!,#N/A!,#N/A!,0.20,0.16,19:09,,,,,,,,,,,,,2,2,0,-,4,2,10.0
丸亀,09R,5,5163.0,清水愛海,山口,A1,6.14,6.67,0.15,5,0.12,4,0.21,7,0.16,3.5,-,-,0.0,0,0.0,0,0.12,4.0,2.2,-,,0.514,0.189,#N/A!,#N/A!,#N/A!,0.12,0.03,19:09,,,,,,,,,,,,,2,2,0,1,-,0,5.0
丸亀,09R,6,5188.0,武井莉里佳,兵庫,A2,6.08,5.68,0.07,3,0.12,5,0.26,11,0.16,3.6,-,-,0.0,0,0.0,0,0.06,2.0,2.6,B+,,0.182,0.318,#N/A!,#N/A!,#N/A!,0.24,0.15,19:09,,,,,,,,,,,,,1,1,0,1,0,-,3.0
丸亀,10R,1,4387.0,平山智加,香川,A1,6.24,6.51,0.67,47,0.14,10,0.10,7,0.16,3.2,-,-,0.11,8,0.1,7,0.07,5.0,4.0,A,,0.362,0.34,#N/A!,#N/A!,#N/A!,0.19,0.10,19:40,,,,,,,,,,,,,-,17,20,8,2,2,49.0
丸亀,10R,2,4456.0,鎌倉涼,大阪,A1,6.96,7.82,0.22,9,0.34,14,0.20,8,0.17,3.3,-,-,0.17,7,0.02,1,0.0,,3.8,A+,,0.327,0.255,#N/A!,#N/A!,#N/A!,0.07,0.05,19:40,,,,,,,,,,,,,4,-,0,0,4,1,9.0
丸亀,10R,3,4611.0,今井美亜,福井,A2,6.67,6.64,0.19,10,0.15,8,0.21,11,0.13,2.3,-,-,0.04,2,0.08,4,0.08,4.0,3.0,B+,,0.304,0.326,#N/A!,#N/A!,#N/A!,0.40,0.04,19:40,,,,,,,,,,,,,5,3,-,1,4,0,13.0
丸亀,10R,4,5182.0,宮崎安奈,埼玉,B1,4.95,0.0,0.10,4,0.03,1,0.18,7,0.14,3.1,-,-,0.08,3,0.0,0,0.0,0.0,4.2,B+,隠F,0.25,0.25,#N/A!,#N/A!,#N/A!,0.19,0.00,19:40,,,,,,,,,,,,,2,0,0,-,0,1,3.0
丸亀,10R,5,3435.0,寺田千恵,岡山,A1,5.87,6.46,0.02,1,0.26,12,0.24,11,0.13,2.9,-,-,0.0,0,0.0,0,0.02,1.0,3.4,C,,0.277,0.34,#N/A!,#N/A!,#N/A!,0.28,0.02,19:40,,,,,,,,,,,,,0,0,0,1,-,0,1.0
丸亀,10R,6,5193.0,米丸乃絵,福岡,A1,6.65,6.0,0.02,1,0.10,5,0.24,12,0.18,3.9,-,-,0.0,0,0.0,0,0.0,0.0,4.0,-,隠F,0.316,0.342,#N/A!,#N/A!,#N/A!,0.10,0.22,19:40,,,,,,,,,,,,,0,0,0,0,0,-,0.0
丸亀,11R,1,4590.0,渡邉優美,福岡,A1,6.12,7.32,0.67,52,0.15,12,0.09,7,0.14,3.0,-,-,0.14,11,0.14,11,0.06,5.0,4.4,B+,,0.46,0.22,#N/A!,#N/A!,#N/A!,0.24,0.11,20:12,,,,,,,,,,,,,-,25,14,5,5,5,54.0
丸亀,11R,2,4050.0,田口節子,岡山,A1,6.67,7.44,0.40,17,0.28,12,0.14,6,0.13,2.9,-,-,0.16,7,0.16,7,0.0,,3.8,C,,0.339,0.357,#N/A!,#N/A!,#N/A!,0.28,0.02,20:12,,,,,,,,,,,,,4,-,4,4,5,0,17.0
丸亀,11R,3,4825.0,倉持莉々,東京,A1,6.69,0.0,0.18,7,0.25,10,0.15,6,0.13,2.5,-,-,0.02,1,0.05,2,0.14,6.0,3.4,C,,0.571,0.214,#N/A!,#N/A!,#N/A!,0.33,0.07,20:12,,,,,,,,,,,,,5,1,-,2,1,0,9.0
丸亀,11R,4,5118.0,野田なづき,佐賀,B1,5.75,4.38,0.06,2,0.19,7,0.22,8,0.18,3.7,-,-,0.03,1,0.03,1,0.03,1.0,3.0,C,隠F,0.333,0.278,#N/A!,#N/A!,#N/A!,0.05,0.05,20:12,,,,,,,,,,,,,0,1,2,-,0,0,3.0
丸亀,11R,5,5218.0,山田理央,香川,A2,6.37,5.32,0.06,3,0.14,7,0.22,11,0.14,2.8,-,-,0.03,2,0.03,2,0.02,1.0,4.8,B+,,0.31,0.5,#N/A!,#N/A!,#N/A!,0.33,0.05,20:12,,,,,,,,,,,,,2,1,1,2,-,0,6.0
丸亀,11R,6,4190.0,長嶋万記,静岡,A1,0.0,6.8,0.06,2,0.11,4,0.20,7,0.17,4.1,-,-,0.0,0,0.0,0,0.0,0.0,3.0,B+,,0.281,0.312,#N/A!,#N/A!,#N/A!,0.12,0.27,20:12,,,,,,,,,,,,,0,0,0,0,0,-,0.0
丸亀,12R,1,5088.0,高憧四季,大阪,A1,6.81,6.71,0.69,59,0.15,13,0.07,6,0.15,2.5,-,-,0.09,8,0.1,9,0.1,9.0,4.0,A,,0.339,0.232,#N/A!,#N/A!,#N/A!,0.41,0.11,20:45,,,,,,,,,,,,,-,22,16,15,9,2,64.0
丸亀,12R,2,5281.0,井上遥妃,徳島,A1,6.2,5.73,0.30,12,0.30,12,0.15,6,0.14,2.7,-,-,0.22,9,0.07,3,0.0,,3.8,A,,0.409,0.364,#N/A!,#N/A!,#N/A!,0.39,0.12,20:45,,,,,,,,,,,,,8,-,3,1,1,0,13.0
丸亀,12R,3,4961.0,西橋奈未,福井,A1,6.11,6.52,0.18,9,0.16,8,0.18,9,0.15,3.1,-,-,0.04,2,0.11,5,0.04,2.0,4.0,B+,,0.378,0.311,#N/A!,#N/A!,#N/A!,0.19,0.04,20:45,,,,,,,,,,,,,4,3,-,2,1,1,11.0
丸亀,12R,4,4502.0,遠藤エミ,滋賀,A1,6.78,6.94,0.13,6,0.23,11,0.31,15,0.14,2.8,-,-,0.04,2,0.04,2,0.0,0.0,2.2,-,,0.396,0.312,#N/A!,#N/A!,#N/A!,0.30,0.04,20:45,,,,,,,,,,,,,2,1,0,-,3,0,6.0
丸亀,12R,5,4546.0,浜田亜理沙,埼玉,A1,5.57,6.16,0.03,1,0.18,7,0.29,11,0.17,3.5,-,-,0.0,0,0.0,0,0.0,0.0,3.0,C,,0.4,0.2,#N/A!,#N/A!,#N/A!,0.21,0.13,20:45,,,,,,,,,,,,,0,0,0,0,-,0,0.0
丸亀,12R,6,4963.0,實森美祐,広島,A1,6.75,6.97,0.03,1,0.18,7,0.18,7,0.16,3.5,-,-,0.0,0,0.0,0,0.03,1.0,2.0,C,,0.383,0.298,#N/A!,#N/A!,#N/A!,0.19,0.16,20:45,,,,,,,,,,,,,0,0,0,0,1,-,1.0
尼崎,01R,1,3975.0,小野寺智洋,香川,B1,5.94,6.66,0.43,20,0.28,13,0.11,5,0.13,2.4,0.16,2.0,0.2,10,0.1,5,0.16,8.0,3.4,-,,0.4,0.25,#N/A!,#N/A!,#N/A!,0.39,0.04,10:34,4,4,,,,,,,,,,,-,10,7,5,1,1,24.0
尼崎,01R,2,5324.0,畑田希咲,兵庫,B2,2.09,1.59,0.00,0,0.05,1,0.05,1,0.19,4.2,0.30,6.0,0.0,0,0.0,0,0.0,,2.6,B+,,0.333,0.0,#N/A!,#N/A!,#N/A!,0.05,0.20,10:34,4,,,,,,,,,,,,0,-,0,0,0,0,0.0
尼崎,01R,3,4446.0,和田兼輔,兵庫,A1,7.1,5.91,0.22,13,0.31,18,0.19,11,0.15,2.9,0.25,4.0,0.04,2,0.05,3,0.15,8.0,2.2,C,,0.446,0.179,#N/A!,#N/A!,#N/A!,0.31,0.06,10:34,3,,,,,,,,,,,,7,2,-,1,3,0,13.0
尼崎,01R,4,5247.0,大森翼,兵庫,B1,4.51,4.0,0.02,1,0.15,8,0.29,16,0.17,3.6,0.18,4.5,0.02,1,0.0,0,0.0,0.0,2.6,A,,0.0,0.375,#N/A!,#N/A!,#N/A!,0.11,0.13,10:34,5,3,,,,,,,,,,,1,0,0,-,0,0,1.0
尼崎,01R,5,4965.0,福岡泉水,兵庫,B1,4.92,4.46,0.06,2,0.15,5,0.21,7,0.18,3.1,0.44,4.0,0.0,0,0.02,1,0.02,1.0,2.4,S,,0.182,0.545,#N/A!,#N/A!,#N/A!,0.32,0.12,10:34,,,,,,,,,,,,,0,1,1,0,-,0,2.0
尼崎,01R,6,5470.0,坂口諒宗,兵庫,B2,0.0,0.0,#N/A!,#N/A!,#N/A!,#N/A!,#N/A!,#N/A!,#N/A!,#N/A!,0.53,6.0,0.0,#N/A!,0.0,#N/A!,0.0,,2.0,-,,,,#N/A!,#N/A!,#N/A!,#N/A!,#N/A!,10:34,6,,,,,,,,,,,,,,,,,-,
尼崎,02R,1,5297.0,南彩寧,兵庫,B1,3.26,2.15,0.18,2,0.18,2,0.09,1,0.24,4.2,0.25,5.0,0.14,2,0.43,6,0.29,4.0,3.4,A+,,0.0,0.0,#N/A!,#N/A!,#N/A!,0.07,0.36,11:02,4,,,,,,,,,,,,-,0,0,1,1,0,2.0
尼崎,02R,2,4821.0,妻鳥晋也,香川,B1,5.25,5.38,0.15,8,0.19,10,0.15,8,0.21,4.7,0.30,3.5,0.15,8,0.0,0,0.0,,3.4,B+,,0.667,0.167,#N/A!,#N/A!,#N/A!,0.02,0.44,11:02,5,2,,,,,,,,,,,3,-,1,2,1,1,8.0
尼崎,02R,3,4133.0,高橋正男,兵庫,A1,6.16,6.31,0.20,11,0.28,15,0.22,12,0.16,3.3,0.25,3.0,0.04,2,0.07,4,0.07,4.0,3.2,A,,0.4,0.286,#N/A!,#N/A!,#N/A!,0.16,0.11,11:02,2,,,,,,,,,,,,5,3,-,1,1,1,11.0
尼崎,02R,4,5161.0,登玉隼百,兵庫,A2,5.86,5.7,0.14,7,0.22,11,0.18,9,0.13,2.7,0.21,1.0,0.02,1,0.1,5,0.04,2.0,3.4,B+,,0.293,0.317,#N/A!,#N/A!,#N/A!,0.37,0.08,11:02,1,,,,,,,,,,,,1,1,2,-,4,0,8.0
尼崎,02R,5,5396.0,近藤来希,兵庫,B2,1.88,1.44,0.00,0,0.03,1,0.05,2,0.17,3.4,0.48,6.0,0.0,0,0.0,0,0.0,0.0,3.4,B+,,0.0,0.0,#N/A!,#N/A!,#N/A!,0.29,0.07,11:02,,,,,,,,,,,,,0,0,0,0,-,0,0.0
尼崎,02R,6,3572.0,安田政彦,兵庫,A2,4.77,5.36,0.00,0,0.13,6,0.20,9,0.22,4.8,0.10,1.0,0.0,0,0.0,0,0.0,0.0,2.2,A+,,0.24,0.32,#N/A!,#N/A!,#N/A!,0.07,0.58,11:02,1,,,,,,,,,,,,0,0,0,0,0,-,0.0
尼崎,03R,1,4449.0,中嶋達也,兵庫,B1,3.48,3.84,0.25,8,0.19,6,0.16,5,0.16,3.5,0.21,3.0,0.13,4,0.31,10,0.16,5.0,4.0,B+,,0.25,0.125,#N/A!,#N/A!,#N/A!,0.16,0.16,11:25,6,,,,,,,,,,,,-,3,1,2,2,0,8.0
尼崎,03R,2,4790.0,柳内敬太,兵庫,A2,6.39,5.62,0.20,9,0.17,8,0.24,11,0.16,3.2,0.25,3.0,0.11,5,0.06,3,0.0,,2.5,-,,0.333,0.333,#N/A!,#N/A!,#N/A!,0.21,0.06,11:25,6,,,,,,,,,,,,3,-,2,3,1,1,10.0
尼崎,03R,3,5003.0,来田衣織,兵庫,B1,4.79,3.69,0.09,5,0.20,11,0.13,7,0.18,3.4,0.34,6.0,0.0,0,0.02,1,0.04,2.0,2.6,A,,0.529,0.235,#N/A!,#N/A!,#N/A!,0.21,0.23,11:25,6,,,,,,,,,,,,2,0,-,2,0,0,4.0
尼崎,03R,4,4278.0,藤岡俊介,兵庫,A1,6.69,6.93,0.16,9,0.20,11,0.30,17,0.13,2.5,0.13,4.0,0.03,2,0.02,1,0.07,4.0,2.4,B+,,0.321,0.321,#N/A!,#N/A!,#N/A!,0.33,0.03,11:25,5,4,,,,,,,,,,,1,0,4,-,1,2,8.0
尼崎,03R,5,3484.0,芝田浩治,兵庫,A2,5.91,5.47,0.03,1,0.14,5,0.11,4,0.18,3.7,0.32,6.0,0.0,0,0.0,0,0.02,1.0,2.0,-,隠F,0.241,0.379,#N/A!,#N/A!,#N/A!,0.09,0.14,11:25,,,,,,,,,,,,,0,1,0,0,-,0,1.0
尼崎,03R,6,5456.0,今村天次朗,兵庫,B2,0.0,0.0,#N/A!,#N/A!,#N/A!,#N/A!,#N/A!,#N/A!,#N/A!,#N/A!,,,0.0,#N/A!,0.0,#N/A!,0.0,,,,,,,#N/A!,#N/A!,#N/A!,#N/A!,#N/A!,11:25,6,,,,,,,,,,,,,,,,,-,
尼崎,04R,1,4381.0,田路朋史,兵庫,A2,5.61,5.48,0.53,35,0.15,10,0.12,8,0.18,3.5,0.13,1.5,0.12,8,0.11,7,0.2,13.0,3.4,C,,0.324,0.324,#N/A!,#N/A!,#N/A!,0.27,0.23,11:53,3,6,,,,,,,,,,,-,12,12,5,5,1,35.0
尼崎,04R,2,5060.0,数原魁,兵庫,B1,6.15,5.37,0.13,7,0.19,10,0.27,14,0.17,3.8,0.15,3.0,0.08,4,0.04,2,0.0,,3.2,A,,0.435,0.261,#N/A!,#N/A!,#N/A!,0.16,0.24,11:53,1,,,,,,,,,,,,1,-,2,2,1,1,7.0
尼崎,04R,3,4289.0,落合直子,大阪,A2,5.68,5.03,0.13,7,0.23,12,0.21,11,0.13,2.6,0.10,1.0,0.02,1,0.04,2,0.02,1.0,2.8,-,,0.267,0.289,#N/A!,#N/A!,#N/A!,0.34,0.10,11:53,6,,,,,,,,,,,,2,3,-,0,0,0,5.0
尼崎,04R,4,4404.0,岸蔭亮,兵庫,B1,3.95,4.25,0.05,3,0.09,5,0.14,8,0.18,3.9,0.23,3.0,0.0,0,0.03,2,0.03,2.0,3.8,B+,隠F,0.222,0.333,#N/A!,#N/A!,#N/A!,0.05,0.14,11:53,3,,,,,,,,,,,,0,1,1,-,2,0,4.0
尼崎,04R,5,3854.0,吉川元浩,兵庫,A1,6.49,7.5,0.07,3,0.22,10,0.11,5,0.14,2.9,0.16,3.5,0.0,0,0.02,1,0.05,3.0,3.0,A,,0.341,0.171,#N/A!,#N/A!,#N/A!,0.22,0.06,11:53,,,,,,,,,,,,,3,1,1,0,-,0,5.0
尼崎,04R,6,5421.0,原田朱理,兵庫,B2,1.41,2.0,0.00,0,0.03,1,0.00,0,0.24,5.2,0.14,3.0,0.0,0,0.0,0,0.0,0.0,2.6,C,,0.0,0.0,#N/A!,#N/A!,#N/A!,0.02,0.53,11:53,6,,,,,,,,,,,,,,,,,-,
尼崎,05R,1,4295.0,小坂尚哉,兵庫,A1,7.18,6.75,0.75,60,0.18,14,0.06,5,0.14,2.3,0.33,5.5,0.06,5,0.06,5,0.11,9.0,2.6,-,,0.424,0.254,#N/A!,#N/A!,#N/A!,0.39,0.02,12:22,3,6,,,,,,,,,,,-,24,21,7,8,2,62.0
尼崎,05R,2,4925.0,森悠稀,兵庫,A2,5.52,5.82,0.08,4,0.27,14,0.27,14,0.15,3.1,0.20,1.0,0.06,3,0.02,1,0.0,,2.4,B+,,0.207,0.276,#N/A!,#N/A!,#N/A!,0.20,0.07,12:22,3,,,,,,,,,,,,1,-,2,0,1,0,4.0
尼崎,05R,3,4941.0,孫崎百世,滋賀,B1,4.99,4.4,0.22,8,0.11,4,0.30,11,0.20,4.2,0.25,3.0,0.11,4,0.0,0,0.03,1.0,3.0,A,隠F,0.0,0.5,#N/A!,#N/A!,#N/A!,0.00,0.21,12:22,4,,,,,,,,,,,,4,4,-,0,0,0,8.0
尼崎,05R,4,5440.0,薗頭心,兵庫,B2,1.59,1.07,0.00,0,0.50,1,0.00,0,0.00,0.0,0.27,6.0,0.0,0,0.0,0,0.0,0.0,3.6,A+,隠F,0.0,0.0,#N/A!,#N/A!,#N/A!,0.00,0.00,12:22,6,,,,,,,,,,,,,,,-,,,
尼崎,05R,5,3612.0,馬袋義則,兵庫,A1,6.51,6.38,0.10,6,0.21,13,0.16,10,0.14,3.0,0.27,6.0,0.0,0,0.0,0,0.05,2.0,2.8,C,,0.404,0.269,#N/A!,#N/A!,#N/A!,0.26,0.12,12:22,,,,,,,,,,,,,1,0,1,0,-,0,2.0
尼崎,05R,6,4375.0,照屋厚仁,兵庫,A2,5.9,5.98,0.04,2,0.12,6,0.18,9,0.19,4.2,0.10,1.0,0.0,0,0.0,0,0.0,0.0,3.0,B+,,0.359,0.256,#N/A!,#N/A!,#N/A!,0.11,0.30,12:22,2,,,,,,,,,,,,0,0,0,1,0,-,1.0
尼崎,06R,1,4055.0,吉田俊彦,兵庫,A1,5.91,6.62,0.64,46,0.22,16,0.01,1,0.14,3.0,0.11,2.5,0.08,6,0.03,2,0.18,14.0,1.8,-,,0.244,0.289,#N/A!,#N/A!,#N/A!,0.24,0.04,12:52,4,2,,,,,,,,,,,-,14,13,11,9,2,49.0
尼崎,06R,2,4154.0,森安弘雅,香川,B1,4.75,4.13,0.15,8,0.35,18,0.19,10,0.18,3.8,0.21,4.5,0.1,5,0.02,1,0.0,,2.6,B+,,0.35,0.3,#N/A!,#N/A!,#N/A!,0.10,0.15,12:52,5,1,,,,,,,,,,,3,-,2,2,0,1,8.0
尼崎,06R,3,5297.0,南彩寧,兵庫,B1,3.26,2.15,0.02,1,0.07,3,0.11,5,0.19,3.9,0.25,5.0,0.0,0,0.02,1,0.0,0.0,3.4,A+,,0.0,0.0,#N/A!,#N/A!,#N/A!,0.06,0.19,12:52,4,,,,,,,,,,,,1,0,-,1,0,0,2.0
尼崎,06R,4,5016.0,宮田龍馬,兵庫,A1,6.5,6.11,0.24,11,0.13,6,0.30,14,0.15,2.5,0.22,2.0,0.0,0,0.14,7,0.06,3.0,5.4,S,隠F,0.4,0.222,#N/A!,#N/A!,#N/A!,0.34,0.00,12:52,1,2,,,,,,,,,,,4,2,1,-,2,3,12.0
尼崎,06R,5,3577.0,向所浩二,兵庫,B1,4.43,5.44,0.06,2,0.12,4,0.09,3,0.14,2.7,0.21,3.5,0.0,0,0.06,2,0.0,0.0,4.8,S,,0.375,0.25,#N/A!,#N/A!,#N/A!,0.33,0.09,12:52,,,,,,,,,,,,,0,0,1,0,-,1,2.0
尼崎,06R,6,5470.0,坂口諒宗,兵庫,B2,0.0,0.0,#N/A!,#N/A!,#N/A!,#N/A!,#N/A!,#N/A!,#N/A!,#N/A!,0.53,6.0,0.0,#N/A!,0.0,#N/A!,0.0,,2.0,-,,,,#N/A!,#N/A!,#N/A!,#N/A!,#N/A!,12:52,6,,,,,,,,,,,,,,,,,-,
尼崎,07R,1,3484.0,芝田浩治,兵庫,A2,5.91,5.47,0.63,30,0.19,9,0.06,3,0.15,2.7,0.32,6.0,0.06,3,0.1,5,0.25,13.0,2.0,-,隠F,0.241,0.379,#N/A!,#N/A!,#N/A!,0.37,0.10,13:21,5,,,,,,,,,,,,-,11,8,6,4,3,32.0
尼崎,07R,2,5273.0,山下拓巳,兵庫,B1,4.18,3.56,0.13,7,0.19,10,0.17,9,0.17,3.9,0.31,4.0,0.09,5,0.02,1,0.0,,2.6,-,,0.6,0.267,#N/A!,#N/A!,#N/A!,0.17,0.28,13:21,5,3,,,,,,,,,,,3,-,1,1,2,0,7.0
尼崎,07R,3,4877.0,鈴谷一平,兵庫,A1,6.26,6.6,0.30,14,0.32,15,0.19,9,0.14,2.6,0.23,4.0,0.02,1,0.11,5,0.18,8.0,4.6,A,,0.341,0.25,#N/A!,#N/A!,#N/A!,0.31,0.02,13:21,5,,,,,,,,,,,,6,2,-,4,2,0,14.0
尼崎,07R,4,4512.0,高野哲史,兵庫,A1,6.56,7.19,0.11,6,0.18,10,0.37,21,0.16,3.2,0.14,2.5,0.03,2,0.03,2,0.03,2.0,4.2,A,,0.385,0.277,#N/A!,#N/A!,#N/A!,0.20,0.10,13:21,1,5,,,,,,,,,,,0,1,1,-,3,1,6.0
尼崎,07R,5,4654.0,篠田優也,兵庫,A2,6.46,6.51,0.03,1,0.24,9,0.29,11,0.16,3.2,0.26,4.0,0.0,0,0.0,0,0.04,2.0,2.6,C,,0.389,0.333,#N/A!,#N/A!,#N/A!,0.09,0.00,13:21,,,,,,,,,,,,,3,0,0,0,-,0,3.0
尼崎,07R,6,5396.0,近藤来希,兵庫,B2,1.88,1.44,0.01,1,0.00,0,0.01,1,0.21,4.3,0.48,6.0,0.0,0,0.0,0,0.01,1.0,3.4,B+,,0.0,0.0,#N/A!,#N/A!,#N/A!,0.11,0.32,13:21,6,,,,,,,,,,,,0,0,0,1,0,-,1.0
尼崎,08R,1,4290.0,稲田浩二,兵庫,A1,6.87,7.48,0.78,57,0.08,6,0.08,6,0.12,2.3,0.08,1.5,0.06,5,0.06,5,0.1,8.0,2.4,-,,0.286,0.286,#N/A!,#N/A!,#N/A!,0.51,0.09,14:02,3,3,,,,,,,,,,,-,16,16,16,6,4,58.0
尼崎,08R,2,4543.0,重木輝彦,兵庫,A1,6.95,6.48,0.24,13,0.20,11,0.24,13,0.15,2.9,0.20,3.0,0.23,12,0.02,1,0.0,,5.4,A+,,0.478,0.109,#N/A!,#N/A!,#N/A!,0.17,0.04,14:02,4,1,,,,,,,,,,,8,-,2,3,0,0,13.0
尼崎,08R,3,4105.0,松下直也,兵庫,B1,4.94,5.88,0.12,8,0.12,8,0.35,23,0.18,3.3,0.15,3.5,0.03,2,0.04,3,0.04,3.0,2.8,-,隠F,0.269,0.154,#N/A!,#N/A!,#N/A!,0.15,0.15,14:02,1,4,,,,,,,,,,,5,1,-,1,1,0,8.0
尼崎,08R,4,5324.0,畑田希咲,兵庫,B2,2.09,1.59,0.00,0,0.03,1,0.00,0,0.23,4.0,0.30,6.0,0.0,0,0.0,0,0.0,0.0,2.6,B+,,0.333,0.0,#N/A!,#N/A!,#N/A!,0.15,0.37,14:02,4,,,,,,,,,,,,0,0,0,-,0,0,0.0
尼崎,08R,5,4133.0,高橋正男,兵庫,A1,6.16,6.31,0.14,6,0.07,3,0.30,13,0.16,3.2,0.25,3.0,0.0,0,0.02,1,0.11,5.0,3.2,A,,0.4,0.286,#N/A!,#N/A!,#N/A!,0.26,0.04,14:02,,,,,,,,,,,,,3,0,3,0,-,1,7.0
尼崎,08R,6,4790.0,柳内敬太,兵庫,A2,6.39,5.62,0.04,2,0.07,4,0.16,9,0.17,3.9,0.25,3.0,0.0,0,0.0,0,0.03,2.0,2.5,-,,0.333,0.333,#N/A!,#N/A!,#N/A!,0.10,0.22,14:02,6,,,,,,,,,,,,0,0,2,0,0,-,2.0
尼崎,09R,1,5003.0,来田衣織,兵庫,B1,4.79,3.69,0.52,17,0.21,7,0.03,1,0.19,3.4,0.34,6.0,0.06,2,0.29,10,0.06,2.0,2.6,A,,0.529,0.235,#N/A!,#N/A!,#N/A!,0.23,0.20,14:34,6,,,,,,,,,,,,-,11,3,2,1,1,18.0
尼崎,09R,2,4289.0,落合直子,大阪,A2,5.68,5.03,0.22,12,0.19,10,0.24,13,0.15,2.9,0.10,1.0,0.2,12,0.05,3,0.0,,2.8,-,,0.267,0.289,#N/A!,#N/A!,#N/A!,0.32,0.08,14:34,6,,,,,,,,,,,,9,-,2,2,1,1,15.0
尼崎,09R,3,3994.0,小野桜,滋賀,B1,5.27,4.2,0.06,3,0.20,10,0.30,15,0.17,3.5,0.26,5.5,0.02,1,0.02,1,0.02,1.0,3.6,B+,,0.471,0.294,#N/A!,#N/A!,#N/A!,0.10,0.08,14:34,5,2,,,,,,,,,,,0,1,-,0,2,0,3.0
尼崎,09R,4,4965.0,福岡泉水,兵庫,B1,4.92,4.46,0.11,4,0.08,3,0.17,6,0.18,3.3,0.44,4.0,0.0,0,0.09,3,0.03,1.0,2.4,S,,0.182,0.545,#N/A!,#N/A!,#N/A!,0.18,0.15,14:34,4,,,,,,,,,,,,1,0,0,-,1,2,4.0
尼崎,09R,5,4243.0,西村歩,大阪,A2,5.4,5.09,0.11,5,0.13,6,0.20,9,0.16,2.8,0.10,2.5,0.0,0,0.02,1,0.08,4.0,3.4,C,,0.348,0.391,#N/A!,#N/A!,#N/A!,0.32,0.06,14:34,,,,,,,,,,,,,3,1,1,0,-,0,5.0
尼崎,09R,6,4941.0,孫崎百世,滋賀,B1,4.99,4.4,0.00,0,0.08,3,0.19,7,0.20,4.6,0.25,3.0,0.0,0,0.0,0,0.0,0.0,3.0,A,隠F,0.0,0.5,#N/A!,#N/A!,#N/A!,0.10,0.48,14:34,4,,,,,,,,,,,,0,1,0,0,0,-,1.0
尼崎,10R,1,3612.0,馬袋義則,兵庫,A1,6.51,6.38,0.59,52,0.20,18,0.07,6,0.14,2.6,0.27,6.0,0.13,12,0.14,13,0.13,12.0,2.8,C,,0.404,0.269,#N/A!,#N/A!,#N/A!,0.41,0.09,15:05,5,,,,,,,,,,,,-,20,14,11,6,2,53.0
尼崎,10R,2,4656.0,大崎翔,兵庫,B1,5.81,5.04,0.14,6,0.19,8,0.14,6,0.16,3.6,0.17,2.5,0.11,5,0.02,1,0.0,,2.4,-,,0.467,0.267,#N/A!,#N/A!,#N/A!,0.13,0.22,15:05,2,4,,,,,,,,,,,4,-,0,1,1,0,6.0
尼崎,10R,3,3854.0,吉川元浩,兵庫,A1,6.49,7.5,0.11,5,0.36,16,0.24,11,0.14,3.0,0.16,3.5,0.02,1,0.04,2,0.06,3.0,3.0,A,,0.341,0.171,#N/A!,#N/A!,#N/A!,0.31,0.08,15:05,3,1,,,,,,,,,,,2,1,-,3,1,0,7.0
尼崎,10R,4,4040.0,廣瀬将亨,兵庫,A2,5.93,5.75,0.18,12,0.11,7,0.25,16,0.14,3.0,0.11,3.0,0.0,0,0.11,7,0.05,3.0,2.2,C,,0.233,0.279,#N/A!,#N/A!,#N/A!,0.22,0.03,15:05,2,4,,,,,,,,,,,4,2,0,-,3,2,11.0
尼崎,10R,5,4449.0,中嶋達也,兵庫,B1,3.48,3.84,0.07,3,0.04,2,0.20,9,0.15,2.2,0.21,3.0,0.0,0,0.02,1,0.05,2.0,4.0,B+,,0.25,0.125,#N/A!,#N/A!,#N/A!,0.46,0.00,15:05,,,,,,,,,,,,,3,0,0,0,-,0,3.0
尼崎,10R,6,4472.0,尾嶋一広,兵庫,A1,6.25,6.43,0.00,0,0.20,10,0.25,13,0.16,3.4,0.12,1.5,0.0,0,0.0,0,0.0,0.0,4.0,A,,0.431,0.155,#N/A!,#N/A!,#N/A!,0.16,0.16,15:05,2,3,,,,,,,,,,,0,0,0,0,0,-,0.0
尼崎,11R,1,4278.0,藤岡俊介,兵庫,A1,6.69,6.93,0.73,58,0.11,9,0.03,2,0.11,1.8,0.13,4.0,0.09,7,0.07,6,0.09,7.0,2.4,B+,,0.321,0.321,#N/A!,#N/A!,#N/A!,0.65,0.03,15:38,5,4,,,,,,,,,,,-,20,17,13,6,4,60.0
尼崎,11R,2,3572.0,安田政彦,兵庫,A2,4.77,5.36,0.11,6,0.29,16,0.23,13,0.19,3.9,0.10,1.0,0.02,1,0.07,4,0.0,,2.2,A+,,0.24,0.32,#N/A!,#N/A!,#N/A!,0.10,0.22,15:38,1,,,,,,,,,,,,0,-,1,1,2,1,5.0
尼崎,11R,3,4002.0,古結宏,兵庫,A1,6.39,7.04,0.17,9,0.30,16,0.21,11,0.13,2.9,0.16,1.5,0.0,0,0.06,3,0.15,8.0,3.0,A,,0.372,0.302,#N/A!,#N/A!,#N/A!,0.19,0.06,15:38,1,1,,,,,,,,,,,5,4,-,0,2,1,12.0
尼崎,11R,4,4375.0,照屋厚仁,兵庫,A2,5.9,5.98,0.16,9,0.11,6,0.18,10,0.15,3.1,0.10,1.0,0.02,1,0.09,5,0.03,2.0,3.0,B+,,0.359,0.256,#N/A!,#N/A!,#N/A!,0.24,0.10,15:38,2,,,,,,,,,,,,2,4,1,-,2,1,10.0
尼崎,11R,5,4446.0,和田兼輔,兵庫,A1,7.1,5.91,0.02,1,0.31,17,0.20,11,0.15,3.1,0.25,4.0,0.0,0,0.02,1,0.0,0.0,2.2,C,,0.446,0.179,#N/A!,#N/A!,#N/A!,0.23,0.10,15:38,,,,,,,,,,,,,0,0,1,0,-,0,1.0
尼崎,11R,6,4404.0,岸蔭亮,兵庫,B1,3.95,4.25,0.00,0,0.02,1,0.02,1,0.19,4.1,0.23,3.0,0.0,0,0.0,0,0.0,0.0,3.8,B+,隠F,0.222,0.333,#N/A!,#N/A!,#N/A!,0.04,0.28,15:38,3,,,,,,,,,,,,0,0,0,0,0,-,0.0
尼崎,12R,1,5016.0,宮田龍馬,兵庫,A1,6.5,6.11,0.73,46,0.10,6,0.08,5,0.12,2.3,0.22,2.0,0.05,3,0.08,5,0.09,6.0,5.4,S,隠F,0.4,0.222,#N/A!,#N/A!,#N/A!,0.47,0.03,16:22,1,2,,,,,,,,,,,-,20,11,8,5,4,48.0
尼崎,12R,2,5161.0,登玉隼百,兵庫,A2,5.86,5.7,0.14,7,0.34,17,0.14,7,0.16,2.8,0.21,1.0,0.1,5,0.0,0,0.0,,3.4,B+,,0.293,0.317,#N/A!,#N/A!,#N/A!,0.21,0.04,16:22,1,,,,,,,,,,,,3,-,0,1,1,0,5.0
尼崎,12R,3,5126.0,山下大輝,兵庫,A1,6.68,5.18,0.25,15,0.28,17,0.18,11,0.15,3.1,0.19,5.0,0.02,1,0.17,10,0.07,4.0,3.4,B+,,0.205,0.341,#N/A!,#N/A!,#N/A!,0.17,0.10,16:22,1,2,,,,,,,,,,,3,3,-,4,5,1,16.0
尼崎,12R,4,4877.0,鈴谷一平,兵庫,A1,6.26,6.6,0.17,8,0.26,12,0.17,8,0.13,2.6,0.23,4.0,0.04,2,0.04,2,0.1,5.0,4.6,A,,0.341,0.25,#N/A!,#N/A!,#N/A!,0.38,0.06,16:22,5,,,,,,,,,,,,2,3,1,-,3,0,9.0
尼崎,12R,5,5060.0,数原魁,兵庫,B1,6.15,5.37,0.00,0,0.14,7,0.24,12,0.17,3.8,0.15,3.0,0.0,0,0.0,0,0.02,1.0,3.2,A,,0.435,0.261,#N/A!,#N/A!,#N/A!,0.09,0.13,16:22,,,,,,,,,,,,,0,0,1,0,-,0,1.0
尼崎,12R,6,4925.0,森悠稀,兵庫,A2,5.52,5.82,0.11,5,0.02,1,0.20,9,0.14,2.7,0.20,1.0,0.0,0,0.06,3,0.02,1.0,2.4,B+,,0.207,0.276,#N/A!,#N/A!,#N/A!,0.38,0.11,16:22,3,,,,,,,,,,,,4,0,0,0,0,-,4.0
住之江,01R,1,4377.0,濱本優一,大阪,A1,6.12,5.56,0.65,47,0.18,13,0.06,4,0.14,2.3,0.12,2.6,0.17,12,0.13,9,0.04,3.0,2.6,-,,0.383,0.234,#N/A!,#N/A!,#N/A!,0.50,0.06,15:15,4,5,6,,,,,,,,,,-,18,12,8,6,3,47.0
住之江,01R,2,4578.0,藤山雅弘,大阪,A1,5.81,6.24,0.20,10,0.39,19,0.14,7,0.16,3.2,0.15,3.6,0.16,8,0.08,4,0.0,,2.6,B+,,0.333,0.361,#N/A!,#N/A!,#N/A!,0.22,0.12,15:15,1,4,3,,,,,,,,,,8,-,1,1,1,1,12.0
住之江,01R,3,4508.0,野間大樹,大阪,B1,5.83,4.39,0.02,1,0.28,12,0.28,12,0.18,3.5,0.17,4.0,0.0,0,0.03,1,0.0,0.0,3.4,B+,,0.312,0.25,#N/A!,#N/A!,#N/A!,0.15,0.10,15:15,1,6,3,,,,,,,,,,0,0,-,0,1,0,1.0
住之江,01R,4,3963.0,原田秀弥,大阪,B1,5.83,6.17,0.12,5,0.26,11,0.16,7,0.15,2.8,0.13,2.6,0.0,0,0.04,2,0.04,2.0,3.8,S,,0.29,0.29,#N/A!,#N/A!,#N/A!,0.29,0.09,15:15,2,6,5,,,,,,,,,,1,1,2,-,2,0,6.0
住之江,01R,5,5393.0,藤原駿,大阪,B2,1.52,1.42,0.00,0,0.00,0,0.03,1,0.20,4.2,0.15,4.2,0.0,0,0.0,0,0.0,0.0,2.6,-,,0.0,0.0,#N/A!,#N/A!,#N/A!,0.20,0.20,15:15,,,,,,,,,,,,,,,,,-,,
住之江,01R,6,5467.0,野村羽玖,大阪,B2,0.0,0.0,#N/A!,#N/A!,#N/A!,#N/A!,#N/A!,#N/A!,#N/A!,#N/A!,0.16,4.0,0.0,#N/A!,0.0,#N/A!,0.0,,2.8,-,,,,#N/A!,#N/A!,#N/A!,#N/A!,#N/A!,15:15,5,,6,6,,,,,,,,,,,,,,-,
住之江,02R,1,5289.0,佃來紀,大阪,B1,5.83,3.82,0.63,25,0.08,3,0.08,3,0.15,3.1,0.08,2.3,0.11,4,0.16,6,0.03,1.0,2.0,-,,0.364,0.227,#N/A!,#N/A!,#N/A!,0.24,0.11,15:40,4,4,6,,,,,,,,,,-,10,4,5,3,1,23.0
住之江,02R,2,4908.0,上田龍星,大阪,A1,6.53,6.34,0.33,15,0.24,11,0.20,9,0.13,2.9,0.13,3.6,0.16,8,0.1,5,0.0,,4.0,B+,,0.373,0.254,#N/A!,#N/A!,#N/A!,0.16,0.06,15:40,2,1,6,,,,,,,,,,7,-,4,2,0,1,14.0
住之江,02R,3,4959.0,井上忠政,大阪,A1,7.28,6.76,0.20,10,0.31,15,0.29,14,0.16,3.6,0.17,4.3,0.02,1,0.1,5,0.06,3.0,3.2,-,,0.453,0.208,#N/A!,#N/A!,#N/A!,0.18,0.16,15:40,4,,2,1,,,,,,,,,6,1,-,2,3,0,12.0
住之江,02R,4,5036.0,福田翔吾,大阪,B1,5.26,5.29,0.12,6,0.12,6,0.10,5,0.15,3.3,0.07,1.0,0.04,2,0.08,4,0.0,0.0,3.0,-,,0.278,0.389,#N/A!,#N/A!,#N/A!,0.21,0.08,15:40,2,,4,4,,,,,,,,,0,2,0,-,2,2,6.0
住之江,02R,5,5221.0,竹間隆晟,大阪,A1,6.45,5.75,0.13,6,0.25,12,0.23,11,0.17,3.5,0.08,1.6,0.0,0,0.02,1,0.1,5.0,4.0,A,,0.26,0.28,#N/A!,#N/A!,#N/A!,0.20,0.08,15:40,,,,,,,,,,,,,2,1,2,1,-,1,7.0
住之江,02R,6,5450.0,藤本遼磨,大阪,B2,0.0,0.0,#N/A!,#N/A!,#N/A!,#N/A!,#N/A!,#N/A!,#N/A!,#N/A!,0.26,5.3,0.0,#N/A!,0.0,#N/A!,0.0,,2.4,-,,,,#N/A!,#N/A!,#N/A!,#N/A!,#N/A!,15:40,5,,5,6,,,,,,,,,,,,,,-,
住之江,03R,1,4651.0,佐藤大騎,大阪,B1,3.97,3.54,0.38,10,0.15,4,0.04,1,0.18,3.5,0.10,3.0,0.27,7,0.23,6,0.08,2.0,4.0,B+,隠F,0.4,0.3,#N/A!,#N/A!,#N/A!,0.23,0.15,16:08,6,,5,4,,,,,,,,,-,4,3,2,0,1,10.0
住之江,03R,2,4826.0,井上一輝,大阪,A1,6.98,6.69,0.26,16,0.39,24,0.16,10,0.13,2.9,0.16,4.0,0.18,11,0.05,3,0.0,,4.4,A,隠F,0.333,0.32,#N/A!,#N/A!,#N/A!,0.22,0.05,16:08,1,2,5,,,,,,,,,,7,-,5,2,2,0,16.0
住之江,03R,3,4044.0,湯川浩司,大阪,A1,6.84,6.51,0.23,13,0.23,13,0.18,10,0.16,3.6,0.10,3.0,0.02,1,0.05,3,0.08,5.0,3.8,A+,,0.373,0.255,#N/A!,#N/A!,#N/A!,0.18,0.16,16:08,3,2,3,,,,,,,,,,5,1,-,2,0,3,11.0
住之江,03R,4,5302.0,秋末秦悟,大阪,B1,3.77,2.09,0.00,0,0.04,1,0.07,2,0.20,3.6,0.09,1.3,0.0,0,0.0,0,0.0,0.0,3.0,C,隠F,0.333,0.111,#N/A!,#N/A!,#N/A!,0.00,0.15,16:08,1,,5,2,,,,,,,,,0,0,0,-,0,0,0.0
住之江,03R,5,4042.0,丸岡正典,大阪,A2,6.1,6.33,0.06,3,0.22,12,0.19,10,0.18,3.8,0.10,2.3,0.0,0,0.02,1,0.04,2.0,2.8,-,,0.333,0.244,#N/A!,#N/A!,#N/A!,0.15,0.14,16:08,,,,,,,,,,,,,1,0,0,2,-,0,3.0
住之江,03R,6,3556.0,田中信一郎,大阪,A1,6.71,6.22,0.02,1,0.10,5,0.20,10,0.14,3.6,0.14,4.0,0.0,0,0.02,1,0.0,0.0,2.0,-,,0.31,0.172,#N/A!,#N/A!,#N/A!,0.23,0.23,16:08,2,6,2,,,,,,,,,,1,0,0,0,0,-,1.0
住之江,04R,1,4427.0,秦英悟,大阪,A1,6.39,6.07,0.81,51,0.10,6,0.00,0,0.13,2.4,0.07,1.6,0.01,1,0.04,3,0.1,7.0,3.4,B+,,0.36,0.24,#N/A!,#N/A!,#N/A!,0.52,0.07,16:32,2,,4,1,,,,,,,,,-,19,13,17,4,2,55.0
住之江,04R,2,5054.0,佐々木大河,大阪,A2,6.43,4.78,0.19,8,0.23,10,0.21,9,0.15,2.8,0.10,2.0,0.11,4,0.05,2,0.0,,3.2,B+,,0.167,0.25,#N/A!,#N/A!,#N/A!,0.24,0.05,16:32,4,,1,2,,,,,,,,,2,-,3,0,1,0,6.0
住之江,04R,3,4639.0,雑賀勇貴,大阪,B1,4.6,4.55,0.07,4,0.26,14,0.22,12,0.17,3.3,0.21,4.3,0.0,0,0.04,2,0.02,1.0,3.6,B+,,0.353,0.294,#N/A!,#N/A!,#N/A!,0.13,0.07,16:32,5,,1,6,,,,,,,,,0,1,-,2,1,0,4.0
住之江,04R,4,4653.0,小野達哉,大阪,A1,6.58,6.71,0.13,7,0.24,13,0.26,14,0.13,2.9,0.10,3.3,0.02,1,0.04,2,0.06,3.0,3.2,C,,0.364,0.218,#N/A!,#N/A!,#N/A!,0.33,0.10,16:32,4,5,3,,,,,,,,,,1,1,1,-,4,0,7.0
住之江,04R,5,4538.0,笠置博之,大阪,A2,6.56,5.52,0.29,14,0.10,5,0.18,9,0.13,2.6,0.18,5.3,0.0,0,0.27,20,0.01,1.0,3.4,C,隠F,0.241,0.31,#N/A!,#N/A!,#N/A!,0.40,0.01,16:32,,,,,,,,,,,,,5,8,5,2,-,3,23.0
住之江,04R,6,3415.0,松井繁,大阪,A1,6.89,7.35,0.06,3,0.08,4,0.30,15,0.18,4.4,0.16,4.0,0.0,0,0.0,0,0.0,0.0,3.4,B+,,0.419,0.233,#N/A!,#N/A!,#N/A!,0.19,0.50,16:32,5,3,1,,,,,,,,,,0,0,0,0,0,-,0.0
住之江,05R,1,4788.0,小池哲也,大阪,A2,5.96,7.35,0.54,36,0.18,12,0.09,6,0.15,2.9,0.16,4.3,0.13,9,0.16,11,0.09,6.0,2.8,-,,0.371,0.343,#N/A!,#N/A!,#N/A!,0.25,0.05,17:00,4,6,3,,,,,,,,,,-,15,12,3,5,2,37.0
住之江,05R,2,4489.0,岩川仁士,大阪,B1,5.4,4.72,0.22,11,0.29,14,0.20,10,0.15,2.8,0.11,2.3,0.18,8,0.05,2,0.0,,4.0,C,,0.136,0.409,#N/A!,#N/A!,#N/A!,0.30,0.02,17:00,4,2,2,,,,,,,,,,2,-,5,1,1,1,10.0
住之江,05R,3,3904.0,森貴洋,大阪,B2,4.95,6.38,0.18,7,0.15,6,0.31,12,0.17,3.5,0.13,4.3,0.03,1,0.06,2,0.06,2.0,3.0,B+,,0.059,0.118,#N/A!,#N/A!,#N/A!,0.11,0.19,17:00,5,3,2,,,,,,,,,,4,1,-,0,1,0,6.0
住之江,05R,4,5325.0,澁川夏,大阪,B1,5.06,3.13,0.04,3,0.15,11,0.21,15,0.16,3.2,0.10,3.6,0.02,1,0.03,2,0.02,1.0,3.8,A+,,0.6,0.0,#N/A!,#N/A!,#N/A!,0.20,0.14,17:00,1,2,4,,,,,,,,,,1,0,0,-,1,2,4.0
住之江,05R,5,5381.0,有山望,大阪,B1,3.27,2.05,0.00,0,0.03,2,0.06,4,0.18,3.6,0.16,4.5,0.0,0,0.0,0,0.0,0.0,2.8,-,,0.0,0.0,#N/A!,#N/A!,#N/A!,0.18,0.21,17:00,,,,,,,,,,,,,1,0,0,0,-,0,1.0
住之江,05R,6,4719.0,上條暢嵩,大阪,A1,7.26,7.57,0.04,2,0.12,6,0.27,14,0.13,3.8,0.11,3.0,0.0,0,0.0,0,0.0,0.0,3.0,C,,0.328,0.328,#N/A!,#N/A!,#N/A!,0.09,0.26,17:00,1,,2,2,,,,,,,,,0,0,0,0,0,-,0.0
住之江,06R,1,3557.0,太田和美,大阪,A1,6.95,6.75,0.63,60,0.22,21,0.04,4,0.15,3.1,0.09,2.6,0.09,9,0.04,4,0.2,19.0,3.4,C,,0.533,0.167,#N/A!,#N/A!,#N/A!,0.22,0.13,17:33,4,,3,2,,,,,,,,,-,31,12,9,6,3,61.0
住之江,06R,2,5289.0,佃來紀,大阪,B1,5.83,3.82,0.06,3,0.26,14,0.11,6,0.18,3.7,0.08,2.3,0.04,2,0.04,2,0.0,,2.0,-,,0.364,0.227,#N/A!,#N/A!,#N/A!,0.18,0.19,17:33,4,4,6,,,,,,,,,,3,-,1,1,0,0,5.0
住之江,06R,3,4436.0,渋谷明憲,大阪,A2,6.47,6.34,0.19,12,0.34,21,0.24,15,0.15,2.9,0.17,4.3,0.03,2,0.05,3,0.08,5.0,3.4,-,,0.325,0.325,#N/A!,#N/A!,#N/A!,0.18,0.05,17:33,3,,5,6,,,,,,,,,6,2,-,1,2,0,11.0
住之江,06R,4,4384.0,鶴本崇文,大阪,A1,6.28,6.49,0.09,5,0.19,11,0.39,22,0.18,3.8,0.12,3.6,0.03,2,0.06,4,0.05,3.0,3.2,B+,,0.218,0.436,#N/A!,#N/A!,#N/A!,0.12,0.12,17:33,2,1,3,,,,,,,,,,0,4,2,-,2,1,9.0
住之江,06R,5,4168.0,石野貴之,大阪,A1,6.95,6.71,0.06,3,0.24,12,0.18,9,0.16,3.6,0.07,1.3,0.0,0,0.02,1,0.07,3.0,3.6,-,,0.418,0.291,#N/A!,#N/A!,#N/A!,0.16,0.20,17:33,,,,,,,,,,,,,2,1,0,1,-,0,4.0
住之江,06R,6,5467.0,野村羽玖,大阪,B2,0.0,0.0,#N/A!,#N/A!,#N/A!,#N/A!,#N/A!,#N/A!,#N/A!,#N/A!,0.16,4.0,0.0,#N/A!,0.0,#N/A!,0.0,,2.8,-,,,,#N/A!,#N/A!,#N/A!,#N/A!,#N/A!,17:33,5,,6,6,,,,,,,,,,,,,,-,
住之江,07R,1,5004.0,河野主樹,大阪,B1,5.81,4.94,0.39,13,0.24,8,0.18,6,0.16,2.9,0.21,4.3,0.17,6,0.26,9,0.06,2.0,3.0,A,,0.333,0.417,#N/A!,#N/A!,#N/A!,0.37,0.14,18:02,2,5,5,,,,,,,,,,-,6,5,2,2,2,17.0
住之江,07R,2,4832.0,権藤俊光,大阪,A1,6.94,7.11,0.32,14,0.25,11,0.09,4,0.15,3.1,0.15,5.0,0.22,10,0.07,3,0.0,,2.8,-,,0.333,0.306,#N/A!,#N/A!,#N/A!,0.22,0.11,18:02,5,,6,5,,,,,,,,,7,-,3,3,1,2,16.0
住之江,07R,3,4760.0,山崎郡,大阪,A1,7.37,7.04,0.19,11,0.36,21,0.19,11,0.14,3.0,0.09,3.0,0.0,0,0.06,4,0.09,6.0,3.2,-,,0.409,0.258,#N/A!,#N/A!,#N/A!,0.19,0.02,18:02,6,1,4,,,,,,,,,,4,2,-,3,2,0,11.0
住之江,07R,4,4631.0,新井英孝,大阪,B1,4.72,4.75,0.10,4,0.29,12,0.21,9,0.17,3.4,0.12,3.3,0.02,1,0.04,2,0.04,2.0,3.0,C,,0.16,0.44,#N/A!,#N/A!,#N/A!,0.18,0.16,18:02,3,5,4,,,,,,,,,,2,0,2,-,2,0,6.0
住之江,07R,5,4834.0,浜本裕己,大阪,A2,5.76,5.04,0.00,0,0.14,7,0.24,12,0.15,3.1,0.11,3.3,0.0,0,0.02,1,0.02,1.0,2.2,-,,0.351,0.324,#N/A!,#N/A!,#N/A!,0.25,0.13,18:02,,,,,,,,,,,,,1,1,0,0,-,0,2.0
住之江,07R,6,4578.0,藤山雅弘,大阪,A1,5.81,6.24,0.00,0,0.08,3,0.23,9,0.20,4.3,0.15,3.6,0.0,0,0.0,0,0.02,1.0,2.6,B+,,0.333,0.361,#N/A!,#N/A!,#N/A!,0.07,0.31,18:02,1,4,3,,,,,,,,,,1,0,0,0,0,-,1.0
住之江,08R,1,4044.0,湯川浩司,大阪,A1,6.84,6.51,0.67,53,0.15,12,0.03,2,0.13,3.1,0.10,3.0,0.09,7,0.12,10,0.11,9.0,3.8,A+,,0.373,0.255,#N/A!,#N/A!,#N/A!,0.23,0.11,18:32,3,2,3,,,,,,,,,,-,21,14,9,7,3,54.0
住之江,08R,2,4907.0,小池修平,大阪,A1,6.69,6.69,0.34,18,0.26,14,0.11,6,0.14,3.4,0.17,4.6,0.18,11,0.12,7,0.0,,3.6,S,,0.397,0.172,#N/A!,#N/A!,#N/A!,0.15,0.15,18:32,3,,4,1,,,,,,,,,12,-,7,0,1,0,20.0
住之江,08R,3,4397.0,西村拓也,大阪,A1,7.14,6.88,0.14,8,0.34,20,0.20,12,0.13,2.9,0.11,1.6,0.0,0,0.03,2,0.07,5.0,4.2,A,,0.295,0.213,#N/A!,#N/A!,#N/A!,0.14,0.09,18:32,2,,1,1,,,,,,,,,6,2,-,0,0,1,9.0
住之江,08R,4,4572.0,渡部悟,大阪,A2,5.27,4.86,0.03,1,0.18,6,0.18,6,0.12,2.8,0.12,2.6,0.0,0,0.0,0,0.03,1.0,4.2,B+,,0.238,0.429,#N/A!,#N/A!,#N/A!,0.21,0.05,18:32,3,,3,4,,,,,,,,,0,0,0,-,1,0,1.0
住之江,08R,5,5036.0,福田翔吾,大阪,B1,5.26,5.29,0.00,0,0.17,8,0.20,9,0.18,3.9,0.07,1.0,0.0,0,0.0,0,0.0,0.0,3.0,-,,0.278,0.389,#N/A!,#N/A!,#N/A!,0.08,0.19,18:32,,,,,,,,,,,,,0,0,0,0,-,0,0.0
住之江,08R,6,3963.0,原田秀弥,大阪,B1,5.83,6.17,0.04,2,0.08,4,0.16,8,0.19,4.4,0.13,2.6,0.0,0,0.0,0,0.0,0.0,3.8,S,,0.29,0.29,#N/A!,#N/A!,#N/A!,0.02,0.30,18:32,2,6,5,,,,,,,,,,1,0,0,0,0,-,1.0
住之江,09R,1,4042.0,丸岡正典,大阪,A2,6.1,6.33,0.67,50,0.17,13,0.03,2,0.17,3.6,0.10,2.3,0.05,4,0.09,7,0.16,12.0,2.8,-,,0.333,0.244,#N/A!,#N/A!,#N/A!,0.19,0.23,19:03,3,5,3,,,,,,,,,,-,14,15,11,8,2,50.0
住之江,09R,2,4311.0,岡村仁,大阪,A1,6.55,6.84,0.27,15,0.33,18,0.16,9,0.13,2.6,0.14,3.6,0.17,9,0.09,5,0.0,,3.4,C,,0.339,0.214,#N/A!,#N/A!,#N/A!,0.28,0.09,19:03,5,,1,3,,,,,,,,,9,-,3,1,1,1,15.0
住之江,09R,3,4908.0,上田龍星,大阪,A1,6.53,6.34,0.24,12,0.29,15,0.18,9,0.14,2.8,0.13,3.6,0.02,1,0.04,2,0.14,8.0,4.0,B+,,0.373,0.254,#N/A!,#N/A!,#N/A!,0.23,0.11,19:03,2,1,6,,,,,,,,,,7,3,-,1,1,2,14.0
住之江,09R,4,4377.0,濱本優一,大阪,A1,6.12,5.56,0.21,10,0.33,16,0.17,8,0.14,2.8,0.12,2.6,0.1,5,0.1,5,0.04,2.0,2.6,-,,0.383,0.234,#N/A!,#N/A!,#N/A!,0.35,0.14,19:03,4,5,6,,,,,,,,,,4,2,0,-,5,1,12.0
住之江,09R,5,4489.0,岩川仁士,大阪,B1,5.4,4.72,0.06,3,0.10,5,0.23,11,0.16,3.5,0.11,2.3,0.0,0,0.04,2,0.04,2.0,4.0,C,,0.136,0.409,#N/A!,#N/A!,#N/A!,0.09,0.09,19:03,,,,,,,,,,,,,1,1,0,0,-,2,4.0
住之江,09R,6,4538.0,笠置博之,大阪,A2,6.56,5.52,0.22,11,0.04,2,0.16,8,0.16,3.3,0.18,5.3,0.0,0,0.17,12,0.03,2.0,3.4,C,隠F,0.241,0.31,#N/A!,#N/A!,#N/A!,0.31,0.24,19:03,6,4,3,,,,,,,,,,7,4,1,2,0,-,14.0
住之江,10R,1,4384.0,鶴本崇文,大阪,A1,6.28,6.49,0.69,55,0.18,14,0.08,6,0.14,2.3,0.12,3.6,0.06,5,0.09,8,0.13,11.0,3.2,B+,,0.218,0.436,#N/A!,#N/A!,#N/A!,0.41,0.04,19:34,2,1,3,,,,,,,,,,-,13,25,8,8,4,58.0
住之江,10R,2,4659.0,木下翔太,大阪,A1,7.12,6.43,0.20,12,0.21,13,0.36,22,0.15,3.4,0.10,2.3,0.08,5,0.1,6,0.0,,3.6,A,,0.345,0.19,#N/A!,#N/A!,#N/A!,0.13,0.10,19:34,3,1,2,,,,,,,,,,2,-,2,2,5,1,12.0
住之江,10R,3,4719.0,上條暢嵩,大阪,A1,7.26,7.57,0.26,14,0.17,9,0.17,9,0.14,3.2,0.11,3.0,0.02,1,0.13,7,0.07,4.0,3.0,C,,0.328,0.328,#N/A!,#N/A!,#N/A!,0.11,0.13,19:34,1,,2,2,,,,,,,,,7,3,-,2,2,0,14.0
住之江,10R,4,5267.0,石本裕武,大阪,A1,6.73,6.34,0.15,8,0.29,16,0.24,13,0.15,2.7,0.17,3.2,0.04,2,0.09,5,0.02,1.0,3.2,C,隠F,0.235,0.314,#N/A!,#N/A!,#N/A!,0.29,0.04,19:34,3,3,S,1,,,,,,,,,4,3,2,-,2,0,11.0
住之江,10R,5,4653.0,小野達哉,大阪,A1,6.58,6.71,0.14,6,0.11,5,0.30,13,0.15,3.0,0.10,3.3,0.0,0,0.04,2,0.06,3.0,3.2,C,,0.364,0.218,#N/A!,#N/A!,#N/A!,0.28,0.10,19:34,,,,,,,,,,,,,2,1,1,1,-,2,7.0
住之江,10R,6,5376.0,吉田一心,大阪,B1,5.0,3.87,0.03,2,0.09,7,0.09,7,0.16,3.2,0.16,5.0,0.0,0,0.0,0,0.02,2.0,2.8,C,,0.4,0.2,#N/A!,#N/A!,#N/A!,0.31,0.16,19:34,6,,4,4,,,,,,,,,0,2,0,0,0,-,2.0
住之江,11R,1,4959.0,井上忠政,大阪,A1,7.28,6.76,0.79,54,0.12,8,0.01,1,0.14,3.2,0.17,4.3,0.07,5,0.03,2,0.07,5.0,3.2,-,,0.453,0.208,#N/A!,#N/A!,#N/A!,0.17,0.10,20:06,4,,2,1,,,,,,,,,-,26,11,8,11,3,59.0
住之江,11R,2,4788.0,小池哲也,大阪,A2,5.96,7.35,0.11,7,0.36,22,0.16,10,0.15,3.2,0.16,4.3,0.03,2,0.07,4,0.0,,2.8,-,,0.371,0.343,#N/A!,#N/A!,#N/A!,0.16,0.16,20:06,4,6,3,,,,,,,,,,0,-,3,2,0,1,6.0
住之江,11R,3,5004.0,河野主樹,大阪,B1,5.81,4.94,0.13,5,0.15,6,0.21,8,0.15,3.3,0.21,4.3,0.0,0,0.03,1,0.1,4.0,3.0,A,,0.333,0.417,#N/A!,#N/A!,#N/A!,0.21,0.15,20:06,2,5,5,,,,,,,,,,2,0,-,1,1,1,5.0
住之江,11R,4,4826.0,井上一輝,大阪,A1,6.98,6.69,0.19,12,0.18,11,0.19,12,0.13,2.6,0.16,4.0,0.02,1,0.17,10,0.02,1.0,4.4,A,隠F,0.333,0.32,#N/A!,#N/A!,#N/A!,0.29,0.03,20:06,1,2,5,,,,,,,,,,5,1,3,-,2,2,13.0
住之江,11R,5,3997.0,北村征嗣,大阪,A1,6.58,6.43,0.08,5,0.15,9,0.28,17,0.17,3.6,0.12,3.0,0.02,1,0.0,0,0.06,4.0,3.0,B+,,0.309,0.273,#N/A!,#N/A!,#N/A!,0.06,0.05,20:06,,,,,,,,,,,,,2,1,1,1,-,0,5.0
住之江,11R,6,4508.0,野間大樹,大阪,B1,5.83,4.39,0.05,2,0.09,4,0.23,10,0.21,4.2,0.17,4.0,0.03,1,0.0,0,0.0,0.0,3.4,B+,,0.312,0.25,#N/A!,#N/A!,#N/A!,0.14,0.41,20:06,1,6,3,,,,,,,,,,0,0,0,1,0,-,1.0
住之江,12R,1,4760.0,山崎郡,大阪,A1,7.37,7.04,0.84,70,0.05,4,0.04,3,0.14,3.1,0.09,3.0,0.02,2,0.07,6,0.04,3.0,3.2,-,,0.409,0.258,#N/A!,#N/A!,#N/A!,0.25,0.12,20:42,6,1,4,,,,,,,,,,-,30,19,10,7,5,71.0
住之江,12R,2,3556.0,田中信一郎,大阪,A1,6.71,6.22,0.13,7,0.23,12,0.29,15,0.14,2.9,0.14,4.0,0.06,3,0.06,3,0.0,,2.0,-,,0.31,0.172,#N/A!,#N/A!,#N/A!,0.26,0.08,20:42,2,6,2,,,,,,,,,,1,-,2,0,4,0,7.0
住之江,12R,3,3415.0,松井繁,大阪,A1,6.89,7.35,0.06,3,0.18,9,0.41,21,0.15,3.5,0.16,4.0,0.02,1,0.0,0,0.02,1.0,3.4,B+,,0.419,0.233,#N/A!,#N/A!,#N/A!,0.17,0.15,20:42,5,3,1,,,,,,,,,,1,0,-,0,1,2,4.0
住之江,12R,4,4907.0,小池修平,大阪,A1,6.69,6.69,0.20,10,0.31,15,0.14,7,0.13,2.7,0.17,4.6,0.08,4,0.12,6,0.02,1.0,3.6,S,,0.397,0.172,#N/A!,#N/A!,#N/A!,0.33,0.10,20:42,3,,4,1,,,,,,,,,9,0,0,-,3,0,12.0
住之江,12R,5,5325.0,澁川夏,大阪,B1,5.06,3.13,0.05,4,0.07,5,0.19,14,0.15,3.1,0.10,3.6,0.0,0,0.01,1,0.04,3.0,3.8,A+,,0.6,0.0,#N/A!,#N/A!,#N/A!,0.17,0.05,20:42,,,,,,,,,,,,,1,1,0,0,-,2,4.0
住之江,12R,6,5221.0,竹間隆晟,大阪,A1,6.45,5.75,0.06,3,0.10,5,0.20,10,0.15,3.4,0.08,1.6,0.04,2,0.0,0,0.0,0.0,4.0,A,,0.26,0.28,#N/A!,#N/A!,#N/A!,0.20,0.14,20:42,1,,2,4,,,,,,,,,0,0,1,2,0,-,3.0
びわこ,01R,1,3965.0,北中元樹,滋賀,A2,6.42,6.0,0.46,27,0.25,15,0.15,9,0.15,2.9,0.18,3.2,0.17,10,0.22,13,0.1,6.0,4.0,-,,0.36,0.28,B,4,4,0.35,0.12,10:40,5,1,5,,3,5,2,,,,,,-,10,7,6,1,2,26.0
びわこ,01R,2,3893.0,汐崎正則,愛知,B1,4.41,2.15,0.07,3,0.22,10,0.20,9,0.18,3.7,0.14,2.7,0.04,2,0.02,1,0.0,,4.2,A,,0.2,0.4,B,4,4,0.09,0.19,10:40,5,2,1,,4,6,4,,,,,,1,-,0,2,0,1,4.0
びわこ,01R,3,4750.0,井上尚悟,大阪,B1,4.97,4.8,0.10,5,0.22,11,0.18,9,0.17,3.4,0.17,4.7,0.02,1,0.04,2,0.02,1.0,4.4,B+,,0.273,0.182,C,3,3,0.21,0.15,10:40,3,1,5,,6,,4,1,,,,,2,1,-,2,1,0,6.0
びわこ,01R,4,4649.0,和田操拓,滋賀,A2,4.75,5.68,0.12,7,0.15,9,0.23,14,0.12,2.1,0.11,3.0,0.03,2,0.0,0,0.1,6.0,2.0,-,,0.333,0.25,D,3,2,0.38,0.02,10:40,2,6,5,,6,,2,2,,,,,3,2,1,-,1,1,8.0
びわこ,01R,5,4382.0,高山智至,滋賀,B1,5.05,4.13,0.05,2,0.05,2,0.17,7,0.17,3.6,0.15,4.0,0.0,0,0.0,0,0.04,2.0,3.0,A+,,0.25,0.25,B,4,4,0.11,0.09,10:40,,,,,,,,,,,,,0,0,1,0,-,2,3.0
びわこ,01R,6,5255.0,藤原仙二,滋賀,A2,6.68,5.17,0.07,3,0.12,5,0.16,7,0.17,3.3,0.20,4.7,0.02,1,0.02,1,0.02,1.0,6.0,S,,0.3,0.333,C,3,3,0.30,0.21,10:40,1,1,1,,3,2,3,,,,,,0,1,1,1,0,-,3.0
びわこ,02R,1,3721.0,守田俊介,滋賀,A1,6.24,8.0,0.79,53,0.09,6,0.04,3,0.13,2.2,0.14,3.0,0.08,6,0.07,5,0.04,3.0,3.2,A,,0.353,0.294,B,4,4,0.53,0.07,11:09,1,3,3,,4,4,6,2,,,,,-,20,19,10,6,2,57.0
びわこ,02R,2,5033.0,藤原孝斗,愛知,B1,4.44,3.78,0.07,3,0.16,7,0.13,6,0.16,3.1,0.10,2.2,0.06,3,0.0,0,0.0,,4.6,B+,,0.176,0.294,C,3,3,0.15,0.10,11:09,1,3,5,,2,5,5,,,,,,1,-,1,0,2,0,4.0
びわこ,02R,3,4943.0,八木治樹,愛知,B1,4.11,4.58,0.05,2,0.05,2,0.19,7,0.12,2.4,0.13,2.4,0.0,0,0.05,2,0.0,0.0,3.8,B+,,0.3,0.3,C,3,3,0.46,0.03,11:09,6,,3,,1,3,2,6,,,,,0,1,-,1,0,0,2.0
びわこ,02R,4,4388.0,是澤孝宏,滋賀,A2,5.97,6.55,0.06,3,0.33,17,0.18,9,0.17,3.3,0.22,4.5,0.0,0,0.04,2,0.0,0.0,4.6,A,,0.35,0.275,C,4,3,0.20,0.16,11:09,2,6,1,2,3,,3,,,,,,1,1,1,-,1,0,4.0
びわこ,02R,5,4039.0,村上功祐,大阪,A2,4.84,4.23,0.06,3,0.19,9,0.23,11,0.13,2.2,0.16,4.5,0.0,0,0.04,2,0.06,3.0,4.0,B+,,0.421,0.211,A,5,4,0.41,0.00,11:09,,,,,,,,,,,,,1,0,0,3,-,1,5.0
びわこ,02R,6,4047.0,吉永浩則,大阪,B1,4.17,4.09,0.00,0,0.00,0,0.03,1,0.21,4.6,0.17,3.4,0.0,0,0.0,0,0.0,0.0,3.0,-,未消化F,0.381,0.333,C,3,3,0.05,0.37,11:09,6,,5,2,6,,F,6,,,,,0,0,0,0,0,-,0.0
びわこ,03R,1,3918.0,深井利寿,滋賀,A2,6.58,6.79,0.50,30,0.20,12,0.12,7,0.18,3.1,0.14,2.0,0.11,7,0.1,6,0.23,14.0,4.0,B+,,0.3,0.333,C,4,3,0.21,0.10,11:37,3,3,4,,2,1,5,,,,,,-,11,10,5,6,1,33.0
びわこ,03R,2,4120.0,柘植政浩,滋賀,A2,5.87,6.19,0.16,9,0.43,24,0.13,7,0.15,3.3,0.22,4.5,0.11,6,0.0,0,0.0,,4.0,-,,0.444,0.222,C,3,3,0.08,0.06,11:37,2,3,4,,5,4,2,,,,,,1,-,2,1,2,2,8.0
びわこ,03R,3,5115.0,香川颯太,滋賀,B2,4.99,5.65,0.11,5,0.32,14,0.18,8,0.14,2.3,0.12,1.6,0.0,0,0.05,2,0.07,3.0,4.4,A+,,0.185,0.37,B,4,4,0.34,0.00,11:37,2,,2,,6,6,1,1,,,,,2,0,-,0,2,1,5.0
びわこ,03R,4,5379.0,廣部大明,滋賀,B2,2.61,2.01,0.00,0,0.07,1,0.27,4,0.21,4.4,0.19,4.4,0.0,0,0.0,0,0.0,0.0,3.2,A,,0.0,0.0,C,4,3,0.00,0.33,11:37,5,,6,4,4,,5,5,,,,,,,,-,,,
びわこ,03R,5,4761.0,山田晃大,滋賀,A2,5.65,5.42,0.06,3,0.06,3,0.23,11,0.12,2.4,0.11,2.2,0.0,0,0.0,0,0.04,2.0,3.4,C,,0.325,0.225,C,3,3,0.34,0.04,11:37,,,,,,,,,,,,,2,0,0,0,-,0,2.0
びわこ,03R,6,4325.0,新出浩司,大阪,B1,4.42,5.28,0.00,0,0.00,0,0.16,5,0.16,3.7,0.16,4.6,0.0,0,0.0,0,0.0,0.0,3.2,-,,0.455,0.364,C,3,3,0.20,0.20,11:37,6,,6,,5,5,3,5,,,,,0,0,0,0,0,-,0.0
びわこ,04R,1,3915.0,繁野谷圭介,大阪,A2,5.68,5.47,0.65,42,0.14,9,0.12,8,0.19,3.5,0.32,4.6,0.06,4,0.2,13,0.08,5.0,3.6,-,,0.167,0.405,B,4,4,0.25,0.20,12:05,4,,2,3,2,,4,4,,,,,-,7,17,6,6,6,42.0
びわこ,04R,2,4462.0,夏山亮平,大阪,B1,5.2,5.18,0.11,5,0.39,17,0.16,7,0.16,3.7,0.14,2.8,0.08,3,0.03,1,0.0,,3.8,A,,0.353,0.294,C,3,4,0.15,0.20,12:05,3,,3,,1,5,5,4,,,,,2,-,0,1,1,0,4.0
びわこ,04R,3,4405.0,南野利騰,福井,B1,4.05,5.55,0.02,1,0.16,8,0.12,6,0.17,3.5,0.14,2.2,0.02,1,0.02,1,0.0,0.0,5.0,S,,0.222,0.222,A,5,5,0.12,0.23,12:05,2,,3,,2,5,2,4,,,,,0,0,-,0,0,2,2.0
びわこ,04R,4,4448.0,青木玄太,滋賀,A1,6.68,7.21,0.11,5,0.33,15,0.20,9,0.15,3.3,0.14,4.0,0.02,1,0.12,5,0.02,1.0,3.2,B+,,0.371,0.257,C,4,3,0.19,0.16,12:05,4,4,1,,3,1,1,,,,,,5,1,0,-,1,1,8.0
びわこ,04R,5,4686.0,丸野一樹,滋賀,A1,6.77,7.31,0.12,5,0.16,7,0.23,10,0.17,3.4,0.11,1.6,0.07,3,0.0,0,0.04,2.0,4.6,B+,,0.36,0.32,C,3,3,0.22,0.13,12:05,,,,,,,,,,,,,1,1,2,1,-,0,5.0
びわこ,04R,6,4082.0,濱崎誠,大阪,B1,5.35,5.15,0.03,1,0.11,4,0.08,3,0.19,4.4,0.20,4.7,0.0,0,0.03,1,0.0,0.0,3.8,-,,0.222,0.278,C,3,4,0.08,0.32,12:05,6,2,2,,6,5,6,,,,,,0,1,0,0,0,-,1.0
びわこ,05R,1,5050.0,木下雄介,滋賀,A2,5.87,5.58,0.53,25,0.15,7,0.17,8,0.16,3.3,0.19,4.0,0.09,4,0.17,8,0.15,7.0,3.0,-,,0.174,0.304,C,3,3,0.17,0.06,12:36,2,5,1,5,4,,2,,,,,,-,6,7,5,5,1,24.0
びわこ,05R,2,4003.0,表憲一,福井,B1,5.43,5.81,0.15,7,0.26,12,0.19,9,0.18,4.0,0.16,3.0,0.11,5,0.02,1,0.0,,3.4,A,,0.438,0.062,C,4,2,0.13,0.36,12:36,4,2,4,,2,6,2,,,,,,2,-,3,1,0,1,7.0
びわこ,05R,3,4828.0,松山将吾,滋賀,A1,6.37,6.22,0.20,8,0.20,8,0.29,12,0.13,2.4,0.16,2.7,0.02,1,0.06,3,0.12,6.0,4.0,B+,,0.314,0.286,C,4,3,0.31,0.00,12:36,3,4,,,4,2,3,2,,,,,8,2,-,0,1,0,11.0
びわこ,05R,4,4750.0,井上尚悟,大阪,B1,4.97,4.8,0.04,2,0.15,8,0.11,6,0.17,3.3,0.17,4.7,0.02,1,0.06,3,0.0,0.0,4.4,B+,,0.273,0.182,C,3,3,0.23,0.17,12:36,3,1,5,,6,,4,1,,,,,2,0,0,-,2,0,4.0
びわこ,05R,5,4648.0,木村亮太,兵庫,B1,4.44,4.89,0.04,2,0.11,5,0.18,8,0.15,2.4,0.15,2.7,0.02,1,0.0,0,0.02,1.0,2.0,B+,,0.214,0.286,C,3,3,0.38,0.02,12:36,,,,,,,,,,,,,1,0,0,0,-,1,2.0
びわこ,05R,6,5017.0,澤田尚也,滋賀,A1,6.39,7.1,0.05,2,0.02,1,0.17,7,0.14,3.1,0.12,2.6,0.0,0,0.0,0,0.04,2.0,5.6,S,,0.395,0.349,B,4,4,0.27,0.13,12:36,6,,2,,1,1,1,1,,,,,0,0,1,1,1,-,3.0
びわこ,06R,1,3582.0,吉川昭男,滋賀,A2,5.99,6.11,0.63,40,0.16,10,0.05,3,0.15,2.9,0.13,2.6,0.12,8,0.14,9,0.11,7.0,2.0,B+,隠F,0.342,0.289,C,3,3,0.29,0.08,13:09,6,,4,,3,2,3,1,,,,,-,13,14,8,3,1,39.0
びわこ,06R,2,4382.0,高山智至,滋賀,B1,5.05,4.13,0.06,3,0.27,14,0.22,11,0.17,3.2,0.15,4.0,0.06,3,0.0,0,0.0,,3.0,A+,,0.25,0.25,B,4,4,0.22,0.08,13:09,3,4,6,,4,,2,3,,,,,2,-,1,0,1,0,4.0
びわこ,06R,3,3948.0,大町利克,大阪,B1,4.36,4.16,0.08,3,0.18,7,0.13,5,0.16,3.1,0.18,3.5,0.03,1,0.03,1,0.0,0.0,4.0,C,,0.5,0.143,C,3,4,0.10,0.10,13:09,4,6,6,,2,,5,6,,,,,1,0,-,1,1,0,3.0
びわこ,06R,4,4137.0,君島秀三,滋賀,A1,6.67,6.64,0.18,10,0.30,17,0.35,20,0.14,2.5,0.18,3.2,0.03,2,0.08,5,0.1,6.0,3.4,-,,0.306,0.245,D,3,2,0.33,0.10,13:09,5,,2,1,4,1,6,,,,,,5,2,2,-,4,0,13.0
びわこ,06R,5,5280.0,廣瀬凜,滋賀,A2,6.88,5.29,0.09,5,0.23,13,0.26,15,0.18,3.6,0.18,3.2,0.0,0,0.0,0,0.09,5.0,4.4,A,,0.342,0.237,C,4,3,0.13,0.16,13:09,,,,,,,,,,,,,3,2,1,1,-,0,7.0
びわこ,06R,6,5400.0,高村諒,滋賀,B2,1.83,1.25,0.00,0,0.00,0,0.01,1,0.19,4.1,0.13,3.2,0.0,0,0.0,0,0.01,1.0,3.0,B+,,0.0,0.0,C,3,3,0.10,0.32,13:09,6,5,4,,6,,6,6,,,,,0,0,0,1,0,-,1.0
びわこ,07R,1,5229.0,吉川晴人,滋賀,A2,5.69,5.64,0.64,34,0.08,4,0.13,7,0.16,3.4,0.12,4.0,0.09,5,0.11,6,0.11,6.0,4.8,B+,,0.441,0.294,C,3,3,0.21,0.18,13:39,3,,4,,1,3,3,4,,,,,-,18,10,4,5,1,38.0
びわこ,07R,2,3432.0,宮迫暢彦,大阪,B1,4.27,4.66,0.12,5,0.37,16,0.21,9,0.14,2.7,0.19,3.0,0.07,3,0.0,0,0.0,,2.4,B+,,0.385,0.231,C,3,3,0.22,0.07,13:39,4,,4,4,4,,5,3,,,,,4,-,0,1,0,0,5.0
びわこ,07R,3,3965.0,北中元樹,滋賀,A2,6.42,6.0,0.17,9,0.31,17,0.19,10,0.18,3.3,0.18,3.2,0.0,0,0.11,6,0.02,1.0,4.0,-,,0.36,0.28,B,4,4,0.22,0.11,13:39,5,1,5,,3,5,2,,,,,,3,2,-,1,2,0,8.0
びわこ,07R,4,4943.0,八木治樹,愛知,B1,4.11,4.58,0.12,4,0.12,4,0.21,7,0.13,2.5,0.13,2.4,0.0,0,0.03,1,0.03,1.0,3.8,B+,,0.3,0.3,C,3,3,0.30,0.06,13:39,6,,3,,1,3,2,6,,,,,1,0,1,-,0,1,3.0
びわこ,07R,5,4253.0,西川真人,滋賀,B1,4.1,4.52,0.04,2,0.00,0,0.20,10,0.19,3.9,0.19,3.7,0.0,0,0.0,0,0.02,1.0,3.0,-,,0.533,0.2,C,3,3,0.04,0.15,13:39,,,,,,,,,,,,,0,1,1,0,-,0,2.0
びわこ,07R,6,4262.0,馬場貴也,滋賀,A1,7.15,8.07,0.04,2,0.10,5,0.20,10,0.16,4.1,0.14,1.6,0.02,1,0.0,0,0.02,1.0,5.0,B+,,0.327,0.204,B,4,4,0.05,0.26,13:39,1,1,1,,3,2,1,1,,,,,0,2,0,0,0,-,2.0
びわこ,08R,1,4743.0,木村仁紀,滋賀,A1,6.58,6.7,0.69,51,0.15,11,0.09,7,0.13,2.2,0.14,3.0,0.05,4,0.15,12,0.12,9.0,4.0,C,,0.3,0.38,B,4,4,0.47,0.03,14:09,5,4,3,2,1,,5,,,,,,-,15,22,6,8,1,52.0
びわこ,08R,2,4411.0,沢田昭宏,大阪,A2,5.78,4.97,0.14,8,0.25,14,0.19,11,0.18,3.9,0.23,4.2,0.09,5,0.05,3,0.0,,2.4,B+,,0.353,0.294,C,4,3,0.05,0.20,14:09,4,,1,3,6,,5,5,,,,,4,-,1,1,1,1,8.0
びわこ,08R,3,4677.0,片橋幸貴,滋賀,B2,6.57,5.33,0.21,6,0.21,6,0.21,6,0.15,3.0,0.13,2.5,0.0,0,0.08,3,0.16,6.0,3.4,-,,0.355,0.387,C,3,3,0.19,0.16,14:09,3,2,6,,4,6,5,,,,,,4,4,-,1,1,0,10.0
びわこ,08R,4,5033.0,藤原孝斗,愛知,B1,4.44,3.78,0.00,0,0.09,4,0.15,7,0.18,3.7,0.10,2.2,0.0,0,0.0,0,0.0,0.0,4.6,B+,,0.176,0.294,C,3,3,0.16,0.16,14:09,1,3,5,,2,5,5,,,,,,0,0,0,-,0,0,0.0
びわこ,08R,5,4462.0,夏山亮平,大阪,B1,5.2,5.18,0.09,4,0.05,2,0.18,8,0.16,3.5,0.14,2.8,0.0,0,0.0,0,0.07,3.0,3.8,A,,0.353,0.294,C,3,4,0.04,0.11,14:09,,,,,,,,,,,,,1,0,2,1,-,0,4.0
びわこ,08R,6,4649.0,和田操拓,滋賀,A2,4.75,5.68,0.02,1,0.05,3,0.20,11,0.13,2.8,0.11,3.0,0.0,0,0.0,0,0.0,0.0,2.0,-,,0.333,0.25,D,3,2,0.33,0.09,14:09,2,6,5,,6,,2,2,,,,,0,0,1,0,0,-,1.0
びわこ,09R,1,4039.0,村上功祐,大阪,A2,4.84,4.23,0.44,20,0.27,12,0.11,5,0.17,3.5,0.16,4.5,0.13,6,0.15,7,0.19,9.0,4.0,B+,,0.421,0.211,A,5,4,0.17,0.13,14:39,1,5,,,2,3,4,4,,,,,-,10,4,5,1,2,22.0
びわこ,09R,2,3885.0,久田武,愛知,B1,5.71,6.13,0.17,8,0.24,11,0.22,10,0.17,3.4,0.17,3.2,0.11,5,0.04,2,0.0,,2.8,-,,0.182,0.303,B,4,4,0.17,0.17,14:39,5,,3,6,5,,6,3,,,,,3,-,0,2,1,1,7.0
びわこ,09R,3,3893.0,汐崎正則,愛知,B1,4.41,2.15,0.12,6,0.19,10,0.27,14,0.15,3.1,0.14,2.7,0.02,1,0.04,2,0.04,2.0,4.2,A,,0.2,0.4,B,4,4,0.10,0.08,14:39,5,2,1,,4,6,4,,,,,,5,1,-,0,0,0,6.0
びわこ,09R,4,4003.0,表憲一,福井,B1,5.43,5.81,0.00,0,0.24,10,0.29,12,0.18,3.9,0.16,3.0,0.0,0,0.0,0,0.0,0.0,3.4,A,,0.438,0.062,C,4,2,0.08,0.27,14:39,4,2,4,,2,6,2,,,,,,0,0,0,-,0,0,0.0
びわこ,09R,5,4120.0,柘植政浩,滋賀,A2,5.87,6.19,0.02,1,0.17,8,0.23,11,0.18,3.6,0.22,4.5,0.0,0,0.0,0,0.04,2.0,4.0,-,,0.444,0.222,C,3,3,0.09,0.09,14:39,,,,,,,,,,,,,1,0,0,1,-,0,2.0
びわこ,09R,6,3915.0,繁野谷圭介,大阪,A2,5.68,5.47,0.00,0,0.02,1,0.18,9,0.19,4.1,0.32,4.6,0.0,0,0.0,0,0.0,0.0,3.6,-,,0.167,0.405,B,4,4,0.10,0.31,14:39,4,,2,3,2,,4,4,,,,,0,0,0,0,0,-,0.0
びわこ,10R,1,5255.0,藤原仙二,滋賀,A2,6.68,5.17,0.65,31,0.10,5,0.10,5,0.17,3.5,0.20,4.7,0.06,3,0.13,6,0.1,5.0,6.0,S,,0.3,0.333,C,3,3,0.17,0.27,15:12,1,1,1,,3,2,3,,,,,,-,10,11,3,6,2,32.0
びわこ,10R,2,4686.0,丸野一樹,滋賀,A1,6.77,7.31,0.14,7,0.27,13,0.18,9,0.15,4.0,0.11,1.6,0.06,3,0.06,3,0.0,,4.6,B+,,0.36,0.32,C,3,3,0.04,0.23,15:12,4,2,2,,1,1,1,3,,,,,4,-,1,0,2,0,7.0
びわこ,10R,3,4137.0,君島秀三,滋賀,A1,6.67,6.64,0.25,15,0.28,17,0.12,7,0.13,2.4,0.18,3.2,0.02,1,0.12,7,0.1,6.0,3.4,-,,0.306,0.245,D,3,2,0.35,0.05,15:12,5,,2,1,4,1,6,,,,,,6,1,-,4,1,2,14.0
びわこ,10R,4,5115.0,香川颯太,滋賀,B2,4.99,5.65,0.05,2,0.26,11,0.21,9,0.14,2.8,0.12,1.6,0.0,0,0.0,0,0.03,1.0,4.4,A+,,0.185,0.37,B,4,4,0.24,0.08,15:12,2,,2,,6,6,1,1,,,,,0,0,1,-,1,0,2.0
びわこ,10R,5,5050.0,木下雄介,滋賀,A2,5.87,5.58,0.14,6,0.10,4,0.24,10,0.15,3.0,0.19,4.0,0.0,0,0.0,0,0.15,8.0,3.0,-,,0.174,0.304,C,3,3,0.21,0.04,15:12,,,,,,,,,,,,,3,1,2,2,-,0,8.0
びわこ,10R,6,3721.0,守田俊介,滋賀,A1,6.24,8.0,0.15,6,0.18,7,0.23,9,0.15,4.3,0.14,3.0,0.0,0,0.0,0,0.0,0.0,3.2,A,,0.353,0.294,B,4,4,0.10,0.30,15:12,1,3,3,,4,4,6,2,,,,,0,0,0,0,0,-,0.0
びわこ,11R,1,5017.0,澤田尚也,滋賀,A1,6.39,7.1,0.70,47,0.15,10,0.03,2,0.14,2.5,0.12,2.6,0.0,0,0.18,12,0.09,6.0,5.6,S,,0.395,0.349,B,4,4,0.41,0.07,15:51,6,,2,,1,1,1,1,,,,,-,20,16,7,6,1,50.0
びわこ,11R,2,4761.0,山田晃大,滋賀,A2,5.65,5.42,0.14,7,0.25,13,0.25,13,0.14,2.7,0.11,2.2,0.12,6,0.02,1,0.0,,3.4,C,,0.325,0.225,C,3,3,0.34,0.12,15:51,5,1,1,,1,4,1,,,,,,3,-,1,2,1,0,7.0
びわこ,11R,3,4388.0,是澤孝宏,滋賀,A2,5.97,6.55,0.20,12,0.25,15,0.19,11,0.16,3.0,0.22,4.5,0.02,1,0.08,4,0.09,5.0,4.6,A,,0.35,0.275,C,4,3,0.26,0.13,15:51,2,6,1,2,3,,3,,,,,,4,3,-,0,4,1,12.0
びわこ,11R,4,4405.0,南野利騰,福井,B1,4.05,5.55,0.07,3,0.11,5,0.11,5,0.16,3.4,0.14,2.2,0.03,1,0.0,0,0.03,1.0,5.0,S,,0.222,0.222,A,5,5,0.16,0.14,15:51,2,,3,,2,5,2,4,,,,,0,1,0,-,0,2,3.0
びわこ,11R,5,5229.0,吉川晴人,滋賀,A2,5.69,5.64,0.07,4,0.20,12,0.24,14,0.14,2.6,0.12,4.0,0.0,0,0.0,0,0.08,5.0,4.8,B+,,0.441,0.294,C,3,3,0.21,0.02,15:51,,,,,,,,,,,,,4,0,0,1,-,0,5.0
びわこ,11R,6,3582.0,吉川昭男,滋賀,A2,5.99,6.11,0.16,8,0.12,6,0.08,4,0.00,0.0,0.13,2.6,0.0,0,0.0,0,0.0,0.0,2.0,B+,隠F,0.342,0.289,C,3,3,0.00,0.00,15:51,6,,4,,3,2,3,1,,,,,0,0,0,0,0,-,0.0
びわこ,12R,1,4262.0,馬場貴也,滋賀,A1,7.15,8.07,0.74,50,0.09,6,0.04,3,0.13,2.7,0.14,1.6,0.04,3,0.16,12,0.09,7.0,5.0,B+,,0.327,0.204,B,4,4,0.34,0.05,16:28,1,1,1,,3,2,1,1,,,,,-,18,12,13,9,3,55.0
びわこ,12R,2,5280.0,廣瀬凜,滋賀,A2,6.88,5.29,0.21,13,0.28,17,0.20,12,0.15,2.9,0.18,3.2,0.15,9,0.03,2,0.0,,4.4,A,,0.342,0.237,C,4,3,0.21,0.07,16:28,1,1,5,,2,,1,3,,,,,6,-,3,1,1,1,12.0
びわこ,12R,3,4448.0,青木玄太,滋賀,A1,6.68,7.21,0.25,11,0.32,14,0.18,8,0.15,3.0,0.14,4.0,0.0,0,0.06,3,0.1,5.0,3.2,B+,,0.371,0.257,C,4,3,0.21,0.10,16:28,4,4,1,,3,1,1,,,,,,8,0,-,1,1,1,11.0
びわこ,12R,4,4828.0,松山将吾,滋賀,A1,6.37,6.22,0.21,10,0.23,11,0.17,8,0.12,2.5,0.16,2.7,0.04,2,0.06,3,0.08,4.0,4.0,B+,,0.314,0.286,C,4,3,0.31,0.02,16:28,3,4,,,4,2,3,2,,,,,2,3,3,-,1,0,9.0
びわこ,12R,5,3918.0,深井利寿,滋賀,A2,6.58,6.79,0.09,4,0.22,10,0.09,4,0.18,3.8,0.14,2.0,0.0,0,0.0,0,0.08,4.0,4.0,B+,,0.3,0.333,C,4,3,0.08,0.12,16:28,,,,,,,,,,,,,2,1,0,1,-,0,4.0
びわこ,12R,6,4743.0,木村仁紀,滋賀,A1,6.58,6.7,0.02,1,0.16,9,0.26,15,0.17,4.1,0.14,3.0,0.0,0,0.0,0,0.02,1.0,4.0,C,,0.3,0.38,B,4,4,0.07,0.25,16:28,5,4,3,2,1,,5,,,,,,1,0,0,0,0,-,1.0
三国,01R,1,4469.0,土山卓也,福井,A2,6.03,5.83,0.63,31,0.22,11,0.06,3,0.16,2.7,0.15,4.0,0.02,1,0.11,5,0.17,8.0,3.4,C,,0.259,0.259,C,3,4,0.38,0.06,08:48,5,3,6,3,4,,,,,,,,-,8,10,7,5,1,31.0
三国,01R,2,4176.0,樋口喜彦,兵庫,B1,3.72,2.47,0.13,5,0.18,7,0.05,2,0.16,3.5,0.17,4.7,0.08,3,0.03,1,0.0,,2.2,C,,0.5,0.0,C,3,3,0.25,0.23,08:48,4,6,6,,6,,,,,,,,0,-,2,0,1,1,4.0
三国,01R,3,5187.0,小坂風太,福井,B1,2.17,4.92,0.00,0,0.18,7,0.23,9,0.16,3.5,0.17,3.7,0.0,0,0.0,0,0.0,0.0,2.5,-,,0.6,0.0,C,3,4,0.11,0.19,08:48,6,5,5,,5,,,,,,,,0,0,-,0,0,0,0.0
三国,01R,4,5185.0,加藤優弥,福井,B1,5.12,5.01,0.08,4,0.19,9,0.19,9,0.14,2.9,0.11,2.2,0.02,1,0.02,1,0.0,0.0,3.6,B+,隠F,0.28,0.32,B,4,4,0.28,0.11,08:48,2,,5,6,4,,,,,,,,1,1,0,-,1,0,3.0
三国,01R,5,5465.0,直江健成,福井,B2,0.0,0.0,#N/A!,#N/A!,#N/A!,#N/A!,#N/A!,#N/A!,#N/A!,#N/A!,0.25,5.2,0.0,#N/A!,0.0,#N/A!,0.0,,3.0,-,,,,D,2,3,#N/A!,#N/A!,08:48,,,,,,,,,,,,,,,,,-,,
三国,01R,6,4400.0,加藤奈月,福井,B1,3.88,4.55,0.00,0,0.00,0,0.15,5,0.20,4.7,0.20,4.4,0.0,0,0.0,0,0.0,0.0,2.3,B+,,0.4,0.4,A,5,4,0.03,0.46,08:48,4,6,4,,5,4,,,,,,,0,0,0,0,0,-,0.0
三国,02R,1,4415.0,下出卓矢,福井,A2,6.46,6.53,0.76,50,0.08,5,0.08,5,0.12,2.1,0.10,2.6,0.09,6,0.04,3,0.06,4.0,2.8,-,,0.362,0.277,B,4,4,0.47,0.03,09:14,4,,4,2,5,1,,,,,,,-,22,12,9,7,3,53.0
三国,02R,2,3833.0,中辻博訓,福井,A1,6.08,6.99,0.25,14,0.38,21,0.14,8,0.13,2.4,0.10,2.0,0.18,10,0.09,5,0.0,,3.2,B+,,0.288,0.365,C,3,4,0.35,0.02,09:14,1,6,1,4,1,,,,,,,,7,-,3,2,2,1,15.0
三国,02R,3,3620.0,信濃由行,福井,B1,4.13,4.33,0.02,1,0.06,3,0.19,9,0.18,3.5,0.15,3.7,0.0,0,0.0,0,0.02,1.0,2.8,S,隠F,0.5,0.312,C,4,3,0.11,0.13,09:14,4,,4,1,2,,,,,,,,1,0,-,0,0,0,1.0
三国,02R,4,3891.0,谷口健一,福井,B1,3.38,3.58,0.02,1,0.04,2,0.18,9,0.18,3.6,0.16,3.2,0.02,1,0.0,0,0.0,0.0,3.5,A+,,0.3,0.4,C,3,3,0.15,0.19,09:14,4,,2,2,1,,,,,,,,0,0,0,-,1,0,1.0
三国,02R,5,5251.0,沼田七華,福井,B2,2.28,2.3,0.00,0,0.00,0,0.00,0,0.18,4.0,0.13,3.2,0.0,0,0.0,0,0.0,0.0,3.0,C,,0.0,0.0,C,3,4,0.09,0.17,09:14,,,,,,,,,,,,,0,0,0,0,-,0,0.0
三国,02R,6,5355.0,萩原丈太朗,福井,B1,2.05,1.77,0.00,0,0.02,1,0.03,2,0.19,3.7,0.13,2.5,0.0,0,0.0,0,0.0,0.0,2.8,A,隠F,0.0,0.0,B,5,3,0.16,0.21,09:14,6,,6,6,4,,,,,,,,0,0,0,0,0,-,0.0
三国,03R,1,3388.0,今垣光太郎,福井,A1,6.92,7.68,0.73,38,0.12,6,0.10,5,0.14,3.1,0.12,1.8,0.09,5,0.07,4,0.07,4.0,2.6,B+,隠F,0.486,0.216,C,3,4,0.21,0.11,09:40,2,4,2,3,3,,,,,,,,-,21,8,7,4,2,42.0
三国,03R,2,4365.0,盛本真輔,兵庫,B1,5.68,5.88,0.12,7,0.25,15,0.23,14,0.17,3.8,0.14,2.8,0.02,1,0.09,5,0.0,,3.0,C,,0.4,0.3,C,3,4,0.12,0.23,09:40,4,4,3,,1,5,,,,,,,1,-,2,2,2,0,7.0
三国,03R,3,5038.0,金田智博,福井,A2,6.33,6.17,0.05,3,0.33,18,0.22,12,0.18,3.6,0.10,2.0,0.0,0,0.02,1,0.04,2.0,4.0,C,,0.424,0.212,B,4,4,0.12,0.14,09:40,2,1,4,,6,4,,,,,,,2,0,-,1,0,0,3.0
三国,03R,4,4664.0,東口晃,福井,B1,4.13,3.78,0.05,2,0.05,2,0.19,7,0.20,3.6,0.17,4.6,0.0,0,0.05,2,0.02,1.0,3.0,B+,,0.0,1.0,B,5,3,0.14,0.14,09:40,3,,2,3,4,6,,,,,,,1,0,0,-,1,1,3.0
三国,03R,5,5366.0,塩嶋泰空,福井,B2,1.21,1.17,0.00,0,0.00,0,0.00,0,0.19,3.8,0.10,3.5,0.0,0,0.0,0,0.0,0.0,3.0,A+,,0.0,0.0,C,3,4,0.20,0.30,09:40,,,,,,,,,,,,,,,,,-,,
三国,03R,6,3370.0,坪内実,大阪,B1,3.6,3.94,0.00,0,0.06,2,0.03,1,0.25,5.1,0.21,4.7,0.0,0,0.0,0,0.0,0.0,2.8,B+,,0.412,0.294,B,5,3,0.00,0.53,09:40,5,6,5,,2,,,,,,,,0,0,0,0,0,-,0.0
三国,04R,1,3654.0,武田光史,福井,A1,6.39,6.84,0.57,38,0.13,9,0.07,5,0.17,3.3,0.11,1.0,0.11,8,0.23,16,0.1,7.0,3.0,B+,,0.417,0.25,C,4,3,0.31,0.23,10:06,1,2,3,,1,4,,,,,,,-,18,8,11,1,2,40.0
三国,04R,2,5156.0,坂野さくら,福井,B1,4.54,4.78,0.09,5,0.24,13,0.16,9,0.19,3.7,0.18,4.8,0.05,3,0.04,2,0.0,,3.0,C,,0.368,0.105,D,2,3,0.11,0.16,10:06,3,3,5,,5,6,,,,,,,1,-,2,1,1,0,5.0
三国,04R,3,3692.0,竹腰正樹,福井,A2,4.64,4.93,0.07,3,0.34,14,0.24,10,0.14,2.8,0.14,3.6,0.02,1,0.07,3,0.0,0.0,1.8,-,,0.421,0.211,C,3,3,0.37,0.07,10:06,4,1,4,6,6,6,,,,,,,0,0,-,2,1,1,4.0
三国,04R,4,4066.0,東本勝利,三重,A1,6.07,5.6,0.15,8,0.13,7,0.31,16,0.17,3.7,0.12,2.6,0.0,0,0.12,6,0.0,0.0,3.2,B+,,0.415,0.244,C,3,3,0.16,0.16,10:06,3,5,1,2,4,,,,,,,,2,3,0,-,3,0,8.0
三国,04R,5,4735.0,角山雄哉,兵庫,B1,4.45,3.6,0.05,2,0.05,2,0.18,7,0.17,3.2,0.09,4.0,0.0,0,0.0,0,0.05,2.0,3.2,B+,,0.176,0.471,C,4,3,0.16,0.12,10:06,,,,,,,,,,,,,0,0,0,2,-,0,2.0
三国,04R,6,4692.0,酒井俊弘,福井,B1,5.15,5.18,0.11,4,0.11,4,0.14,5,0.12,2.4,0.09,2.5,0.0,0,0.11,6,0.02,1.0,3.5,A+,,0.286,0.429,C,3,4,0.51,0.15,10:06,1,,5,2,2,,,,,,,,3,1,1,1,1,-,7.0
三国,05R,1,5091.0,為本智也,福井,B1,6.29,6.02,0.70,31,0.11,5,0.07,3,0.15,3.1,0.17,4.0,0.05,2,0.11,5,0.02,1.0,3.8,B+,,0.207,0.276,A,5,4,0.34,0.23,10:36,1,,2,6,3,5,,,,,,,-,7,11,5,6,2,31.0
三国,05R,2,4298.0,宮下元胤,愛知,A1,6.23,6.29,0.07,4,0.42,23,0.22,12,0.16,3.8,0.18,5.2,0.0,0,0.06,3,0.0,,2.2,-,,0.343,0.229,D,2,3,0.09,0.15,10:36,2,,2,1,3,5,,,,,,,1,-,1,1,0,1,4.0
三国,05R,3,4876.0,梅木敬太,福井,B1,4.91,4.63,0.06,3,0.19,9,0.21,10,0.19,3.7,0.17,3.6,0.0,0,0.06,3,0.02,1.0,3.0,B+,,0.591,0.091,C,4,3,0.08,0.16,10:36,4,5,4,,4,4,,,,,,,1,2,-,0,1,0,4.0
三国,05R,4,4930.0,佐藤悠,福井,A2,5.69,5.85,0.24,12,0.16,8,0.14,7,0.13,2.2,0.12,1.8,0.0,0,0.27,13,0.0,0.0,3.4,B+,,0.379,0.276,D,2,3,0.44,0.04,10:36,3,6,1,6,S,,,,,,,,6,1,3,-,1,2,13.0
三国,05R,5,4666.0,日笠勝弘,大阪,B2,4.14,4.16,0.03,1,0.09,3,0.18,6,0.16,3.5,0.17,3.5,0.0,0,0.0,0,0.03,1.0,2.8,C,,0.5,0.1,C,4,3,0.11,0.08,10:36,,,,,,,,,,,,,1,0,0,0,-,0,1.0
三国,05R,6,4470.0,平田健之佑,三重,A1,5.93,5.6,0.02,1,0.13,8,0.18,11,0.18,3.8,0.12,3.0,0.02,1,0.0,0,0.0,0.0,3.4,A+,,0.393,0.214,B,4,4,0.19,0.26,10:36,2,,3,4,3,3,,,,,,,1,0,0,0,0,-,1.0
三国,06R,1,3922.0,菅沼佳昭,愛知,B1,3.92,3.68,0.29,11,0.24,9,0.11,4,0.18,3.4,0.19,4.2,0.2,8,0.28,11,0.13,5.0,2.2,C,,0.182,0.455,D,2,3,0.20,0.15,11:05,5,6,4,,4,5,,,,,,,-,3,4,2,2,0,11.0
三国,06R,2,4520.0,高倉孝太,福井,B1,6.28,5.27,0.13,7,0.20,11,0.25,14,0.14,2.7,0.12,2.7,0.04,2,0.0,0,0.0,,4.0,B+,,0.429,0.286,B,4,4,0.29,0.10,11:05,2,,4,1,3,,,,,,,,0,-,2,2,1,0,5.0
三国,06R,3,4176.0,樋口喜彦,兵庫,B1,3.72,2.47,0.03,1,0.13,5,0.13,5,0.13,3.2,0.17,4.7,0.0,0,0.03,1,0.03,1.0,2.2,C,,0.5,0.0,C,3,3,0.23,0.10,11:05,4,6,6,,6,,,,,,,,2,0,-,0,0,0,2.0
三国,06R,4,4415.0,下出卓矢,福井,A2,6.46,6.53,0.22,13,0.14,8,0.15,9,0.13,2.7,0.10,2.6,0.02,1,0.21,12,0.02,1.0,2.8,-,,0.362,0.277,B,4,4,0.28,0.05,11:05,4,,4,2,5,1,,,,,,,6,2,0,-,4,2,14.0
三国,06R,5,4061.0,萩原秀人,福井,A1,6.97,7.27,0.09,5,0.26,15,0.23,13,0.14,2.9,0.15,3.0,0.02,1,0.0,0,0.11,7.0,4.2,A+,,0.351,0.281,A,4,5,0.26,0.05,11:05,,,,,,,,,,,,,3,2,0,2,-,1,8.0
三国,06R,6,4161.0,黒柳浩孝,愛知,A2,5.37,4.1,0.04,2,0.08,4,0.19,10,0.17,3.2,0.10,3.4,0.0,0,0.0,0,0.0,0.0,2.8,A,,0.417,0.306,B,5,3,0.23,0.15,11:05,3,,1,2,3,3,,,,,,,0,0,0,0,1,-,1.0
三国,07R,1,4587.0,木田峰由季,福井,A2,6.49,6.15,0.52,29,0.32,18,0.07,4,0.14,2.3,0.14,3.2,0.12,7,0.12,7,0.21,12.0,2.2,C,隠F,0.276,0.345,C,3,3,0.47,0.02,11:35,3,4,1,,2,3,,,,,,,-,7,10,8,3,2,30.0
三国,07R,2,3370.0,坪内実,大阪,B1,3.6,3.94,0.02,1,0.21,11,0.10,5,0.19,4.4,0.21,4.7,0.0,0,0.02,1,0.0,,2.8,B+,,0.412,0.294,B,5,3,0.02,0.38,11:35,5,6,5,,2,,,,,,,,0,-,0,0,0,1,1.0
三国,07R,3,3548.0,室田泰史,福井,A2,5.53,5.82,0.10,6,0.25,15,0.37,22,0.13,2.0,0.11,2.6,0.0,0,0.02,1,0.05,3.0,3.0,B+,隠F,0.22,0.341,B,4,4,0.43,0.00,11:35,5,,5,6,2,4,,,,,,,2,1,-,4,0,0,7.0
三国,07R,4,4711.0,前出達吉,福井,B1,5.96,6.04,0.12,6,0.29,15,0.24,12,0.14,2.7,0.09,2.2,0.0,0,0.04,2,0.0,0.0,3.5,A,,0.471,0.235,D,2,3,0.30,0.06,11:35,2,,5,3,2,2,,,,,,,0,2,0,-,1,1,4.0
三国,07R,5,3814.0,金子貴志,福井,B1,4.98,4.88,0.02,1,0.02,1,0.10,5,0.19,4.0,0.19,4.0,0.0,0,0.0,0,0.04,2.0,4.0,S,,0.286,0.357,S,5,5,0.02,0.14,11:35,,,,,,,,,,,,,0,1,0,0,-,1,2.0
三国,07R,6,3833.0,中辻博訓,福井,A1,6.08,6.99,0.04,2,0.10,5,0.25,12,0.15,2.9,0.10,2.0,0.0,0,0.0,0,0.03,1.0,3.2,B+,,0.288,0.365,C,3,4,0.25,0.08,11:35,1,6,1,4,1,,,,,,,,2,0,0,0,0,-,2.0
三国,08R,1,5251.0,沼田七華,福井,B2,2.28,2.3,0.05,1,0.00,0,0.20,4,0.17,3.1,0.13,3.2,0.39,7,0.5,9,0.0,0.0,3.0,C,,0.0,0.0,C,3,4,0.28,0.17,12:07,6,,3,5,5,,,,,,,,-,0,0,1,0,0,1.0
三国,08R,2,4692.0,酒井俊弘,福井,B1,5.15,5.18,0.13,6,0.15,7,0.15,7,0.16,3.4,0.09,2.5,0.05,2,0.0,0,0.0,,3.5,A+,,0.286,0.429,C,3,4,0.13,0.16,12:07,1,,5,2,2,,,,,,,,2,-,0,0,0,0,2.0
三国,08R,3,4469.0,土山卓也,福井,A2,6.03,5.83,0.14,6,0.30,13,0.16,7,0.16,3.5,0.15,4.0,0.0,0,0.02,1,0.09,4.0,3.4,C,,0.259,0.259,C,3,4,0.09,0.19,12:07,5,3,6,3,4,,,,,,,,3,1,-,2,1,0,7.0
三国,08R,4,5366.0,塩嶋泰空,福井,B2,1.21,1.17,0.00,0,0.00,0,0.00,0,0.18,3.7,0.10,3.5,0.0,0,0.0,0,0.0,0.0,3.0,A+,,0.0,0.0,C,3,4,0.15,0.15,12:07,5,5,6,,6,,,,,,,,,,,-,,,
三国,08R,5,4013.0,中島孝平,福井,A1,6.7,7.22,0.17,9,0.12,6,0.23,12,0.14,3.0,0.10,2.5,0.04,2,0.0,0,0.1,5.0,3.8,A+,隠F,0.208,0.509,B,4,4,0.26,0.10,12:07,,,,,,,,,,,,,2,1,1,0,-,3,7.0
三国,08R,6,3439.0,大平誉史明,大阪,A2,6.46,5.33,0.06,3,0.04,2,0.24,12,0.19,4.0,0.17,3.6,0.0,0,0.02,1,0.0,0.0,3.6,B+,,0.222,0.222,B,4,4,0.15,0.26,12:07,5,1,4,,5,2,,,,,,,0,1,0,0,0,-,1.0
三国,09R,1,5187.0,小坂風太,福井,B1,2.17,4.92,0.31,11,0.14,5,0.11,4,0.16,3.2,0.17,3.7,0.06,2,0.33,11,0.21,7.0,2.5,-,,0.6,0.0,C,3,4,0.30,0.15,12:40,6,5,5,,5,,,,,,,,-,6,0,0,3,1,10.0
三国,09R,2,4930.0,佐藤悠,福井,A2,5.69,5.85,0.15,9,0.24,14,0.20,12,0.15,3.0,0.12,1.8,0.02,1,0.12,6,0.0,,3.4,B+,,0.379,0.276,D,2,3,0.19,0.10,12:40,3,6,1,6,S,,,,,,,,1,-,2,2,0,2,7.0
三国,09R,3,3654.0,武田光史,福井,A1,6.39,6.84,0.17,8,0.33,16,0.25,12,0.16,3.3,0.11,1.0,0.0,0,0.06,3,0.06,3.0,3.0,B+,,0.417,0.25,C,4,3,0.17,0.15,12:40,1,2,3,,1,4,,,,,,,4,0,-,2,1,0,7.0
三国,09R,4,5282.0,中本大樹,福井,B1,5.09,3.32,0.07,3,0.05,2,0.19,8,0.17,3.8,0.15,4.0,0.02,1,0.07,3,0.0,0.0,3.8,A+,,0.214,0.286,B,4,4,0.11,0.24,12:40,3,1,1,,6,2,,,,,,,2,2,0,-,0,0,4.0
三国,09R,5,5038.0,金田智博,福井,A2,6.33,6.17,0.04,2,0.14,7,0.22,11,0.17,3.7,0.10,2.0,0.0,0,0.04,2,0.04,2.0,4.0,C,,0.424,0.212,B,4,4,0.12,0.10,12:40,,,,,,,,,,,,,2,1,0,1,-,0,4.0
三国,09R,6,3620.0,信濃由行,福井,B1,4.13,4.33,0.00,0,0.00,0,0.09,3,0.20,4.3,0.15,3.7,0.0,0,0.0,0,0.0,0.0,2.8,S,隠F,0.5,0.312,C,4,3,0.07,0.37,12:40,4,,4,1,2,,,,,,,,0,0,0,0,0,-,0.0
三国,10R,1,4735.0,角山雄哉,兵庫,B1,4.45,3.6,0.44,17,0.21,8,0.10,4,0.15,2.8,0.09,4.0,0.2,8,0.2,8,0.12,5.0,3.2,B+,,0.176,0.471,C,4,3,0.37,0.07,13:12,4,,5,6,2,,,,,,,,-,3,9,3,2,1,18.0
三国,10R,2,4470.0,平田健之佑,三重,A1,5.93,5.6,0.25,15,0.38,23,0.12,7,0.16,2.6,0.12,3.0,0.15,8,0.06,3,0.0,,3.4,A+,,0.393,0.214,B,4,4,0.28,0.04,13:12,2,,3,4,3,3,,,,,,,5,-,2,0,2,2,11.0
三国,10R,3,4161.0,黒柳浩孝,愛知,A2,5.37,4.1,0.17,9,0.12,6,0.31,16,0.16,2.7,0.10,3.4,0.02,1,0.11,6,0.02,1.0,2.8,A,,0.417,0.306,B,5,3,0.33,0.09,13:12,3,,1,2,3,3,,,,,,,3,2,-,2,1,1,9.0
三国,10R,4,5355.0,萩原丈太朗,福井,B1,2.05,1.77,0.05,2,0.02,1,0.07,3,0.18,3.2,0.13,2.5,0.0,0,0.03,1,0.03,1.0,2.8,A,隠F,0.0,0.0,B,5,3,0.21,0.10,13:12,6,,6,6,4,,,,,,,,0,1,0,-,0,1,2.0
三国,10R,5,4391.0,松田祐季,福井,A1,6.31,6.9,0.11,5,0.17,8,0.30,14,0.14,3.2,0.13,3.3,0.0,0,0.0,0,0.04,2.0,2.6,A+,,0.377,0.245,A,5,4,0.13,0.07,13:12,,,,,,,,,,,,,2,0,1,0,-,0,3.0
三国,10R,6,5465.0,直江健成,福井,B2,0.0,0.0,#N/A!,#N/A!,#N/A!,#N/A!,#N/A!,#N/A!,#N/A!,#N/A!,0.25,5.2,0.0,#N/A!,0.0,#N/A!,0.0,,3.0,-,,,,D,2,3,#N/A!,#N/A!,13:12,6,,6,,6,6,,,,,,,,,,,,-,
三国,11R,1,5185.0,加藤優弥,福井,B1,5.12,5.01,0.50,27,0.13,7,0.17,9,0.12,1.8,0.11,2.2,0.06,3,0.26,13,0.08,4.0,3.6,B+,隠F,0.28,0.32,B,4,4,0.66,0.04,13:50,2,,5,6,4,,,,,,,,-,7,9,4,4,2,26.0
三国,11R,2,4066.0,東本勝利,三重,A1,6.07,5.6,0.06,3,0.38,18,0.25,12,0.16,3.7,0.12,2.6,0.04,2,0.02,1,0.0,,3.2,B+,,0.415,0.244,C,3,3,0.10,0.20,13:50,3,5,1,2,4,,,,,,,,1,-,2,1,0,0,4.0
三国,11R,3,5114.0,小林孝彰,福井,A2,5.22,5.36,0.15,9,0.17,10,0.30,18,0.16,3.0,0.16,3.5,0.0,0,0.07,4,0.07,4.0,2.8,S,,0.257,0.314,C,3,3,0.15,0.05,13:50,1,3,2,3,1,1,,,,,,,6,1,-,0,0,1,8.0
三国,11R,4,3388.0,今垣光太郎,福井,A1,6.92,7.68,0.30,13,0.16,7,0.19,8,0.15,3.0,0.12,1.8,0.0,0,0.09,5,0.14,8.0,2.6,B+,隠F,0.486,0.216,C,3,4,0.29,0.09,13:50,2,4,2,3,3,,,,,,,,8,0,1,-,2,2,13.0
三国,11R,5,4520.0,高倉孝太,福井,B1,6.28,5.27,0.10,5,0.08,4,0.16,8,0.16,2.6,0.12,2.7,0.0,0,0.04,2,0.06,3.0,4.0,B+,,0.429,0.286,B,4,4,0.35,0.04,13:50,,,,,,,,,,,,,1,2,1,3,-,0,7.0
三国,11R,6,4666.0,日笠勝弘,大阪,B2,4.14,4.16,0.00,0,0.00,0,0.10,3,0.18,4.0,0.17,3.5,0.0,0,0.0,0,0.0,0.0,2.8,C,,0.5,0.1,C,4,3,0.09,0.27,13:50,6,,2,5,3,,,,,,,,0,0,0,0,0,-,0.0
三国,12R,1,4061.0,萩原秀人,福井,A1,6.97,7.27,0.75,61,0.14,11,0.05,4,0.13,2.5,0.15,3.0,0.04,3,0.11,9,0.1,8.0,4.2,A+,,0.351,0.281,A,4,5,0.41,0.12,14:24,1,3,1,,1,3,,,,,,,-,22,19,11,10,1,63.0
三国,12R,2,4587.0,木田峰由季,福井,A2,6.49,6.15,0.17,8,0.39,18,0.09,4,0.17,3.6,0.14,3.2,0.11,5,0.09,4,0.0,,2.2,C,隠F,0.276,0.345,C,3,3,0.06,0.15,14:24,3,4,1,,2,3,,,,,,,3,-,1,1,4,0,9.0
三国,12R,3,4139.0,丹下健,愛知,B1,4.29,4.9,0.08,4,0.24,12,0.18,9,0.17,3.3,0.15,4.8,0.0,0,0.06,3,0.02,1.0,3.2,B+,,0.385,0.231,C,4,3,0.13,0.13,14:24,3,5,3,,3,2,,,,,,,1,0,-,1,1,1,4.0
三国,12R,4,3439.0,大平誉史明,大阪,A2,6.46,5.33,0.23,12,0.25,13,0.15,8,0.15,3.0,0.17,3.6,0.09,5,0.06,3,0.08,4.0,3.6,B+,,0.222,0.222,B,4,4,0.17,0.02,14:24,5,1,4,,5,2,,,,,,,4,2,4,-,2,1,13.0
三国,12R,5,3891.0,谷口健一,福井,B1,3.38,3.58,0.00,0,0.08,4,0.12,6,0.19,3.5,0.16,3.2,0.0,0,0.0,0,0.0,0.0,3.5,A+,,0.3,0.4,C,3,3,0.09,0.08,14:24,,,,,,,,,,,,,0,0,0,0,-,0,0.0
三国,12R,6,4298.0,宮下元胤,愛知,A1,6.23,6.29,0.05,2,0.14,6,0.27,12,0.19,5.0,0.18,5.2,0.0,0,0.0,0,0.0,0.0,2.2,-,,0.343,0.229,D,2,3,0.03,0.54,14:24,2,,2,1,3,5,,,,,,,0,0,0,0,1,-,1.0
津,01R,1,4049.0,荒川健太,三重,A2,6.08,6.7,0.70,49,0.11,8,0.11,8,0.15,2.7,0.23,3.0,0.03,2,0.22,15,0.03,2.0,5.0,S,,0.295,0.386,B,4,4,0.35,0.07,10:28,1,3,4,4,4,,1,,,,,,-,17,15,9,5,1,47.0
津,01R,2,3630.0,黒田誠司,静岡,B2,3.59,3.06,0.04,1,0.17,4,0.08,2,0.20,4.1,0.20,3.0,0.05,1,0.0,0,0.0,,1.0,A,,0.75,0.25,C,4,3,0.00,0.18,10:28,4,6,4,,4,,2,,,,,,1,-,0,0,0,0,1.0
津,01R,3,4209.0,藤田竜弘,静岡,B1,5.64,5.42,0.13,7,0.38,21,0.21,12,0.16,3.3,0.16,3.0,0.02,1,0.07,4,0.03,2.0,3.0,A,,0.238,0.476,C,3,3,0.07,0.09,10:28,4,4,,,4,5,4,,,,,,5,0,-,0,4,0,9.0
津,01R,4,4618.0,乃村康友,三重,B1,4.94,5.44,0.02,1,0.17,8,0.29,14,0.18,3.5,0.18,3.6,0.0,0,0.02,1,0.0,0.0,2.8,A+,,0.308,0.231,B,4,4,0.06,0.09,10:28,2,,2,,2,5,1,2,,,,,0,0,0,-,1,0,1.0
津,01R,5,3392.0,小森信雄,三重,B1,4.41,4.29,0.00,0,0.09,3,0.21,7,0.20,4.6,0.17,4.2,0.0,0,0.0,0,0.0,0.0,2.0,C,,0.667,0.0,C,3,3,0.00,0.25,10:28,,,,,,,,,,,,,0,0,0,0,-,0,0.0
津,01R,6,5266.0,石田勇斗,愛知,B1,4.93,3.19,0.00,0,0.00,0,0.13,5,0.23,4.3,0.16,4.3,0.0,0,0.0,0,0.0,0.0,3.0,B+,,0.273,0.273,C,4,3,0.12,0.44,10:28,5,5,,,4,6,6,,,,,,0,0,0,0,0,-,0.0
津,02R,1,3268.0,森竜也,三重,B1,4.26,4.68,0.41,13,0.28,9,0.13,4,0.15,3.1,0.19,4.0,0.12,4,0.12,4,0.24,8.0,2.4,C,,0.231,0.308,C,3,3,0.24,0.06,10:57,1,2,5,,6,,5,,,,,,-,3,4,4,1,2,14.0
津,02R,2,4625.0,渡邊裕貴,静岡,B1,4.76,4.58,0.10,5,0.18,9,0.24,12,0.18,3.9,0.19,3.8,0.06,3,0.04,2,0.0,,3.2,B+,,0.412,0.118,B,4,4,0.02,0.19,10:57,1,,2,,6,6,4,4,,,,,1,-,3,0,1,0,5.0
津,02R,3,3831.0,安藤裕貴,愛知,B1,4.83,5.3,0.13,5,0.26,10,0.13,5,0.13,2.4,0.15,3.0,0.0,0,0.09,4,0.02,1.0,2.0,B+,,0.25,0.5,B,4,4,0.33,0.02,10:57,5,,3,,4,6,6,,,,,,3,0,-,2,0,0,5.0
津,02R,4,4261.0,岡祐臣,三重,A1,6.06,6.42,0.10,5,0.20,10,0.25,13,0.16,3.2,0.12,1.7,0.02,1,0.04,2,0.02,1.0,4.4,B+,,0.356,0.133,C,3,3,0.19,0.08,10:57,1,4,4,,3,,2,2,,,,,2,2,0,-,1,0,5.0
津,02R,5,3591.0,後藤孝義,静岡,B2,3.51,4.18,0.00,0,0.03,1,0.10,3,0.20,3.9,0.16,2.7,0.0,0,0.0,0,0.0,0.0,2.2,C,,0.0,0.5,C,3,3,0.03,0.11,10:57,,,,,,,,,,,,,0,0,0,0,-,0,0.0
津,02R,6,5383.0,中村楓,三重,B2,2.07,1.55,0.00,0,0.02,2,0.00,0,0.18,3.9,0.17,2.5,0.0,0,0.0,0,0.0,0.0,1.8,C,,0.0,0.0,B,5,3,0.13,0.24,10:57,6,,5,6,5,,5,,,,,,0,0,0,0,0,-,0.0
津,03R,1,4623.0,中北将史,三重,B1,4.62,4.85,0.40,16,0.15,6,0.13,5,0.15,2.7,0.10,1.0,0.13,5,0.23,9,0.23,9.0,4.4,A,,0.467,0.133,C,3,4,0.38,0.18,11:25,3,3,1,,1,,5,4,,,,,-,9,2,3,1,1,16.0
津,03R,2,4962.0,畑竜生,三重,A2,5.8,5.55,0.11,6,0.42,23,0.13,7,0.18,3.6,0.18,2.6,0.06,3,0.06,3,0.0,,2.8,B+,,0.371,0.257,B,4,4,0.10,0.14,11:25,4,,2,2,2,,2,3,,,,,0,-,3,3,0,0,6.0
津,03R,3,3852.0,澤大介,三重,B1,4.06,5.52,0.07,3,0.26,11,0.21,9,0.14,3.1,0.24,4.2,0.0,0,0.0,0,0.08,3.0,3.0,A,,0.286,0.286,B,4,4,0.13,0.08,11:25,5,,3,,3,6,3,,,,,,3,0,-,0,0,0,3.0
津,03R,4,4808.0,松尾拓,三重,A1,5.51,6.77,0.09,5,0.15,8,0.19,10,0.18,3.8,0.15,2.6,0.03,2,0.02,1,0.05,3.0,3.0,-,,0.341,0.182,C,4,3,0.05,0.18,11:25,1,,3,,5,2,2,2,,,,,2,1,1,-,1,1,6.0
津,03R,5,5245.0,倉富大誠,愛知,B1,4.3,2.0,0.10,5,0.16,8,0.18,9,0.16,2.9,0.23,5.3,0.0,0,0.02,1,0.04,2.0,2.4,B+,,0.231,0.231,C,3,4,0.17,0.00,11:25,,,,,,,,,,,,,3,1,0,1,-,0,5.0
津,03R,6,4181.0,花本夏樹,三重,B1,4.09,4.46,0.00,0,0.03,1,0.18,6,0.26,5.3,0.19,5.6,0.0,0,0.0,0,0.0,0.0,3.4,A,,0.615,0.077,A,4,5,0.00,0.74,11:25,2,5,3,,4,,5,,,,,,0,0,0,0,0,-,0.0
津,04R,1,3687.0,花田和明,愛知,B1,5.18,5.56,0.58,23,0.18,7,0.15,6,0.15,2.3,0.14,3.7,0.1,4,0.03,1,0.21,8.0,4.4,B+,,0.263,0.263,C,3,4,0.49,0.05,11:53,2,2,1,,6,,6,2,,,,,-,7,7,4,4,0,22.0
津,04R,2,4073.0,大橋純一郎,静岡,A2,6.33,6.33,0.16,10,0.30,18,0.25,15,0.15,2.8,0.15,3.2,0.12,7,0.05,3,0.0,,3.4,B+,,0.409,0.318,C,4,3,0.28,0.12,11:53,2,,6,,2,2,1,4,,,,,5,-,2,3,0,0,10.0
津,04R,3,3712.0,淺香文武,三重,B1,4.53,5.47,0.07,4,0.22,13,0.24,14,0.13,2.5,0.14,2.3,0.02,1,0.0,0,0.04,2.0,1.4,C,,0.238,0.381,D,3,2,0.36,0.05,11:53,3,5,4,,5,,5,,,,,,1,1,-,0,1,0,3.0
津,04R,4,4856.0,豊田健士郎,三重,A1,6.86,7.51,0.14,9,0.25,16,0.14,9,0.13,2.8,0.13,2.4,0.05,3,0.08,5,0.02,1.0,4.4,C,,0.418,0.291,B,5,3,0.27,0.07,11:53,3,,3,,1,1,3,2,,,,,3,2,1,-,3,0,9.0
津,04R,5,5275.0,松田淳平,三重,A2,6.57,4.24,0.06,3,0.17,8,0.23,11,0.13,2.6,0.09,3.0,0.02,1,0.02,1,0.11,6.0,4.0,B+,,0.217,0.304,B,5,3,0.37,0.04,11:53,,,,,,,,,,,,,3,2,3,1,-,0,9.0
津,04R,6,5430.0,鳥本智史,三重,B2,1.62,2.2,0.00,0,0.00,0,0.02,1,0.18,3.4,0.19,3.5,0.0,0,0.0,0,0.0,0.0,2.0,-,,0.0,0.0,A,4,5,0.21,0.20,11:53,6,,6,,6,6,6,,,,,,,,,,,-,
津,05R,1,4796.0,春園功太,三重,A2,6.48,6.83,0.76,48,0.13,8,0.05,3,0.13,2.1,0.17,3.6,0.03,2,0.18,11,0.03,2.0,3.2,-,,0.341,0.318,B,4,4,0.50,0.03,12:21,1,,2,,5,3,1,5,,,,,-,16,13,9,8,0,46.0
津,05R,2,4081.0,樋口範政,愛知,B1,4.16,4.69,0.04,2,0.24,12,0.20,10,0.18,3.5,0.25,4.8,0.0,0,0.04,2,0.0,,2.2,A+,,0.2,0.3,B,4,4,0.11,0.18,12:21,4,,6,,2,1,1,5,,,,,0,-,0,2,0,0,2.0
津,05R,3,5098.0,大江純,愛知,B1,5.21,4.72,0.12,6,0.20,10,0.27,14,0.14,2.6,0.14,1.7,0.04,2,0.0,0,0.04,2.0,3.0,A,,0.471,0.176,C,3,3,0.29,0.04,12:21,3,,3,,5,3,3,,,,,,2,0,-,4,0,0,6.0
津,05R,4,5323.0,香川陽太,滋賀,B1,4.39,1.4,0.06,2,0.06,2,0.26,8,0.19,3.4,0.13,3.2,0.0,0,0.03,1,0.03,1.0,2.0,C,,0.125,0.5,B,4,4,0.24,0.21,12:21,5,,2,,6,5,6,,,,,,1,1,0,-,0,0,2.0
津,05R,5,3842.0,星野太郎,三重,B1,4.46,5.66,0.00,0,0.11,5,0.23,10,0.17,4.0,0.18,4.8,0.0,0,0.0,0,0.0,0.0,5.6,A+,隠F,0.238,0.429,B,3,5,0.13,0.22,12:21,,,,,,,,,,,,,0,0,0,0,-,0,0.0
津,05R,6,5354.0,渡邊雄斗,三重,B2,3.03,2.23,0.00,0,0.01,1,0.03,3,0.21,4.3,0.19,4.7,0.0,0,0.0,0,0.0,0.0,2.4,-,,0.0,0.0,C,3,4,0.10,0.36,12:21,3,,6,,3,4,5,,,,,,1,0,0,0,0,-,1.0
津,06R,1,5130.0,上野拓馬,三重,B1,4.48,4.76,0.42,19,0.07,3,0.18,8,0.16,3.0,0.17,3.7,0.09,4,0.34,15,0.09,4.0,3.2,A,,0.389,0.333,C,4,3,0.23,0.05,12:49,4,5,1,,1,,4,3,,,,,-,8,6,2,2,1,19.0
津,06R,2,3984.0,坂口周,三重,A2,6.86,6.99,0.13,7,0.40,21,0.23,12,0.17,3.5,0.16,5.0,0.06,3,0.04,2,0.0,,3.4,B+,,0.345,0.255,C,4,3,0.16,0.16,12:49,2,3,,,2,1,4,5,,,,,2,-,0,3,0,0,5.0
津,06R,3,3968.0,茶谷信次,滋賀,A2,5.81,5.8,0.17,10,0.14,8,0.28,16,0.15,2.8,0.22,4.5,0.04,2,0.04,2,0.12,7.0,2.0,-,隠F,0.464,0.25,B,4,4,0.30,0.04,12:49,6,4,6,,4,,4,6,,,,,4,0,-,2,2,3,11.0
津,06R,4,5256.0,中山翔太,三重,A1,7.05,6.05,0.22,13,0.15,9,0.15,9,0.13,2.7,0.12,3.0,0.05,3,0.08,5,0.08,5.0,4.2,B+,,0.364,0.25,B,4,4,0.36,0.08,12:49,1,2,,,1,3,4,2,,,,,3,2,3,-,4,2,14.0
津,06R,5,3630.0,黒田誠司,静岡,B2,3.59,3.06,0.00,0,0.00,0,0.04,1,0.19,3.8,0.20,3.0,0.0,0,0.0,0,0.0,0.0,1.0,A,,0.75,0.25,C,4,3,0.16,0.11,12:49,,,,,,,,,,,,,0,0,0,0,-,0,0.0
津,06R,6,5425.0,西山育,三重,B2,1.09,1.0,0.00,0,0.00,0,0.00,0,0.27,5.1,0.27,4.3,0.0,0,0.0,0,0.0,0.0,2.0,A+,,0.0,0.0,B,4,4,0.04,0.63,12:49,6,6,5,,6,,6,,,,,,,,,,,-,
津,07R,1,5010.0,宇留田翔平,三重,A2,5.47,5.71,0.61,37,0.25,15,0.10,6,0.14,2.4,0.14,3.2,0.15,10,0.09,6,0.06,4.0,2.8,C,,0.351,0.378,C,4,3,0.39,0.05,13:20,1,,3,,2,3,3,6,,,,,-,16,15,5,5,1,42.0
津,07R,2,3591.0,後藤孝義,静岡,B2,3.51,4.18,0.00,0,0.10,3,0.17,5,0.18,3.9,0.16,2.7,0.0,0,0.0,0,0.0,,2.2,C,,0.0,0.5,C,3,3,0.06,0.22,13:20,4,,4,5,3,,3,,,,,,0,-,0,0,0,0,0.0
津,07R,3,4824.0,松井洪弥,三重,A1,6.19,6.23,0.19,11,0.23,13,0.30,17,0.11,1.9,0.11,2.2,0.03,2,0.03,2,0.1,6.0,4.2,-,,0.277,0.362,C,3,3,0.53,0.02,13:20,1,6,4,,4,,6,5,,,,,7,1,-,1,0,1,10.0
津,07R,4,4754.0,松尾充,三重,A1,5.99,6.83,0.17,8,0.17,8,0.27,13,0.15,3.0,0.12,2.2,0.0,0,0.11,5,0.09,4.0,5.4,A+,,0.378,0.222,A,4,5,0.20,0.04,13:20,2,2,2,,2,,2,1,,,,,1,2,2,-,3,1,9.0
津,07R,5,4181.0,花本夏樹,三重,B1,4.09,4.46,0.00,0,0.02,1,0.11,5,0.22,4.9,0.19,5.6,0.0,0,0.0,0,0.0,0.0,3.4,A,,0.615,0.077,A,4,5,0.00,0.33,13:20,,,,,,,,,,,,,0,0,0,0,-,0,0.0
津,07R,6,3392.0,小森信雄,三重,B1,4.41,4.29,0.00,0,0.03,1,0.14,5,0.22,4.5,0.17,4.2,0.0,0,0.0,0,0.0,0.0,2.0,C,,0.667,0.0,C,3,3,0.03,0.32,13:20,4,,5,,4,3,3,,,,,,0,0,0,0,0,-,0.0
津,08R,1,4156.0,浜野孝志,三重,A2,5.66,5.81,0.53,26,0.18,9,0.20,10,0.14,3.0,0.19,4.6,0.16,8,0.2,10,0.08,4.0,3.0,-,,0.308,0.308,B,5,3,0.28,0.08,13:53,1,,5,,1,5,3,4,,,,,-,9,9,4,3,1,26.0
津,08R,2,4626.0,伊藤紘章,愛知,B1,4.69,5.16,0.17,7,0.12,5,0.21,9,0.20,4.5,0.26,3.3,0.14,6,0.02,1,0.0,,2.0,-,,0.167,0.417,B,4,4,0.05,0.31,13:53,6,6,6,,5,,1,,,,,,4,-,1,2,0,0,7.0
津,08R,3,4182.0,吉田和仁,滋賀,B1,5.0,5.0,0.10,5,0.19,10,0.17,9,0.14,2.5,0.23,4.0,0.0,0,0.07,3,0.04,2.0,2.4,-,,0.188,0.375,D,3,2,0.22,0.04,13:53,4,5,1,,2,,6,4,,,,,3,1,-,1,0,0,5.0
津,08R,4,4344.0,新田雄史,三重,A1,7.54,7.87,0.22,11,0.24,12,0.24,12,0.15,3.1,0.10,2.0,0.04,2,0.04,2,0.06,3.0,3.4,B+,,0.377,0.264,B,4,4,0.29,0.12,13:53,3,1,,,3,1,1,1,,,,,4,1,1,-,3,0,9.0
津,08R,5,3852.0,澤大介,三重,B1,4.06,5.52,0.08,4,0.20,10,0.04,2,0.17,3.3,0.24,4.2,0.02,1,0.0,0,0.06,3.0,3.0,A,,0.286,0.286,B,4,4,0.10,0.10,13:53,,,,,,,,,,,,,0,2,0,2,-,0,4.0
津,08R,6,4466.0,南佑典,三重,A2,5.72,5.72,0.02,1,0.09,4,0.11,5,0.21,4.6,0.11,2.2,0.0,0,0.0,0,0.03,1.0,3.0,-,,0.222,0.333,C,3,3,0.10,0.48,13:53,6,6,,,3,1,1,6,,,,,0,0,0,0,1,-,1.0
津,09R,1,4579.0,中嶋健一郎,三重,A1,6.13,6.74,0.72,50,0.13,9,0.07,5,0.15,2.7,0.14,2.5,0.13,9,0.04,3,0.09,6.0,2.0,B+,,0.289,0.333,B,5,3,0.36,0.09,14:25,3,5,1,,5,4,4,,,,,,-,15,15,10,8,1,49.0
津,09R,2,5098.0,大江純,愛知,B1,5.21,4.72,0.09,4,0.15,7,0.28,13,0.17,3.1,0.14,1.7,0.02,1,0.02,1,0.0,,3.0,A,,0.471,0.176,C,3,3,0.16,0.08,14:25,3,,3,,5,3,3,,,,,,0,-,0,1,2,1,4.0
津,09R,3,4227.0,安達裕樹,三重,A2,6.21,6.27,0.15,8,0.31,17,0.20,11,0.15,3.1,0.16,2.5,0.0,0,0.04,2,0.07,4.0,2.6,-,,0.348,0.283,B,4,4,0.20,0.13,14:25,5,6,,,1,4,3,3,,,,,4,2,-,1,1,0,8.0
津,09R,4,3268.0,森竜也,三重,B1,4.26,4.68,0.05,2,0.10,4,0.15,6,0.18,3.7,0.19,4.0,0.0,0,0.03,2,0.0,0.0,2.4,C,,0.231,0.308,C,3,3,0.07,0.12,14:25,1,2,5,,6,,5,,,,,,1,0,0,-,1,0,2.0
津,09R,5,5075.0,中島秀治,滋賀,A2,6.11,5.56,0.10,5,0.21,11,0.31,16,0.17,3.3,0.14,3.0,0.0,0,0.04,2,0.06,3.0,3.2,-,,0.4,0.229,A,5,4,0.27,0.15,14:25,,,,,,,,,,,,,1,1,0,2,-,1,5.0
津,09R,6,5245.0,倉富大誠,愛知,B1,4.3,2.0,0.00,0,0.00,0,0.27,9,0.19,4.1,0.23,5.3,0.0,0,0.0,0,0.0,0.0,2.4,B+,,0.231,0.231,C,3,4,0.05,0.30,14:25,2,4,5,,6,,2,,,,,,0,0,0,0,0,-,0.0
津,10R,1,5256.0,中山翔太,三重,A1,7.05,6.05,0.72,49,0.07,5,0.10,7,0.14,2.8,0.12,3.0,0.03,2,0.12,8,0.12,8.0,4.2,B+,,0.364,0.25,B,4,4,0.30,0.12,15:01,1,2,,,1,3,4,2,,,,,-,17,13,13,5,0,48.0
津,10R,2,4856.0,豊田健士郎,三重,A1,6.86,7.51,0.23,13,0.32,18,0.14,8,0.14,3.1,0.13,2.4,0.1,6,0.1,6,0.0,,4.4,C,,0.418,0.291,B,5,3,0.29,0.10,15:01,3,,3,,1,1,3,2,,,,,6,-,6,1,0,0,13.0
津,10R,3,4261.0,岡祐臣,三重,A1,6.06,6.42,0.13,6,0.25,12,0.25,12,0.16,3.1,0.12,1.7,0.0,0,0.08,4,0.04,2.0,4.4,B+,,0.356,0.133,C,3,3,0.14,0.06,15:01,1,4,4,,3,,2,2,,,,,2,1,-,4,0,0,7.0
津,10R,4,4962.0,畑竜生,三重,A2,5.8,5.55,0.07,4,0.13,7,0.33,18,0.18,3.3,0.18,2.6,0.02,1,0.03,2,0.0,0.0,2.8,B+,,0.371,0.257,B,4,4,0.16,0.16,15:01,4,,2,2,2,,2,3,,,,,1,1,0,-,1,0,3.0
津,10R,5,4623.0,中北将史,三重,B1,4.62,4.85,0.02,1,0.09,5,0.20,11,0.17,3.1,0.10,1.0,0.0,0,0.02,1,0.0,0.0,4.4,A,,0.467,0.133,C,3,4,0.19,0.05,15:01,,,,,,,,,,,,,1,0,0,0,-,1,2.0
津,10R,6,4049.0,荒川健太,三重,A2,6.08,6.7,0.02,1,0.16,8,0.22,11,0.19,4.1,0.23,3.0,0.0,0,0.0,0,0.0,0.0,5.0,S,,0.295,0.386,B,4,4,0.00,0.29,15:01,1,3,4,4,4,,1,,,,,,0,0,0,0,0,-,0.0
津,11R,1,4754.0,松尾充,三重,A1,5.99,6.83,0.71,46,0.06,4,0.08,5,0.15,2.6,0.12,2.2,0.08,5,0.11,7,0.08,5.0,5.4,A+,,0.378,0.222,A,4,5,0.33,0.06,15:37,2,2,2,,2,,2,1,,,,,-,21,10,5,9,2,47.0
津,11R,2,5275.0,松田淳平,三重,A2,6.57,4.24,0.26,14,0.28,15,0.02,1,0.17,3.0,0.09,3.0,0.11,6,0.09,5,0.0,,4.0,B+,,0.217,0.304,B,5,3,0.29,0.16,15:37,1,2,,,1,2,5,1,,,,,5,-,3,3,4,1,16.0
津,11R,3,4808.0,松尾拓,三重,A1,5.51,6.77,0.19,9,0.23,11,0.21,10,0.16,2.9,0.15,2.6,0.04,2,0.1,5,0.04,2.0,3.0,-,,0.341,0.182,C,4,3,0.21,0.04,15:37,1,,3,,5,2,2,2,,,,,5,1,-,2,2,0,10.0
津,11R,4,4073.0,大橋純一郎,静岡,A2,6.33,6.33,0.13,7,0.20,11,0.20,11,0.16,3.1,0.15,3.2,0.02,1,0.07,4,0.07,4.0,3.4,B+,,0.409,0.318,C,4,3,0.22,0.09,15:37,2,,6,,2,2,1,4,,,,,6,2,0,-,1,1,10.0
津,11R,5,4796.0,春園功太,三重,A2,6.48,6.83,0.02,1,0.16,8,0.22,11,0.14,2.9,0.17,3.6,0.0,0,0.0,0,0.02,1.0,3.2,-,,0.341,0.318,B,4,4,0.28,0.09,15:37,,,,,,,,,,,,,1,0,0,0,-,0,1.0
津,11R,6,5130.0,上野拓馬,三重,B1,4.48,4.76,0.03,1,0.03,1,0.14,5,0.18,4.0,0.17,3.7,0.0,0,0.0,0,0.0,0.0,3.2,A,,0.389,0.333,C,4,3,0.07,0.20,15:37,4,5,1,,1,,4,3,,,,,0,1,0,0,0,-,1.0
津,12R,1,4344.0,新田雄史,三重,A1,7.54,7.87,0.78,59,0.13,10,0.03,2,0.11,2.3,0.10,2.0,0.14,10,0.08,6,0.01,1.0,3.4,B+,,0.377,0.264,B,4,4,0.50,0.08,16:15,3,1,,,3,1,1,1,,,,,-,21,15,11,6,3,56.0
津,12R,2,3842.0,星野太郎,三重,B1,4.46,5.66,0.20,9,0.20,9,0.24,11,0.18,4.0,0.18,4.8,0.14,6,0.0,0,0.0,,5.6,A+,隠F,0.238,0.429,B,3,5,0.07,0.21,16:15,3,,1,1,2,,1,6,,,,,2,-,3,2,0,1,8.0
津,12R,3,4618.0,乃村康友,三重,B1,4.94,5.44,0.07,3,0.20,9,0.23,10,0.17,3.5,0.18,3.6,0.0,0,0.02,1,0.02,1.0,2.8,A+,,0.308,0.231,B,4,4,0.11,0.15,16:15,2,,2,,2,5,1,2,,,,,1,1,-,1,0,0,3.0
津,12R,4,3984.0,坂口周,三重,A2,6.86,6.99,0.10,5,0.16,8,0.20,10,0.16,3.7,0.16,5.0,0.02,1,0.08,4,0.02,1.0,3.4,B+,,0.345,0.255,C,4,3,0.11,0.11,16:15,2,3,,,2,1,4,5,,,,,3,0,0,-,3,0,6.0
津,12R,5,5010.0,宇留田翔平,三重,A2,5.47,5.71,0.00,0,0.28,13,0.07,3,0.15,2.5,0.14,3.2,0.0,0,0.0,0,0.02,1.0,2.8,C,,0.351,0.378,C,4,3,0.30,0.02,16:15,,,,,,,,,,,,,1,0,0,0,-,0,1.0
津,12R,6,3687.0,花田和明,愛知,B1,5.18,5.56,0.03,1,0.19,6,0.06,2,0.07,1.0,0.14,3.7,0.0,0,0.0,0,0.0,0.0,4.4,B+,,0.263,0.263,C,3,4,1.00,0.00,16:15,2,2,1,,6,,6,2,,,,,0,0,0,0,0,-,0.0
常滑,01R,1,4118.0,宇佐見淳,愛知,A1,5.86,6.08,0.65,46,0.21,15,0.01,1,0.14,2.3,0.16,1.6,0.05,4,0.18,14,0.1,8.0,3.8,A,隠F,0.348,0.283,#N/A!,#N/A!,#N/A!,0.40,0.04,10:20,5,,2,3,,,,,,,,,-,17,15,9,6,1,48.0
常滑,01R,2,4327.0,加藤翔,静岡,B1,4.02,4.0,0.06,3,0.18,9,0.14,7,0.20,4.3,0.23,3.6,0.04,2,0.02,1,0.0,,3.2,B+,,0.462,0.154,#N/A!,#N/A!,#N/A!,0.06,0.29,10:20,5,3,5,,,,,,,,,,2,-,1,0,0,0,3.0
常滑,01R,3,3730.0,塩崎優司,愛知,B1,5.45,4.49,0.14,8,0.23,13,0.20,11,0.16,3.2,0.17,2.3,0.0,0,0.05,3,0.03,2.0,3.2,B+,,0.25,0.35,#N/A!,#N/A!,#N/A!,0.12,0.07,10:20,2,5,3,,,,,,,,,,1,1,-,2,1,1,6.0
常滑,01R,4,5300.0,横田海人,愛知,B1,2.14,1.53,0.02,1,0.05,2,0.05,2,0.19,3.9,0.25,3.0,0.0,0,0.03,1,0.0,0.0,1.6,S,隠F,0.25,0.0,#N/A!,#N/A!,#N/A!,0.13,0.28,10:20,6,,6,5,,,,,,,,,1,0,0,-,0,0,1.0
常滑,01R,5,3621.0,天野晶夫,愛知,B1,5.68,5.87,0.00,0,0.08,3,0.25,9,0.17,3.1,0.21,5.0,0.0,0,0.0,0,0.0,0.0,2.6,C,,0.231,0.462,#N/A!,#N/A!,#N/A!,0.26,0.07,10:20,,,,,,,,,,,,,0,0,0,0,-,0,0.0
常滑,01R,6,5178.0,成貞琳平,愛知,B1,4.22,3.29,0.00,0,0.00,0,0.05,2,0.25,5.5,0.19,4.0,0.0,0,0.0,0,0.0,0.0,2.8,B+,,0.25,0.25,#N/A!,#N/A!,#N/A!,0.00,0.70,10:20,4,4,4,,,,,,,,,,0,0,0,0,0,-,0.0
常滑,02R,1,3929.0,杢野誓良,愛知,B1,4.19,4.76,0.30,11,0.27,10,0.08,3,0.17,3.1,0.25,3.6,0.24,9,0.37,14,0.08,3.0,1.6,C,,0.455,0.182,#N/A!,#N/A!,#N/A!,0.34,0.18,10:50,5,6,5,,,,,,,,,,-,5,2,2,1,1,11.0
常滑,02R,2,4467.0,渡邉俊介,愛知,A2,6.59,5.7,0.15,9,0.34,21,0.26,16,0.13,2.4,0.15,3.0,0.11,6,0.06,3,0.0,,4.6,B+,,0.346,0.346,#N/A!,#N/A!,#N/A!,0.33,0.02,10:50,3,2,3,4,,,,,,,,,5,-,1,3,1,0,10.0
常滑,02R,3,4228.0,吉田慎二郎,愛知,A2,6.03,5.84,0.23,14,0.27,17,0.10,6,0.19,3.4,0.16,3.6,0.02,1,0.18,12,0.03,2.0,3.6,B+,,0.303,0.152,#N/A!,#N/A!,#N/A!,0.14,0.11,10:50,1,,1,4,,,,,,,,,3,2,-,3,6,2,16.0
常滑,02R,4,5321.0,一色颯輝,愛知,B2,5.12,3.71,0.06,2,0.28,10,0.11,4,0.19,3.5,0.20,3.3,0.03,1,0.03,1,0.03,1.0,3.0,A+,,0.231,0.462,#N/A!,#N/A!,#N/A!,0.09,0.14,10:50,2,4,1,,,,,,,,,,0,2,0,-,1,0,3.0
常滑,02R,5,5197.0,中野仁照,愛知,A2,6.06,5.31,0.06,2,0.19,6,0.22,7,0.12,2.2,0.08,1.0,0.0,0,0.0,0,0.07,2.0,3.2,B+,,0.5,0.308,#N/A!,#N/A!,#N/A!,0.59,0.00,10:50,,,,,,,,,,,,,0,1,1,1,-,0,3.0
常滑,02R,6,4197.0,渥美卓郎,静岡,B1,4.01,3.72,0.03,1,0.00,0,0.09,3,0.20,4.6,0.26,5.0,0.0,0,0.0,0,0.0,0.0,2.6,C,,0.429,0.286,#N/A!,#N/A!,#N/A!,0.10,0.43,10:50,6,6,6,,,,,,,,,,0,0,0,0,0,-,0.0
常滑,03R,1,4457.0,神田達也,愛知,B1,4.69,4.87,0.40,16,0.08,3,0.15,6,0.17,3.3,0.15,2.0,0.03,1,0.41,15,0.16,6.0,2.2,A,,0.091,0.273,#N/A!,#N/A!,#N/A!,0.35,0.24,11:20,3,3,2,,,,,,,,,,-,3,3,2,3,2,13.0
常滑,03R,2,5252.0,荒木颯斗,愛知,A2,5.71,4.31,0.07,4,0.27,15,0.32,18,0.14,3.1,0.15,3.0,0.07,4,0.0,0,0.0,,2.8,B+,,0.316,0.316,#N/A!,#N/A!,#N/A!,0.26,0.15,11:20,2,,5,5,,,,,,,,,3,-,0,1,0,0,4.0
常滑,03R,3,4215.0,吉島祥之,愛知,A2,5.63,5.95,0.20,11,0.20,11,0.24,13,0.16,3.3,0.21,3.0,0.02,1,0.03,2,0.12,7.0,3.6,B+,隠F,0.256,0.326,#N/A!,#N/A!,#N/A!,0.22,0.17,11:20,1,3,4,1,,,,,,,,,6,1,-,2,0,1,10.0
常滑,03R,4,3362.0,間嶋仁志,三重,B1,5.25,5.36,0.06,3,0.19,9,0.13,6,0.19,4.0,0.22,4.0,0.02,1,0.03,2,0.0,0.0,2.6,C,,0.464,0.214,#N/A!,#N/A!,#N/A!,0.09,0.24,11:20,5,,2,2,,,,,,,,,1,0,1,-,1,0,3.0
常滑,03R,5,4199.0,北川潤二,愛知,A2,6.54,6.28,0.13,6,0.13,6,0.29,14,0.20,3.2,0.20,2.6,0.0,0,0.11,1,0.0,0.0,3.6,A,,0.321,0.304,#N/A!,#N/A!,#N/A!,0.00,0.00,11:20,,,,,,,,,,,,,0,0,0,0,-,1,1.0
常滑,03R,6,3519.0,冨田秀幸,愛知,B1,4.52,5.03,0.00,0,0.02,1,0.10,4,0.18,4.1,0.18,5.0,0.0,0,0.0,0,0.0,0.0,2.6,-,未消化F,0.462,0.231,#N/A!,#N/A!,#N/A!,0.06,0.19,11:20,F,,6,,,,,,,,,,0,0,0,0,0,-,0.0
常滑,04R,1,4752.0,西尾亮輔,愛知,B1,4.54,4.51,0.16,5,0.39,12,0.16,5,0.18,3.0,0.21,3.6,0.28,9,0.16,5,0.22,7.0,2.4,C,,0.0,0.4,#N/A!,#N/A!,#N/A!,0.25,0.09,11:50,6,,4,6,,,,,,,,,-,0,3,1,1,1,6.0
常滑,04R,2,3848.0,川上聡介,愛知,A2,4.56,5.53,0.08,5,0.28,17,0.18,11,0.16,3.1,0.11,3.0,0.07,4,0.0,0,0.0,,3.0,B+,隠F,0.231,0.231,#N/A!,#N/A!,#N/A!,0.24,0.17,11:50,2,2,4,,,,,,,,,,3,-,0,1,0,0,4.0
常滑,04R,3,4337.0,平本真之,愛知,A1,7.58,7.48,0.15,8,0.35,19,0.18,10,0.14,2.8,0.16,2.7,0.02,1,0.0,0,0.09,5.0,3.2,A,,0.4,0.28,#N/A!,#N/A!,#N/A!,0.16,0.05,11:50,1,1,1,3,,,,,,,,,6,0,-,1,0,1,8.0
常滑,04R,4,4663.0,籾山佳岳,愛知,B2,5.64,5.47,0.00,0,0.14,1,0.43,3,0.14,2.3,0.15,2.0,0.0,0,0.0,0,0.0,0.0,3.6,S,,0.333,0.0,#N/A!,#N/A!,#N/A!,0.33,0.17,11:50,6,5,1,,,,,,,,,,0,0,0,-,0,0,0.0
常滑,04R,5,3315.0,広瀬聖仁,愛知,B1,4.76,4.96,0.00,0,0.11,4,0.16,6,0.18,3.6,0.28,3.0,0.0,0,0.0,0,0.0,0.0,3.8,B+,,0.143,0.429,#N/A!,#N/A!,#N/A!,0.10,0.10,11:50,,,,,,,,,,,,,0,0,0,0,-,0,0.0
常滑,04R,6,4231.0,鈴木裕隆,愛知,A2,5.32,5.44,0.00,0,0.04,2,0.29,13,0.18,3.6,0.11,1.6,0.0,0,0.0,0,0.0,0.0,4.0,A,,0.483,0.241,#N/A!,#N/A!,#N/A!,0.14,0.19,11:50,2,,5,6,,,,,,,,,0,0,0,0,0,-,0.0
常滑,05R,1,4142.0,平野和明,愛知,A2,5.66,5.47,0.59,34,0.22,13,0.10,6,0.17,3.1,0.18,4.3,0.07,4,0.15,9,0.12,7.0,2.2,-,,0.226,0.29,#N/A!,#N/A!,#N/A!,0.15,0.09,12:20,5,4,4,,,,,,,,,,-,10,11,9,3,1,34.0
常滑,05R,2,5110.0,杉山喜一,静岡,B1,5.34,4.23,0.16,9,0.13,7,0.25,14,0.17,3.5,0.18,4.0,0.08,4,0.04,2,0.0,,3.2,B+,,0.375,0.25,#N/A!,#N/A!,#N/A!,0.12,0.16,12:20,5,,5,2,,,,,,,,,2,-,1,4,0,0,7.0
常滑,05R,3,4461.0,安田吉宏,三重,B1,4.45,3.06,0.10,4,0.07,3,0.36,15,0.16,3.4,0.20,3.6,0.03,1,0.0,0,0.06,2.0,3.6,A,,0.125,0.25,#N/A!,#N/A!,#N/A!,0.22,0.11,12:20,4,,6,5,,,,,,,,,1,2,-,1,0,0,4.0
常滑,05R,4,4270.0,岸本雄貴,三重,B1,4.86,3.86,0.10,4,0.12,5,0.17,7,0.17,3.5,0.14,3.6,0.0,0,0.03,1,0.08,3.0,2.8,-,,0.467,0.267,#N/A!,#N/A!,#N/A!,0.13,0.18,12:20,6,6,6,,,,,,,,,,1,0,1,-,2,0,4.0
常滑,05R,5,4586.0,磯部誠,愛知,A1,6.98,7.75,0.16,7,0.23,10,0.12,5,0.14,3.0,0.13,2.5,0.02,1,0.02,1,0.06,3.0,3.2,A,,0.314,0.314,#N/A!,#N/A!,#N/A!,0.28,0.11,12:20,,,,,,,,,,,,,2,3,1,2,-,0,8.0
常滑,05R,6,4369.0,丹下将,愛知,A2,5.82,6.62,0.05,3,0.07,4,0.20,11,0.18,4.0,0.20,4.0,0.0,0,0.0,0,0.0,0.0,2.8,A,,0.351,0.27,#N/A!,#N/A!,#N/A!,0.14,0.31,12:20,3,4,1,2,,,,,,,,,0,0,0,1,0,-,1.0
常滑,06R,1,4903.0,吉田凌太朗,愛知,A1,6.76,6.65,0.76,52,0.09,6,0.01,1,0.14,2.1,0.15,4.0,0.02,1,0.15,10,0.05,3.0,3.4,C,,0.277,0.17,#N/A!,#N/A!,#N/A!,0.58,0.11,12:50,1,5,2,5,,,,,,,,,-,15,8,14,7,5,49.0
常滑,06R,2,5178.0,成貞琳平,愛知,B1,4.22,3.29,0.05,3,0.21,12,0.21,12,0.18,3.7,0.19,4.0,0.04,2,0.0,0,0.0,,2.8,B+,,0.25,0.25,#N/A!,#N/A!,#N/A!,0.06,0.20,12:50,4,4,4,,,,,,,,,,1,-,0,1,1,0,3.0
常滑,06R,3,3690.0,河合三弘,愛知,B1,4.64,4.66,0.12,6,0.26,13,0.08,4,0.19,3.8,0.21,4.0,0.02,1,0.08,4,0.02,1.0,2.8,B+,,0.267,0.4,#N/A!,#N/A!,#N/A!,0.08,0.21,12:50,4,3,5,,,,,,,,,,3,2,-,1,0,1,7.0
常滑,06R,4,5349.0,宮崎奏磨,静岡,B2,1.46,1.15,0.00,0,0.02,1,0.00,0,0.21,4.3,0.16,2.6,0.0,0,0.0,0,0.0,0.0,2.6,B+,,0.0,0.0,#N/A!,#N/A!,#N/A!,0.07,0.35,12:50,6,,6,6,,,,,,,,,0,0,0,-,0,0,0.0
常滑,06R,5,4308.0,河村了,愛知,A1,6.65,6.33,0.07,3,0.24,11,0.20,9,0.19,4.0,0.21,2.6,0.02,1,0.02,1,0.04,2.0,3.2,A+,,0.222,0.244,#N/A!,#N/A!,#N/A!,0.04,0.15,12:50,,,,,,,,,,,,,1,1,0,0,-,2,4.0
常滑,06R,6,5332.0,村松遥輝,静岡,B1,4.55,2.6,0.00,0,0.04,2,0.05,3,0.16,3.2,0.25,3.0,0.0,0,0.0,0,0.0,0.0,3.8,C,未消化F,0.727,0.091,#N/A!,#N/A!,#N/A!,0.26,0.18,12:50,F,,6,,,,,,,,,,0,0,0,0,0,-,0.0
常滑,07R,1,3621.0,天野晶夫,愛知,B1,5.68,5.87,0.55,26,0.28,13,0.06,3,0.17,2.8,0.21,5.0,0.09,4,0.21,10,0.11,5.0,2.6,C,,0.231,0.462,#N/A!,#N/A!,#N/A!,0.32,0.11,13:20,3,5,3,,,,,,,,,,-,7,12,3,4,0,26.0
常滑,07R,2,3981.0,今坂晃広,静岡,B1,4.01,3.97,0.10,5,0.10,5,0.12,6,0.21,4.2,0.27,5.3,0.06,3,0.02,1,0.0,,2.6,A,,0.381,0.238,#N/A!,#N/A!,#N/A!,0.04,0.25,13:20,4,,4,6,,,,,,,,,2,-,1,1,0,0,4.0
常滑,07R,3,5197.0,中野仁照,愛知,A2,6.06,5.31,0.26,8,0.26,8,0.23,7,0.13,2.7,0.08,1.0,0.0,0,0.22,8,0.08,3.0,3.2,B+,,0.5,0.308,#N/A!,#N/A!,#N/A!,0.32,0.11,13:20,1,,1,2,,,,,,,,,3,3,-,5,2,0,13.0
常滑,07R,4,4215.0,吉島祥之,愛知,A2,5.63,5.95,0.18,10,0.09,5,0.20,11,0.14,2.9,0.21,3.0,0.0,0,0.13,7,0.04,2.0,3.6,B+,隠F,0.256,0.326,#N/A!,#N/A!,#N/A!,0.28,0.11,13:20,1,3,4,1,,,,,,,,,2,3,1,-,1,3,10.0
常滑,07R,5,3946.0,赤岩善生,愛知,A1,7.11,6.77,0.09,5,0.25,14,0.20,11,0.17,3.3,0.15,2.2,0.0,0,0.0,0,0.0,0.0,3.8,A,,0.286,0.268,#N/A!,#N/A!,#N/A!,0.13,0.00,13:20,,,,,,,,,,,,,0,0,0,0,-,0,0.0
常滑,07R,6,4358.0,松本庸平,三重,B1,4.06,4.28,0.00,0,0.03,1,0.06,2,0.22,4.9,0.34,5.3,0.0,0,0.0,0,0.0,0.0,2.0,B+,,0.167,0.25,#N/A!,#N/A!,#N/A!,0.00,0.50,13:20,6,,6,1,,,,,,,,,0,0,0,0,0,-,0.0
常滑,08R,1,3542.0,清水紀克,愛知,B1,3.99,3.89,0.32,12,0.18,7,0.08,3,0.17,3.4,0.21,3.0,0.24,10,0.29,12,0.1,4.0,2.8,A,,0.273,0.364,#N/A!,#N/A!,#N/A!,0.22,0.24,13:50,1,,2,3,,,,,,,,,-,2,5,1,2,1,11.0
常滑,08R,2,4197.0,渥美卓郎,静岡,B1,4.01,3.72,0.02,1,0.14,7,0.22,11,0.19,3.8,0.26,5.0,0.02,1,0.02,1,0.0,,2.6,C,,0.429,0.286,#N/A!,#N/A!,#N/A!,0.06,0.21,13:50,6,6,6,,,,,,,,,,0,-,0,2,0,0,2.0
常滑,08R,3,4570.0,前田聖文,愛知,A1,6.61,7.05,0.20,10,0.35,18,0.25,13,0.14,2.7,0.16,2.5,0.02,1,0.02,1,0.15,8.0,2.6,B+,,0.256,0.333,#N/A!,#N/A!,#N/A!,0.26,0.06,13:50,1,3,2,4,,,,,,,,,4,4,-,1,2,0,11.0
常滑,08R,4,3315.0,広瀬聖仁,愛知,B1,4.76,4.96,0.03,1,0.15,5,0.32,11,0.16,3.0,0.28,3.0,0.04,2,0.0,0,0.0,0.0,3.8,B+,,0.143,0.429,#N/A!,#N/A!,#N/A!,0.20,0.09,13:50,2,1,5,,,,,,,,,,0,1,1,-,0,0,2.0
常滑,08R,5,3554.0,仲口博崇,愛知,A1,6.59,6.97,0.11,7,0.26,16,0.26,16,0.20,3.9,0.19,3.5,0.0,0,0.04,1,0.0,0.0,3.4,B+,,0.39,0.271,#N/A!,#N/A!,#N/A!,0.04,0.09,13:50,,,,,,,,,,,,,0,0,0,1,-,0,1.0
常滑,08R,6,5196.0,鰐部太空海,愛知,A1,6.91,6.13,0.02,1,0.14,6,0.23,10,0.15,3.2,0.33,6.0,0.0,0,0.05,2,0.0,0.0,5.2,A+,未消化F,0.405,0.452,#N/A!,#N/A!,#N/A!,0.21,0.17,13:50,F,6,4,,,,,,,,,,0,1,0,1,0,-,2.0
常滑,09R,1,4062.0,後藤陽介,愛知,B1,4.09,4.89,0.49,23,0.13,6,0.23,11,0.16,3.0,0.19,3.0,0.22,10,0.11,5,0.13,6.0,3.0,A,,0.182,0.273,#N/A!,#N/A!,#N/A!,0.33,0.15,14:20,5,,3,3,,,,,,,,,-,3,7,11,1,0,22.0
常滑,09R,2,4586.0,磯部誠,愛知,A1,6.98,7.75,0.12,6,0.42,21,0.00,0,0.13,2.9,0.13,2.5,0.11,5,0.02,1,0.0,,3.2,A,,0.314,0.314,#N/A!,#N/A!,#N/A!,0.26,0.06,14:20,2,2,2,1,,,,,,,,,3,-,2,1,0,0,6.0
常滑,09R,3,4327.0,加藤翔,静岡,B1,4.02,4.0,0.05,3,0.11,7,0.22,14,0.17,3.5,0.23,3.6,0.0,0,0.03,2,0.02,1.0,3.2,B+,,0.462,0.154,#N/A!,#N/A!,#N/A!,0.12,0.15,14:20,5,3,5,,,,,,,,,,0,1,-,1,1,0,3.0
常滑,09R,4,5252.0,荒木颯斗,愛知,A2,5.71,4.31,0.18,7,0.15,6,0.25,10,0.16,2.8,0.15,3.0,0.04,2,0.09,4,0.04,2.0,2.8,B+,,0.316,0.316,#N/A!,#N/A!,#N/A!,0.22,0.04,14:20,2,,5,5,,,,,,,,,1,2,0,-,4,1,8.0
常滑,09R,5,4231.0,鈴木裕隆,愛知,A2,5.32,5.44,0.07,4,0.16,9,0.17,10,0.19,3.8,0.11,1.6,0.0,0,0.0,0,0.08,5.0,4.0,A,,0.483,0.241,#N/A!,#N/A!,#N/A!,0.14,0.14,14:20,,,,,,,,,,,,,0,0,1,4,-,0,5.0
常滑,09R,6,5321.0,一色颯輝,愛知,B2,5.12,3.71,0.00,0,0.16,7,0.19,8,0.20,4.3,0.20,3.3,0.0,0,0.0,0,0.02,1.0,3.0,A+,,0.231,0.462,#N/A!,#N/A!,#N/A!,0.16,0.39,14:20,2,4,1,,,,,,,,,,0,0,0,1,0,-,1.0
常滑,10R,1,4630.0,岩永雅人,愛知,A2,5.59,6.3,0.54,38,0.20,14,0.14,10,0.18,3.8,0.21,3.7,0.06,4,0.18,13,0.17,12.0,3.8,-,隠FF,0.286,0.314,#N/A!,#N/A!,#N/A!,0.11,0.23,14:50,3,2,3,3,,,,,,,,,-,10,15,9,4,1,39.0
常滑,10R,2,4663.0,籾山佳岳,愛知,B2,5.64,5.47,0.14,2,0.21,3,0.36,5,0.11,2.3,0.15,2.0,0.13,2,0.0,0,0.0,,3.6,S,,0.333,0.0,#N/A!,#N/A!,#N/A!,0.40,0.00,14:50,6,5,1,,,,,,,,,,1,-,0,1,0,0,2.0
常滑,10R,3,4903.0,吉田凌太朗,愛知,A1,6.76,6.65,0.20,12,0.28,17,0.27,16,0.15,2.7,0.15,4.0,0.02,1,0.03,2,0.17,10.0,3.4,C,,0.277,0.17,#N/A!,#N/A!,#N/A!,0.28,0.05,14:50,1,5,2,5,,,,,,,,,5,0,-,4,4,0,13.0
常滑,10R,4,5110.0,杉山喜一,静岡,B1,5.34,4.23,0.07,4,0.14,8,0.29,16,0.16,3.4,0.18,4.0,0.02,1,0.02,1,0.04,2.0,3.2,B+,,0.375,0.25,#N/A!,#N/A!,#N/A!,0.14,0.08,14:50,5,,5,2,,,,,,,,,3,0,0,-,1,0,4.0
常滑,10R,5,4118.0,宇佐見淳,愛知,A1,5.86,6.08,0.07,4,0.22,12,0.22,12,0.15,2.9,0.16,1.6,0.0,0,0.04,2,0.04,2.0,3.8,A,隠F,0.348,0.283,#N/A!,#N/A!,#N/A!,0.31,0.08,14:50,,,,,,,,,,,,,2,0,1,0,-,1,4.0
常滑,10R,6,3362.0,間嶋仁志,三重,B1,5.25,5.36,0.06,3,0.23,11,0.11,5,0.00,0.0,0.22,4.0,0.0,0,0.0,0,0.0,0.0,2.6,C,,0.464,0.214,#N/A!,#N/A!,#N/A!,0.00,0.00,14:50,5,,2,2,,,,,,,,,0,0,0,0,0,-,0.0
常滑,11R,1,3848.0,川上聡介,愛知,A2,4.56,5.53,0.52,29,0.21,12,0.13,7,0.14,2.4,0.11,3.0,0.13,7,0.05,3,0.27,15.0,3.0,B+,隠F,0.231,0.231,#N/A!,#N/A!,#N/A!,0.44,0.04,15:20,2,2,4,,,,,,,,,,-,6,8,7,5,2,28.0
常滑,11R,2,3946.0,赤岩善生,愛知,A1,7.11,6.77,0.19,12,0.36,23,0.16,10,0.16,3.4,0.15,2.2,0.07,11,0.04,6,0.0,,3.8,A,,0.286,0.268,#N/A!,#N/A!,#N/A!,0.14,0.13,15:20,1,4,1,1,,,,,,,,,10,-,4,5,2,1,22.0
常滑,11R,3,4270.0,岸本雄貴,三重,B1,4.86,3.86,0.02,1,0.09,4,0.23,10,0.16,3.3,0.14,3.6,0.0,0,0.02,1,0.0,0.0,2.8,-,,0.467,0.267,#N/A!,#N/A!,#N/A!,0.21,0.19,15:20,6,6,6,,,,,,,,,,1,0,-,0,0,0,1.0
常滑,11R,4,4228.0,吉田慎二郎,愛知,A2,6.03,5.84,0.06,3,0.18,9,0.25,13,0.16,3.0,0.16,3.6,0.02,1,0.04,2,0.0,0.0,3.6,B+,,0.303,0.152,#N/A!,#N/A!,#N/A!,0.21,0.02,15:20,1,,1,4,,,,,,,,,1,0,0,-,2,0,3.0
常滑,11R,5,3730.0,塩崎優司,愛知,B1,5.45,4.49,0.02,1,0.14,8,0.09,5,0.18,3.4,0.17,2.3,0.0,0,0.0,0,0.02,1.0,3.2,B+,,0.25,0.35,#N/A!,#N/A!,#N/A!,0.14,0.09,15:20,,,,,,,,,,,,,0,0,0,1,-,0,1.0
常滑,11R,6,3690.0,河合三弘,愛知,B1,4.64,4.66,0.00,0,0.10,4,0.15,6,0.18,3.8,0.21,4.0,0.0,0,0.0,0,0.0,0.0,2.8,B+,,0.267,0.4,#N/A!,#N/A!,#N/A!,0.13,0.17,15:20,4,3,5,,,,,,,,,,0,0,0,0,0,-,0.0
常滑,12R,1,3554.0,仲口博崇,愛知,A1,6.59,6.97,0.63,54,0.19,16,0.06,5,0.18,3.4,0.19,3.5,0.08,8,0.08,8,0.14,14.0,3.4,B+,,0.39,0.271,#N/A!,#N/A!,#N/A!,0.19,0.21,16:00,4,3,2,3,,,,,,,,,-,28,19,13,5,2,67.0
常滑,12R,2,4199.0,北川潤二,愛知,A2,6.54,6.28,0.09,6,0.33,23,0.23,16,0.15,2.9,0.20,2.6,0.08,9,0.05,6,0.0,,3.6,A,,0.321,0.304,#N/A!,#N/A!,#N/A!,0.25,0.11,16:00,1,,4,5,,,,,,,,,7,-,4,2,0,2,15.0
常滑,12R,3,4308.0,河村了,愛知,A1,6.65,6.33,0.16,8,0.27,13,0.31,15,0.15,3.1,0.21,2.6,0.0,0,0.02,1,0.16,8.0,3.2,A+,,0.222,0.244,#N/A!,#N/A!,#N/A!,0.16,0.06,16:00,3,1,1,,,,,,,,,,5,2,-,1,0,1,9.0
常滑,12R,4,4337.0,平本真之,愛知,A1,7.58,7.48,0.13,7,0.29,16,0.18,10,0.12,2.5,0.16,2.7,0.02,1,0.08,4,0.04,2.0,3.2,A,,0.4,0.28,#N/A!,#N/A!,#N/A!,0.27,0.02,16:00,1,1,1,3,,,,,,,,,3,2,1,-,1,1,8.0
常滑,12R,5,4142.0,平野和明,愛知,A2,5.66,5.47,0.02,1,0.07,4,0.29,16,0.19,4.1,0.18,4.3,0.0,0,0.02,1,0.0,0.0,2.2,-,,0.226,0.29,#N/A!,#N/A!,#N/A!,0.00,0.09,16:00,,,,,,,,,,,,,0,0,0,0,-,1,1.0
常滑,12R,6,5125.0,高井雄基,愛知,A2,5.63,5.64,0.00,0,0.05,2,0.30,12,0.20,4.3,0.25,4.5,0.0,0,0.0,0,0.0,0.0,2.6,B+,,0.324,0.324,#N/A!,#N/A!,#N/A!,0.18,0.40,16:00,4,2,3,4,,,,,,,,,0,0,0,0,0,-,0.0
蒲郡,01R,1,3455.0,谷本幸司,愛知,B1,5.09,4.0,0.48,22,0.20,9,0.07,3,0.18,2.8,0.15,3.1,0.2,9,0.11,5,0.17,8.0,3.8,A,,0.35,0.35,B,4,4,0.46,0.20,15:23,1,3,5,,1,5,2,,,,,,-,5,9,2,3,2,21.0
蒲郡,01R,2,5061.0,中村駿平,愛知,B1,3.36,3.79,0.03,1,0.13,5,0.05,2,0.16,3.1,0.15,2.6,0.0,0,0.0,0,0.0,,2.8,B+,,0.571,0.0,C,4,3,0.22,0.17,15:23,6,,2,5,3,,6,4,,,,,0,-,0,0,0,0,0.0
蒲郡,01R,3,3327.0,野長瀬正孝,静岡,A2,5.96,6.14,0.06,3,0.12,6,0.20,10,0.15,2.8,0.12,3.8,0.02,1,0.05,3,0.02,1.0,4.0,A,隠F,0.375,0.219,A,4,5,0.21,0.02,15:23,1,4,2,,5,1,3,,,,,,2,1,-,1,1,0,5.0
蒲郡,01R,4,5039.0,倉田茂将,愛知,A2,4.61,4.19,0.15,8,0.15,8,0.15,8,0.15,2.7,0.16,2.8,0.03,2,0.07,5,0.01,1.0,2.4,-,,0.353,0.294,C,3,4,0.36,0.09,15:23,4,,2,4,6,,6,2,,,,,3,1,0,-,3,3,10.0
蒲郡,01R,5,4483.0,北野輝季,愛知,A1,6.8,7.82,0.06,3,0.28,14,0.26,13,0.14,2.8,0.16,2.7,0.0,0,0.03,2,0.03,2.0,3.0,B+,,0.288,0.308,C,3,3,0.24,0.03,15:23,,,,,,,,,,,,,3,1,0,1,-,0,5.0
蒲郡,01R,6,5319.0,近藤颯斗,愛知,B1,5.05,3.97,0.04,2,0.06,3,0.15,8,0.15,3.2,0.22,4.8,0.0,0,0.0,0,0.05,3.0,3.2,B+,隠F+F,0.308,0.462,C,3,3,0.28,0.23,15:23,5,,6,F,2,,5,,,,,,1,0,1,0,1,-,3.0
蒲郡,02R,1,3934.0,鋤柄貴俊,愛知,B1,4.78,5.39,0.23,11,0.21,10,0.25,12,0.18,3.4,0.13,2.8,0.21,10,0.35,17,0.19,9.0,3.4,B+,,0.3,0.3,B,4,4,0.25,0.17,15:48,1,,3,3,4,2,5,,,,,,-,4,3,1,1,2,11.0
蒲郡,02R,2,3988.0,古川誠之,愛知,A2,5.74,6.22,0.10,5,0.38,19,0.20,10,0.16,3.3,0.09,2.4,0.04,2,0.02,1,0.0,,3.0,-,,0.371,0.257,C,3,3,0.21,0.19,15:48,3,,1,5,5,3,1,4,,,,,1,-,0,2,0,0,3.0
蒲郡,02R,3,3776.0,横井健太,愛知,B1,3.64,3.68,0.02,1,0.07,3,0.19,8,0.17,3.7,0.20,4.8,0.0,0,0.02,1,0.0,0.0,2.0,-,,0.25,0.25,B,4,4,0.09,0.09,15:48,4,,6,3,5,5,4,,,,,,0,1,-,1,0,0,2.0
蒲郡,02R,4,4914.0,吉田裕平,愛知,A1,7.06,7.14,0.16,9,0.29,17,0.17,10,0.12,2.6,0.11,2.5,0.02,1,0.1,6,0.05,3.0,2.8,B+,,0.413,0.261,C,3,3,0.31,0.07,15:48,1,3,1,2,1,4,1,3,,,,,2,2,2,-,5,0,11.0
蒲郡,02R,5,3642.0,大塚浩二,静岡,B1,3.82,3.73,0.05,2,0.00,0,0.05,2,0.17,3.6,0.19,3.6,0.0,0,0.03,1,0.03,1.0,3.0,A,,0.125,0.0,D,2,3,0.05,0.11,15:48,,,,,,,,,,,,,0,1,1,0,-,0,2.0
蒲郡,02R,6,4306.0,畔柳俊吾,愛知,A2,4.56,4.32,0.00,0,0.03,1,0.15,6,0.19,4.1,0.21,4.8,0.0,0,0.0,0,0.0,0.0,3.2,C,,0.5,0.25,B,4,4,0.13,0.34,15:48,3,4,6,5,1,,5,,,,,,0,0,0,0,0,-,0.0
蒲郡,03R,1,4960.0,黒野元基,愛知,A1,7.6,6.91,0.72,50,0.16,11,0.06,4,0.14,2.5,0.12,2.1,0.07,5,0.07,5,0.09,6.0,3.2,-,,0.245,0.347,B,4,4,0.41,0.07,16:16,2,,1,3,2,,3,1,,,,,-,15,15,14,3,4,51.0
蒲郡,03R,2,4409.0,坂元浩仁,愛知,A2,7.13,6.8,0.18,11,0.41,25,0.13,8,0.15,2.8,0.12,2.4,0.08,5,0.06,4,0.0,,4.0,C,,0.379,0.241,C,4,3,0.26,0.05,16:16,1,1,1,,4,5,4,4,,,,,6,-,2,1,2,0,11.0
蒲郡,03R,3,3945.0,橋口真樹,愛知,B1,4.22,3.78,0.02,1,0.09,4,0.30,13,0.18,3.7,0.19,4.3,0.03,1,0.03,1,0.0,0.0,3.0,B+,,0.0,0.5,A,4,5,0.10,0.21,16:16,6,,4,3,4,,4,5,,,,,0,0,-,2,0,0,2.0
蒲郡,03R,4,4786.0,佐藤博亮,愛知,A1,6.81,6.29,0.12,6,0.34,17,0.18,9,0.14,2.7,0.13,2.4,0.06,3,0.04,2,0.0,0.0,3.4,B+,,0.413,0.239,C,3,4,0.30,0.06,16:16,1,,2,3,2,1,6,2,,,,,3,1,3,-,0,0,7.0
蒲郡,03R,5,4035.0,杉江浩明,愛知,B1,4.09,4.09,0.07,4,0.05,3,0.09,5,0.20,4.3,0.21,5.0,0.0,0,0.02,1,0.05,3.0,2.8,B+,,0.25,0.083,C,4,3,0.07,0.23,16:16,,,,,,,,,,,,,1,0,0,2,-,1,4.0
蒲郡,03R,6,5441.0,鈴木雄登,愛知,B2,3.85,2.78,0.09,5,0.09,5,0.09,5,0.17,3.4,0.19,4.6,0.01,1,0.0,0,0.03,3.0,2.6,A,隠F,0.0,0.0,B,4,4,0.28,0.23,16:16,5,,3,6,5,,2,6,,,,,1,1,2,1,0,-,5.0
蒲郡,04R,1,4604.0,岩瀬裕亮,愛知,A1,7.08,7.28,0.85,60,0.07,5,0.04,3,0.12,2.1,0.13,2.0,0.07,5,0.01,1,0.07,5.0,3.6,B+,,0.3,0.35,B,4,4,0.55,0.00,16:39,2,4,1,2,1,2,1,5,,,,,-,20,22,9,7,5,63.0
蒲郡,04R,2,4681.0,太田潮,愛知,B1,4.07,4.38,0.05,2,0.27,12,0.23,10,0.20,4.3,0.13,3.0,0.02,1,0.0,0,0.0,,3.0,C,,0.222,0.222,B,4,4,0.09,0.34,16:39,5,3,5,,3,6,5,,,,,,0,-,0,1,0,1,2.0
蒲郡,04R,3,4084.0,杉山正樹,愛知,A1,6.9,6.89,0.14,8,0.27,16,0.31,18,0.15,3.1,0.15,3.5,0.03,2,0.0,0,0.02,1.0,3.0,-,,0.351,0.263,D,2,2,0.14,0.103,16:39,2,2,6,,2,3,4,6,,,,,1,2,-,1,2,0,6.0
蒲郡,04R,4,4442.0,松竹大輔,愛知,B1,5.65,5.86,0.17,10,0.09,5,0.22,13,0.15,3.0,0.15,2.2,0.07,4,0.07,4,0.05,3.0,3.4,A,,0.258,0.258,C,3,4,0.15,0.067,16:39,2,5,2,,1,2,4,3,,,,,1,5,3,-,1,1,11.0
蒲郡,04R,5,4989.0,石原翼,静岡,A2,6.05,5.77,0.09,4,0.19,8,0.21,9,0.13,2.4,0.15,3.0,0.0,0,0.0,0,0.12,5.0,3.0,C,,0.189,0.378,B,4,4,0.36,0.024,16:39,,,,,,,,,,,,,0,1,1,2,-,1,5.0
蒲郡,04R,6,5211.0,高井駿弥,愛知,B1,4.56,4.04,0.00,0,0.09,3,0.06,2,0.21,4.3,0.15,2.8,0.0,0,0.0,0,0.0,0.0,3.0,-,,0.0,0.5,B,4,4,0.03,0.333,16:39,6,5,6,,3,,3,5,,,,,0,0,0,0,0,-,0.0
蒲郡,05R,1,3550.0,都築正治,愛知,A2,5.39,6.62,0.59,32,0.19,10,0.06,3,0.15,3.2,0.13,3.0,0.11,6,0.11,6,0.13,7.0,3.0,B+,,0.433,0.267,B,4,4,0.23,0.075,17:04,1,,5,4,5,,2,1,,,,,-,14,9,3,4,1,31.0
蒲郡,05R,2,5137.0,川原涼,愛知,B1,5.53,4.33,0.13,5,0.21,8,0.21,8,0.15,3.3,0.22,4.6,0.08,3,0.03,1,0.0,,2.6,-,,0.5,0.318,C,3,3,0.17,0.139,17:04,4,4,4,5,6,,3,,,,,,0,-,2,1,0,1,4.0
蒲郡,05R,3,4527.0,高野心吾,愛知,B1,4.06,4.19,0.05,2,0.15,6,0.18,7,0.15,3.1,0.14,4.0,0.0,0,0.05,2,0.0,0.0,2.8,B+,,0.364,0.091,B,4,4,0.19,0.095,17:04,3,5,6,,6,4,5,,,,,,1,0,-,1,0,1,3.0
蒲郡,05R,4,4074.0,柳沢一,愛知,A1,6.34,6.85,0.15,7,0.31,15,0.29,14,0.14,3.0,0.12,2.2,0.12,7,0.04,2,0.0,0.0,3.0,A,,0.417,0.167,C,4,3,0.16,0.035,17:04,2,6,2,1,1,4,3,1,,,,,3,5,0,-,1,0,9.0
蒲郡,05R,5,5068.0,前田滉,愛知,A1,7.05,6.41,0.18,9,0.26,13,0.22,11,0.15,3.1,0.17,3.2,0.04,2,0.04,2,0.08,4.0,5.0,S,,0.204,0.444,A,5,5,0.24,0.059,17:04,,,,,,,,,,,,,5,1,2,1,-,1,10.0
蒲郡,05R,6,5082.0,一色凌雅,愛知,B1,4.91,4.87,0.05,2,0.09,4,0.18,8,0.20,4.6,0.19,4.4,0.0,0,0.0,0,0.04,2.0,2.4,B+,,0.462,0.231,C,3,3,0.10,0.423,17:04,5,5,5,,2,,1,2,,,,,2,0,0,0,1,-,3.0
蒲郡,06R,1,4067.0,永井源,愛知,A1,6.03,6.26,0.63,48,0.17,13,0.08,6,0.18,3.6,0.19,2.8,0.08,6,0.11,9,0.15,12.0,4.0,A,,0.5,0.283,A,4,5,0.14,0.19,17:28,6,2,3,2,5,,1,2,,,,,-,25,12,7,3,2,49.0
蒲郡,06R,2,5127.0,沼田大都,愛知,B1,4.47,5.28,0.15,8,0.22,12,0.25,14,0.20,4.1,0.20,4.8,0.09,5,0.02,1,0.0,,3.6,A+,,0.364,0.273,A,5,5,0.07,0.268,17:28,2,,3,4,3,S,5,,,,,,4,-,4,0,0,0,8.0
蒲郡,06R,3,4910.0,中村泰平,愛知,A1,6.33,7.27,0.18,9,0.34,17,0.20,10,0.16,2.8,0.13,2.7,0.0,0,0.08,4,0.15,8.0,2.8,C,,0.292,0.354,B,4,4,0.26,0.113,17:28,2,5,4,,4,5,2,2,,,,,7,1,-,3,2,1,14.0
蒲郡,06R,4,4516.0,野口勝弘,愛知,A2,6.52,6.55,0.12,8,0.17,11,0.23,15,0.16,2.9,0.12,2.1,0.03,2,0.07,5,0.03,2.0,3.4,B+,,0.288,0.346,C,4,3,0.26,0.071,17:28,3,4,1,3,1,,3,4,,,,,4,2,1,-,4,1,12.0
蒲郡,06R,5,3718.0,伊達正利,静岡,B1,4.73,3.74,0.02,1,0.04,2,0.12,6,0.18,3.6,0.18,4.1,0.0,0,0.0,0,0.0,0.0,2.2,-,,0.318,0.227,B,4,4,0.09,0.086,17:28,,,,,,,,,,,,,0,0,0,0,-,1,1.0
蒲郡,06R,6,5262.0,鈴木章司,愛知,B1,4.77,3.29,0.00,0,0.08,3,0.08,3,0.25,5.2,0.18,3.6,0.0,0,0.0,0,0.0,0.0,3.8,B+,隠F,0.4,0.0,A,5,4,0.03,0.583,17:28,4,5,2,,4,5,4,,,,,,0,0,0,0,0,-,0.0
蒲郡,07R,1,4293.0,鈴木智啓,愛知,A2,4.48,5.63,0.63,44,0.20,14,0.03,2,0.15,3.0,0.19,4.5,0.13,9,0.1,7,0.13,9.0,3.0,A+,,0.195,0.244,A,5,4,0.24,0.114,17:57,3,,3,6,3,4,2,,,,,,-,8,11,14,5,6,44.0
蒲郡,07R,2,3839.0,川合理司,静岡,B1,3.76,3.37,0.07,3,0.09,4,0.19,8,0.17,3.5,0.10,2.3,0.07,3,0.0,0,0.0,,2.0,B+,,0.455,0.182,C,4,3,0.05,0.093,17:57,4,6,4,,1,,6,5,,,,,2,-,0,1,0,0,3.0
蒲郡,07R,3,3941.0,池田浩二,愛知,A1,7.99,8.54,0.24,11,0.42,19,0.20,9,0.11,2.1,0.11,2.1,0.02,1,0.06,3,0.15,8.0,3.6,B+,,0.409,0.303,B,4,4,0.40,0.019,17:57,1,1,2,1,2,1,1,1,,,,,10,1,-,3,0,0,14.0
蒲郡,07R,4,4306.0,畔柳俊吾,愛知,A2,4.56,4.32,0.09,4,0.16,7,0.23,10,0.20,3.8,0.21,4.8,0.02,1,0.02,1,0.02,1.0,3.2,C,,0.5,0.25,B,4,4,0.08,0.075,17:57,3,4,6,5,1,,5,,,,,,0,1,1,-,1,0,3.0
蒲郡,07R,5,3967.0,鈴木茂高,愛知,B1,4.84,4.73,0.03,1,0.03,1,0.08,3,0.21,4.1,0.17,4.1,0.0,0,0.0,0,0.03,1.0,2.8,B+,,0.143,0.571,C,3,3,0.08,0.1,17:57,,,,,,,,,,,,,0,0,0,1,-,0,1.0
蒲郡,07R,6,5345.0,牧村俊輝,愛知,B1,2.92,2.11,0.00,0,0.03,2,0.05,4,0.22,4.8,0.15,3.5,0.0,0,0.0,0,0.0,0.0,2.6,C,,0.0,0.0,D,2,3,0.03,0.483,17:57,1,,6,4,3,6,6,,,,,,0,0,1,0,0,-,1.0
蒲郡,08R,1,5039.0,倉田茂将,愛知,A2,4.61,4.19,0.44,19,0.23,10,0.02,1,0.15,2.8,0.16,2.8,0.14,6,0.26,11,0.14,6.0,2.4,-,,0.353,0.294,C,3,4,0.33,0.048,18:27,4,,2,4,6,,6,2,,,,,-,6,6,3,2,1,18.0
蒲郡,08R,2,5318.0,河内一馬,愛知,B1,3.53,2.31,0.00,0,0.05,1,0.21,4,0.19,3.6,0.15,4.0,0.0,0,0.0,0,0.0,,3.8,A+,,0.0,0.0,B,4,4,0.14,0.19,18:27,4,,6,6,2,,2,4,,,,,0,-,0,0,0,0,0.0
蒲郡,08R,3,4989.0,石原翼,静岡,A2,6.05,5.77,0.17,8,0.30,14,0.24,11,0.14,2.8,0.15,3.0,0.06,3,0.12,6,0.0,0.0,3.0,C,,0.189,0.378,B,4,4,0.15,0,18:27,5,6,2,,4,4,3,,,,,,4,2,-,3,0,1,10.0
蒲郡,08R,4,4229.0,市川美宏,静岡,B1,3.82,4.06,0.00,0,0.00,0,0.20,7,0.19,4.1,0.14,5.1,0.0,0,0.0,0,0.0,0.0,2.0,-,,0.308,0.231,C,3,3,0.00,0.156,18:27,6,4,5,,5,,5,6,,,,,0,0,0,-,0,0,0.0
蒲郡,08R,5,4850.0,野中一平,愛知,A1,6.06,7.28,0.08,4,0.12,6,0.25,13,0.11,2.4,0.12,2.5,0.0,0,0.03,2,0.03,2.0,2.2,-,,0.345,0.207,C,3,3,0.42,0.017,18:27,,,,,,,,,,,,,1,0,0,0,-,3,4.0
蒲郡,08R,6,3713.0,伊藤誠二,愛知,A2,6.44,6.37,0.04,2,0.02,1,0.22,10,0.16,3.5,0.17,4.6,0.0,0,0.0,0,0.0,0.0,3.8,B+,未消化F,0.3,0.267,A,5,5,0.18,0.2,18:27,F,6,4,,4,,4,,,,,,0,0,0,0,0,-,0.0
蒲郡,09R,1,4914.0,吉田裕平,愛知,A1,7.06,7.14,0.84,48,0.12,7,0.00,0,0.11,2.1,0.11,2.5,0.05,3,0.09,5,0.02,1.0,2.8,B+,,0.413,0.261,C,3,3,0.54,0.018,18:57,1,3,1,2,1,4,1,3,,,,,-,18,10,11,6,3,48.0
蒲郡,09R,2,4604.0,岩瀬裕亮,愛知,A1,7.08,7.28,0.18,12,0.46,30,0.14,9,0.15,3.1,0.13,2.0,0.09,6,0.06,4,0.0,,3.6,B+,,0.3,0.35,B,4,4,0.07,0.044,18:57,2,4,1,2,1,2,1,5,,,,,6,-,2,2,2,0,12.0
蒲郡,09R,3,4409.0,坂元浩仁,愛知,A2,7.13,6.8,0.19,11,0.19,11,0.19,11,0.13,2.6,0.12,2.4,0.03,2,0.05,3,0.07,4.0,4.0,C,,0.379,0.241,C,4,3,0.32,0.085,18:57,1,1,1,,4,5,4,4,,,,,6,2,-,1,1,0,10.0
蒲郡,09R,4,3327.0,野長瀬正孝,静岡,A2,5.96,6.14,0.12,6,0.24,12,0.22,11,0.18,3.3,0.12,3.8,0.05,4,0.06,5,0.05,4.0,4.0,A,隠F,0.375,0.219,A,4,5,0.18,0.146,18:57,1,4,2,,5,1,3,,,,,,3,3,4,-,2,2,14.0
蒲郡,09R,5,4084.0,杉山正樹,愛知,A1,6.9,6.89,0.09,5,0.24,13,0.17,9,0.16,3.3,0.15,3.5,0.02,1,0.02,1,0.07,4.0,3.0,-,,0.351,0.263,D,2,2,0.21,0.082,18:57,,,,,,,,,,,,,5,0,0,1,-,1,7.0
蒲郡,09R,6,4074.0,柳沢一,愛知,A1,6.34,6.85,0.10,5,0.12,6,0.22,11,0.13,2.5,0.12,2.2,0.02,1,0.0,0,0.0,0.0,3.0,A,,0.417,0.167,C,4,3,0.45,0.071,18:57,2,6,2,1,1,4,3,1,,,,,0,0,0,0,1,-,1.0
蒲郡,10R,1,5068.0,前田滉,愛知,A1,7.05,6.41,0.74,54,0.14,10,0.05,4,0.15,2.9,0.17,3.2,0.06,4,0.1,7,0.07,5.0,5.0,S,,0.204,0.444,A,5,5,0.25,0.111,19:28,2,2,1,1,2,1,3,1,,,,,-,12,23,14,4,1,54.0
蒲郡,10R,2,4960.0,黒野元基,愛知,A1,7.6,6.91,0.23,13,0.32,18,0.19,11,0.17,3.4,0.12,2.1,0.15,8,0.04,2,0.0,,3.2,-,,0.245,0.347,B,4,4,0.13,0.093,19:28,2,,1,3,2,,3,1,,,,,6,-,2,1,1,0,10.0
蒲郡,10R,3,4442.0,松竹大輔,愛知,B1,5.65,5.86,0.15,7,0.19,9,0.15,7,0.15,2.9,0.15,2.2,0.02,1,0.06,3,0.08,4.0,3.4,A,,0.258,0.258,C,3,4,0.17,0.021,19:28,2,5,2,,1,2,4,3,,,,,4,1,-,1,1,1,8.0
蒲郡,10R,4,3455.0,谷本幸司,愛知,B1,5.09,4.0,0.02,1,0.24,11,0.13,6,0.17,3.3,0.15,3.1,0.0,0,0.0,0,0.0,0.0,3.8,A,,0.35,0.35,B,4,4,0.07,0.146,19:28,1,3,5,,1,5,2,,,,,,1,0,0,-,0,0,1.0
蒲郡,10R,5,3934.0,鋤柄貴俊,愛知,B1,4.78,5.39,0.06,3,0.12,6,0.22,11,0.16,3.2,0.13,2.8,0.0,0,0.02,1,0.04,2.0,3.4,B+,,0.3,0.3,B,4,4,0.18,0.055,19:28,,,,,,,,,,,,,0,0,1,1,-,1,3.0
蒲郡,10R,6,4516.0,野口勝弘,愛知,A2,6.52,6.55,0.02,1,0.17,9,0.19,10,0.18,4.1,0.12,2.1,0.0,0,0.02,1,0.0,0.0,3.4,B+,,0.288,0.346,C,4,3,0.12,0.279,19:28,3,4,1,3,1,,3,4,,,,,0,0,0,0,1,-,1.0
蒲郡,11R,1,3941.0,池田浩二,愛知,A1,7.99,8.54,0.86,68,0.05,4,0.05,4,0.12,2.5,0.11,2.1,0.04,3,0.05,4,0.03,2.0,3.6,B+,,0.409,0.303,B,4,4,0.39,0.075,20:00,1,1,2,1,2,1,1,1,,,,,-,28,21,14,5,1,69.0
蒲郡,11R,2,4483.0,北野輝季,愛知,A1,6.8,7.82,0.22,12,0.29,16,0.18,10,0.16,3.3,0.16,2.7,0.12,6,0.08,4,0.0,,3.0,B+,,0.288,0.308,C,3,3,0.10,0.082,20:00,3,,3,1,3,3,1,3,,,,,3,-,3,3,0,1,10.0
蒲郡,11R,3,4786.0,佐藤博亮,愛知,A1,6.81,6.29,0.22,12,0.31,17,0.20,11,0.14,3.0,0.13,2.4,0.04,2,0.05,3,0.09,5.0,3.4,B+,,0.413,0.239,C,3,4,0.20,0.107,20:00,1,,2,3,2,1,6,2,,,,,6,3,-,2,2,0,13.0
蒲郡,11R,4,3550.0,都築正治,愛知,A2,5.39,6.62,0.13,7,0.15,8,0.22,12,0.18,3.2,0.13,3.0,0.02,1,0.08,5,0.0,0.0,3.0,B+,,0.433,0.267,B,4,4,0.26,0.098,20:00,1,,5,4,5,,2,1,,,,,3,1,1,-,3,0,8.0
蒲郡,11R,5,3988.0,古川誠之,愛知,A2,5.74,6.22,0.04,2,0.15,7,0.37,17,0.14,3.1,0.09,2.4,0.0,0,0.02,1,0.02,1.0,3.0,-,,0.371,0.257,C,3,3,0.19,0.096,20:00,,,,,,,,,,,,,0,1,1,0,-,0,2.0
蒲郡,11R,6,4067.0,永井源,愛知,A1,6.03,6.26,0.08,4,0.25,13,0.13,7,0.18,3.8,0.19,2.8,0.0,0,0.0,0,0.03,1.0,4.0,A,,0.5,0.283,A,4,5,0.16,0.237,20:00,6,2,3,2,5,,1,2,,,,,2,0,0,0,0,-,2.0
蒲郡,12R,1,4850.0,野中一平,愛知,A1,6.06,7.28,0.64,34,0.21,11,0.06,3,0.13,2.2,0.12,2.5,0.08,4,0.11,6,0.11,6.0,2.2,-,,0.345,0.207,C,3,3,0.49,0.019,20:38,6,1,4,,3,6,3,6,,,,,-,11,7,6,8,1,33.0
蒲郡,12R,2,3642.0,大塚浩二,静岡,B1,3.82,3.73,0.02,1,0.18,8,0.18,8,0.18,3.3,0.19,3.6,0.02,1,0.0,0,0.0,,3.0,A,,0.125,0.0,D,2,3,0.21,0.209,20:38,3,3,4,,2,3,6,,,,,,1,-,0,0,0,0,1.0
蒲郡,12R,3,4293.0,鈴木智啓,愛知,A2,4.48,5.63,0.08,5,0.24,15,0.27,17,0.17,3.3,0.19,4.5,0.0,0,0.05,3,0.02,1.0,3.0,A+,,0.195,0.244,A,5,4,0.12,0.083,20:38,3,,3,6,3,4,2,,,,,,1,1,-,2,0,0,4.0
蒲郡,12R,4,5441.0,鈴木雄登,愛知,B2,3.85,2.78,0.00,0,0.00,0,0.09,1,0.00,0.0,0.19,4.6,0.0,0,0.0,0,0.0,0.0,2.6,A,隠F,0.0,0.0,B,4,4,0.00,0,20:38,5,,3,6,5,,2,6,,,,,0,0,0,-,0,0,0.0
蒲郡,12R,5,4910.0,中村泰平,愛知,A1,6.33,7.27,0.07,3,0.19,8,0.21,9,0.14,3.0,0.13,2.7,0.02,1,0.0,0,0.05,2.0,2.8,C,,0.292,0.354,B,4,4,0.23,0.047,20:38,,,,,,,,,,,,,0,1,1,2,-,0,4.0
蒲郡,12R,6,5137.0,川原涼,愛知,B1,5.53,4.33,0.00,0,0.16,8,0.10,5,0.19,4.4,0.22,4.6,0.0,0,0.0,0,0.0,0.0,2.6,-,,0.5,0.318,C,3,3,0.08,0.333,20:38,4,4,4,5,6,,3,,,,,,0,0,0,0,0,-,0.0
浜名湖,01R,1,3502.0,渡邉英児,静岡,B1,5.95,5.98,0.43,26,0.30,18,0.07,4,0.17,3.3,0.17,4.3,0.2,12,0.15,9,0.18,11.0,3.4,B+,,0.36,0.2,#N/A!,#N/A!,#N/A!,0.26,0.164,11:32,3,,5,S,,,,,,,,,-,9,6,3,6,2,26.0
浜名湖,01R,2,3956.0,横澤剛治,静岡,A1,6.08,6.66,0.23,11,0.33,16,0.15,7,0.16,3.4,0.19,3.3,0.1,5,0.1,5,0.0,,3.2,A,,0.5,0.158,#N/A!,#N/A!,#N/A!,0.10,0.098,11:32,6,,6,2,,,,,,,,,3,-,5,2,0,0,10.0
浜名湖,01R,3,3796.0,長野道臣,静岡,B1,5.24,5.54,0.04,2,0.27,14,0.22,11,0.16,3.2,0.19,4.3,0.02,1,0.0,0,0.02,1.0,3.4,-,,0.312,0.25,#N/A!,#N/A!,#N/A!,0.28,0.111,11:32,5,5,4,,,,,,,,,,1,0,-,0,1,0,2.0
浜名湖,01R,4,5434.0,藤田康生,静岡,B2,2.76,2.0,0.00,0,0.00,0,0.00,0,0.00,0.0,0.12,2.0,0.0,0,0.0,0,0.0,0.0,2.0,C,,0.0,0.0,#N/A!,#N/A!,#N/A!,0.00,0,11:32,6,5,5,,,,,,,,,,0,0,0,-,0,0,0.0
浜名湖,01R,5,3811.0,石田章央,静岡,A2,6.41,6.25,0.06,3,0.22,12,0.15,8,0.15,3.3,0.19,3.3,0.0,0,0.0,0,0.05,3.0,3.2,-,,0.216,0.459,#N/A!,#N/A!,#N/A!,0.20,0.083,11:32,,,,,,,,,,,,,1,1,0,1,-,0,3.0
浜名湖,01R,6,4076.0,杉田篤光,静岡,A2,5.49,5.4,0.00,0,0.13,6,0.18,8,0.24,5.2,0.20,5.0,0.0,0,0.0,0,0.0,0.0,3.0,C,,0.343,0.2,#N/A!,#N/A!,#N/A!,0.00,0.52,11:32,4,6,4,,,,,,,,,,0,0,0,0,0,-,0.0
浜名湖,02R,1,5076.0,石原光,静岡,B1,5.53,4.96,0.53,17,0.09,3,0.03,1,0.16,3.2,0.27,6.0,0.09,3,0.27,9,0.09,3.0,4.2,A+,,0.412,0.176,#N/A!,#N/A!,#N/A!,0.21,0.091,11:58,6,,S,5,,,,,,,,,-,7,3,5,2,0,17.0
浜名湖,02R,2,4933.0,板橋侑我,静岡,A1,6.34,5.94,0.28,16,0.26,15,0.23,13,0.14,3.0,0.11,3.0,0.18,10,0.07,4,0.0,,3.2,A+,隠F,0.356,0.289,#N/A!,#N/A!,#N/A!,0.27,0.071,11:58,1,3,5,2,,,,,,,,,7,-,0,4,2,1,14.0
浜名湖,02R,3,3990.0,芹澤克彦,静岡,B1,4.48,5.32,0.06,3,0.27,14,0.25,13,0.13,2.7,0.18,3.3,0.0,0,0.02,1,0.04,2.0,3.8,B+,,0.538,0.231,#N/A!,#N/A!,#N/A!,0.20,0.022,11:58,4,6,5,,,,,,,,,,3,0,-,0,0,0,3.0
浜名湖,02R,4,4124.0,池田雄一,静岡,A1,5.9,6.56,0.13,7,0.25,14,0.24,13,0.18,3.3,0.18,4.3,0.04,2,0.04,2,0.05,3.0,3.6,A,隠F,0.317,0.317,#N/A!,#N/A!,#N/A!,0.09,0.036,11:58,3,5,3,,,,,,,,,,4,0,2,-,1,2,9.0
浜名湖,02R,5,4131.0,原豊土,静岡,A2,6.6,6.17,0.07,3,0.23,10,0.16,7,0.17,3.6,0.19,4.6,0.0,0,0.0,0,0.06,3.0,4.0,A,,0.429,0.238,#N/A!,#N/A!,#N/A!,0.11,0.085,11:58,,,,,,,,,,,,,1,0,1,2,-,0,4.0
浜名湖,02R,6,3563.0,堤昇,静岡,B1,4.99,5.67,0.06,3,0.04,2,0.15,7,0.15,3.5,0.16,3.3,0.0,0,0.0,0,0.0,0.0,3.4,C,,0.483,0.138,#N/A!,#N/A!,#N/A!,0.32,0.263,11:58,4,4,3,,,,,,,,,,0,0,0,0,0,-,0.0
浜名湖,03R,1,4068.0,幸田智裕,静岡,B1,4.71,5.27,0.40,16,0.30,12,0.08,3,0.14,2.7,0.17,4.0,0.09,4,0.23,10,0.2,9.0,3.2,B+,,0.5,0.312,#N/A!,#N/A!,#N/A!,0.34,0.091,12:29,6,5,2,,,,,,,,,,-,9,4,0,2,1,16.0
浜名湖,03R,2,3995.0,重野哲之,静岡,A1,6.3,6.93,0.18,8,0.24,11,0.22,10,0.13,2.7,0.15,2.0,0.14,6,0.05,2,0.0,,3.2,B+,隠F,0.488,0.209,#N/A!,#N/A!,#N/A!,0.30,0.14,12:29,3,2,3,,,,,,,,,,5,-,2,1,0,0,8.0
浜名湖,03R,3,4360.0,庄司孝輔,静岡,B1,5.87,5.6,0.16,8,0.20,10,0.24,12,0.18,3.7,0.18,4.3,0.02,1,0.02,1,0.08,4.0,2.0,C,,0.474,0.368,#N/A!,#N/A!,#N/A!,0.14,0.154,12:29,5,,4,6,,,,,,,,,3,1,-,1,2,0,7.0
浜名湖,03R,4,4216.0,星栄爾,静岡,B1,5.16,6.0,0.05,3,0.14,8,0.30,17,0.15,2.7,0.11,2.6,0.0,0,0.06,4,0.03,2.0,3.2,-,,0.413,0.239,#N/A!,#N/A!,#N/A!,0.25,0.032,12:29,3,,2,5,,,,,,,,,2,0,1,-,2,1,6.0
浜名湖,03R,5,4581.0,吉村誠,静岡,A1,6.14,5.82,0.12,6,0.30,15,0.18,9,0.13,2.6,0.15,2.6,0.0,0,0.0,0,0.11,5.0,3.4,C,,0.273,0.273,#N/A!,#N/A!,#N/A!,0.25,0,12:29,,,,,,,,,,,,,3,2,0,1,-,0,6.0
浜名湖,03R,6,5034.0,若林義人,静岡,A1,6.81,5.99,0.02,1,0.16,8,0.16,8,0.17,3.7,0.10,2.2,0.0,0,0.0,0,0.0,0.0,3.2,B+,,0.339,0.268,#N/A!,#N/A!,#N/A!,0.23,0.182,12:29,5,3,6,1,,,,,,,,,0,0,0,0,0,-,0.0
浜名湖,04R,1,3959.0,坪井康晴,静岡,A1,7.31,7.1,0.71,51,0.14,10,0.07,5,0.12,2.7,0.14,4.6,0.1,7,0.12,8,0.09,6.0,2.2,C,,0.37,0.413,#N/A!,#N/A!,#N/A!,0.34,0.074,12:57,3,3,4,,,,,,,,,,-,16,21,4,4,2,47.0
浜名湖,04R,2,5294.0,豊田祥生,静岡,B1,3.71,2.72,0.03,2,0.17,11,0.08,5,0.18,3.9,0.22,4.3,0.02,1,0.02,1,0.0,,3.2,B+,隠F,0.091,0.364,#N/A!,#N/A!,#N/A!,0.09,0.172,12:57,6,,5,3,,,,,,,,,0,-,0,2,0,0,2.0
浜名湖,04R,3,3987.0,後藤正宗,静岡,B1,6.13,5.96,0.13,7,0.25,14,0.18,10,0.17,3.4,0.19,4.0,0.0,0,0.1,5,0.06,3.0,3.4,B+,,0.516,0.161,#N/A!,#N/A!,#N/A!,0.16,0.137,12:57,2,,5,1,,,,,,,,,3,1,-,2,3,0,9.0
浜名湖,04R,4,3156.0,金子良昭,静岡,B1,4.52,5.19,0.02,1,0.17,8,0.11,5,0.17,3.5,0.16,3.6,0.0,0,0.0,0,0.0,0.0,3.0,B+,,0.375,0.0,#N/A!,#N/A!,#N/A!,0.15,0.13,12:57,4,,1,3,,,,,,,,,0,0,0,-,0,0,0.0
浜名湖,04R,5,4840.0,鈴木秀茉,静岡,B1,4.81,5.1,0.00,0,0.13,6,0.21,10,0.18,3.7,0.14,1.6,0.0,0,0.0,0,0.0,0.0,3.2,A,,0.25,0.188,#N/A!,#N/A!,#N/A!,0.06,0.13,12:57,,,,,,,,,,,,,0,0,0,0,-,0,0.0
浜名湖,04R,6,4317.0,木村紗友希,静岡,B1,4.41,4.72,0.00,0,0.00,0,0.04,1,0.18,3.4,0.19,3.0,0.0,0,0.0,0,0.0,0.0,2.4,C,,0.5,0.25,#N/A!,#N/A!,#N/A!,0.24,0.172,12:57,6,,6,6,,,,,,,,,0,0,0,0,0,-,0.0
浜名湖,05R,1,3811.0,石田章央,静岡,A2,6.41,6.25,0.58,42,0.26,19,0.04,3,0.17,3.0,0.19,3.3,0.15,11,0.17,12,0.13,9.0,3.2,-,,0.216,0.459,#N/A!,#N/A!,#N/A!,0.29,0.125,13:28,5,5,4,,,,,,,,,,-,9,17,7,3,3,39.0
浜名湖,05R,2,4342.0,谷野錬志,静岡,A1,6.14,7.1,0.30,13,0.36,16,0.09,4,0.15,2.8,0.15,4.0,0.13,6,0.09,4,0.0,,4.2,A+,隠F,0.128,0.385,#N/A!,#N/A!,#N/A!,0.27,0.089,13:28,2,1,6,1,,,,,,,,,9,-,2,0,1,0,12.0
浜名湖,05R,3,4740.0,齋藤達希,静岡,B1,4.83,4.57,0.06,3,0.24,12,0.20,10,0.16,2.9,0.15,4.3,0.0,0,0.0,0,0.06,3.0,4.0,A,,0.333,0.333,#N/A!,#N/A!,#N/A!,0.13,0.062,13:28,3,6,3,,,,,,,,,,1,0,-,1,0,1,3.0
浜名湖,05R,4,5362.0,中嶋世奈,静岡,B2,1.86,1.51,0.03,1,0.00,0,0.05,2,0.19,3.8,0.22,4.0,0.0,0,0.0,0,0.04,1.0,3.0,S,,0.0,0.0,#N/A!,#N/A!,#N/A!,0.07,0.179,13:28,5,6,3,,,,,,,,,,0,1,0,-,0,0,1.0
浜名湖,05R,5,3474.0,松瀬弘美,静岡,B1,4.48,4.99,0.00,0,0.07,3,0.22,10,0.18,3.6,0.24,5.0,0.0,0,0.0,0,0.0,0.0,3.8,A+,,0.267,0.133,#N/A!,#N/A!,#N/A!,0.15,0.128,13:28,,,,,,,,,,,,,0,0,0,0,-,0,0.0
浜名湖,05R,6,3744.0,徳増秀樹,静岡,A1,6.56,6.97,0.20,11,0.18,10,0.11,6,0.15,3.4,0.10,1.0,0.0,0,0.04,1,0.04,1.0,3.6,B+,,0.294,0.265,#N/A!,#N/A!,#N/A!,0.17,0.174,13:28,5,,1,4,,,,,,,,,1,0,1,0,0,-,2.0
浜名湖,06R,1,3518.0,倉田郁美,静岡,B1,4.04,4.62,0.08,2,0.35,9,0.08,2,0.22,4.1,0.15,2.0,0.46,12,0.23,6,0.12,3.0,2.4,B+,,0.0,0.5,#N/A!,#N/A!,#N/A!,0.19,0.385,13:59,4,4,6,,,,,,,,,,-,0,1,0,1,0,2.0
浜名湖,06R,2,4058.0,野末智一,静岡,A2,6.32,5.81,0.13,8,0.42,27,0.19,12,0.18,3.9,0.14,3.3,0.03,2,0.03,2,0.0,,3.4,B+,,0.517,0.276,#N/A!,#N/A!,#N/A!,0.02,0.148,13:59,2,3,4,,,,,,,,,,2,-,2,1,1,0,6.0
浜名湖,06R,3,3909.0,佐々木康幸,静岡,A1,6.7,7.12,0.21,13,0.17,11,0.17,11,0.11,2.2,0.11,2.0,0.04,3,0.03,2,0.12,9.0,4.8,S,,0.4,0.182,#N/A!,#N/A!,#N/A!,0.41,0.053,13:59,1,,3,2,,,,,,,,,6,3,-,4,3,0,16.0
浜名湖,06R,4,4417.0,服部剛,静岡,B1,5.11,4.88,0.03,1,0.13,5,0.10,4,0.21,4.6,0.21,4.0,0.03,1,0.0,0,0.0,0.0,4.0,S,,0.182,0.273,#N/A!,#N/A!,#N/A!,0.00,0.256,13:59,4,,2,2,,,,,,,,,1,0,0,-,0,0,1.0
浜名湖,06R,5,3502.0,渡邉英児,静岡,B1,5.95,5.98,0.04,2,0.23,11,0.13,6,0.18,3.6,0.17,4.3,0.0,0,0.0,0,0.03,2.0,3.4,B+,,0.36,0.2,#N/A!,#N/A!,#N/A!,0.11,0.091,13:59,,,,,,,,,,,,,0,0,0,1,-,1,2.0
浜名湖,06R,6,4524.0,深谷知博,静岡,A1,6.82,7.22,0.02,1,0.06,3,0.28,14,0.12,2.9,0.09,1.0,0.0,0,0.02,1,0.0,0.0,3.0,C,隠F,0.3,0.25,#N/A!,#N/A!,#N/A!,0.30,0.116,13:59,2,,1,3,,,,,,,,,1,0,0,0,0,-,1.0
浜名湖,07R,1,3489.0,大場敏,静岡,A2,5.77,6.04,0.58,42,0.17,12,0.07,5,0.16,2.8,0.19,3.6,0.11,8,0.19,14,0.06,4.0,3.8,A,,0.237,0.368,#N/A!,#N/A!,#N/A!,0.33,0.069,14:30,4,,2,5,,,,,,,,,-,10,17,10,2,2,41.0
浜名湖,07R,2,3563.0,堤昇,静岡,B1,4.99,5.67,0.13,7,0.27,15,0.25,14,0.16,3.3,0.16,3.3,0.07,4,0.0,0,0.0,,3.4,C,,0.483,0.138,#N/A!,#N/A!,#N/A!,0.10,0.052,14:30,4,4,3,,,,,,,,,,3,-,0,2,0,0,5.0
浜名湖,07R,3,4033.0,伊藤将吉,静岡,A1,5.91,6.43,0.22,13,0.36,21,0.14,8,0.14,2.6,0.13,2.5,0.0,0,0.07,4,0.09,5.0,3.4,B+,隠F,0.333,0.228,#N/A!,#N/A!,#N/A!,0.36,0.036,14:30,2,1,1,6,,,,,,,,,5,1,-,1,1,1,9.0
浜名湖,07R,4,4494.0,河合佑樹,静岡,A1,6.92,7.35,0.06,3,0.27,14,0.24,12,0.17,3.6,0.16,2.0,0.02,1,0.04,2,0.02,1.0,3.8,A,,0.487,0.231,#N/A!,#N/A!,#N/A!,0.11,0.2,14:30,2,2,1,,,,,,,,,,1,1,0,-,1,1,4.0
浜名湖,07R,5,5248.0,本田愛,静岡,B1,4.29,3.61,0.03,1,0.06,2,0.14,5,0.19,3.7,0.25,4.0,0.0,0,0.0,0,0.04,2.0,3.8,A,,0.25,0.25,#N/A!,#N/A!,#N/A!,0.13,0.111,14:30,,,,,,,,,,,,,1,0,0,1,-,0,2.0
浜名湖,07R,6,5432.0,安藤瑠希,静岡,B2,2.35,2.19,0.05,2,0.00,0,0.05,2,0.17,3.7,0.14,3.6,0.0,0,0.0,0,0.03,2.0,4.0,B+,,0.0,0.0,#N/A!,#N/A!,#N/A!,0.24,0.338,14:30,6,,5,5,,,,,,,,,1,0,1,0,0,-,2.0
浜名湖,08R,1,4581.0,吉村誠,静岡,A1,6.14,5.82,0.63,47,0.15,11,0.07,5,0.13,2.4,0.15,2.6,0.08,6,0.08,6,0.16,12.0,3.4,C,,0.273,0.273,#N/A!,#N/A!,#N/A!,0.47,0.053,15:00,1,5,5,,,,,,,,,,-,12,15,10,7,4,48.0
浜名湖,08R,2,4840.0,鈴木秀茉,静岡,B1,4.81,5.1,0.13,6,0.40,19,0.13,6,0.15,3.3,0.14,1.6,0.09,4,0.0,0,0.0,,3.2,A,,0.25,0.188,#N/A!,#N/A!,#N/A!,0.15,0.085,15:00,4,6,3,,,,,,,,,,2,-,0,3,0,0,5.0
浜名湖,08R,3,4843.0,深尾巴恵,静岡,B2,4.94,4.96,0.11,4,0.17,6,0.37,13,0.16,2.6,0.13,1.6,0.06,2,0.03,1,0.0,0.0,4.2,A+,,0.438,0.188,#N/A!,#N/A!,#N/A!,0.41,0.118,15:00,1,,1,6,,,,,,,,,1,2,-,0,1,0,4.0
浜名湖,08R,4,3422.0,服部幸男,静岡,A1,6.02,6.98,0.33,16,0.29,14,0.16,8,0.15,2.8,0.18,4.0,0.0,0,0.13,10,0.06,5.0,4.4,B+,,0.436,0.2,#N/A!,#N/A!,#N/A!,0.31,0.091,15:00,1,4,1,1,,,,,,,,,5,4,3,-,4,3,19.0
浜名湖,08R,5,3990.0,芹澤克彦,静岡,B1,4.48,5.32,0.08,5,0.00,0,0.15,9,0.15,3.1,0.18,3.3,0.0,0,0.03,2,0.03,2.0,3.8,B+,,0.538,0.231,#N/A!,#N/A!,#N/A!,0.17,0.102,15:00,,,,,,,,,,,,,0,0,2,1,-,1,4.0
浜名湖,08R,6,5434.0,藤田康生,静岡,B2,2.76,2.0,0.03,1,0.05,2,0.08,3,0.16,3.3,0.12,2.0,0.0,0,0.01,1,0.0,0.0,2.0,C,,0.0,0.0,#N/A!,#N/A!,#N/A!,0.24,0.2,15:00,6,5,5,,,,,,,,,,0,1,0,0,0,-,1.0
浜名湖,09R,1,5294.0,豊田祥生,静岡,B1,3.71,2.72,0.34,12,0.14,5,0.09,3,0.15,3.2,0.22,4.3,0.22,8,0.28,10,0.17,6.0,3.2,B+,隠F,0.091,0.364,#N/A!,#N/A!,#N/A!,0.39,0.167,15:27,6,,5,3,,,,,,,,,-,1,4,1,3,3,12.0
浜名湖,09R,2,3960.0,菊地孝平,静岡,A1,6.64,7.48,0.23,11,0.29,14,0.15,7,0.12,2.5,0.14,3.0,0.17,9,0.06,3,0.0,,3.4,B+,,0.453,0.34,#N/A!,#N/A!,#N/A!,0.29,0.019,15:27,2,1,1,3,,,,,,,,,7,-,1,1,2,1,12.0
浜名湖,09R,3,4124.0,池田雄一,静岡,A1,5.9,6.56,0.24,13,0.31,17,0.09,5,0.15,3.0,0.18,4.3,0.02,1,0.09,5,0.07,4.0,3.6,A,隠F,0.317,0.317,#N/A!,#N/A!,#N/A!,0.17,0.056,15:27,3,5,3,,,,,,,,,,9,2,-,1,0,0,12.0
浜名湖,09R,4,4068.0,幸田智裕,静岡,B1,4.71,5.27,0.06,3,0.12,6,0.25,13,0.19,3.4,0.17,4.0,0.02,1,0.04,2,0.0,0.0,3.2,B+,,0.5,0.312,#N/A!,#N/A!,#N/A!,0.08,0.04,15:27,6,5,2,,,,,,,,,,0,0,1,-,1,1,3.0
浜名湖,09R,5,4076.0,杉田篤光,静岡,A2,5.49,5.4,0.09,4,0.13,6,0.11,5,0.23,4.7,0.20,5.0,0.04,2,0.0,0,0.04,2.0,3.0,C,,0.343,0.2,#N/A!,#N/A!,#N/A!,0.00,0.26,15:27,,,,,,,,,,,,,4,0,0,0,-,0,4.0
浜名湖,09R,6,5362.0,中嶋世奈,静岡,B2,1.86,1.51,0.00,0,0.01,1,0.04,3,0.20,4.1,0.22,4.0,0.0,0,0.0,0,0.0,0.0,3.0,S,,0.0,0.0,#N/A!,#N/A!,#N/A!,0.14,0.25,15:27,5,6,3,,,,,,,,,,0,0,0,0,0,-,0.0
浜名湖,10R,1,3995.0,重野哲之,静岡,A1,6.3,6.93,0.79,44,0.11,6,0.07,4,0.12,2.0,0.15,2.0,0.02,1,0.07,4,0.1,6.0,3.2,B+,隠F,0.488,0.209,#N/A!,#N/A!,#N/A!,0.48,0.034,15:58,3,2,3,,,,,,,,,,-,23,9,5,8,1,46.0
浜名湖,10R,2,3796.0,長野道臣,静岡,B1,5.24,5.54,0.14,7,0.39,20,0.16,8,0.16,3.5,0.19,4.3,0.13,6,0.02,1,0.0,,3.4,-,,0.312,0.25,#N/A!,#N/A!,#N/A!,0.17,0.149,15:58,5,5,4,,,,,,,,,,2,-,4,0,1,0,7.0
浜名湖,10R,3,4524.0,深谷知博,静岡,A1,6.82,7.22,0.10,5,0.37,19,0.23,12,0.12,2.4,0.09,1.0,0.02,1,0.08,4,0.0,0.0,3.0,C,隠F,0.3,0.25,#N/A!,#N/A!,#N/A!,0.39,0.058,15:58,2,,1,3,,,,,,,,,0,1,-,0,2,2,5.0
浜名湖,10R,4,4131.0,原豊土,静岡,A2,6.6,6.17,0.09,4,0.20,9,0.32,14,0.17,3.2,0.19,4.6,0.02,1,0.07,3,0.07,3.0,4.0,A,,0.429,0.238,#N/A!,#N/A!,#N/A!,0.07,0.024,15:58,3,,2,2,,,,,,,,,2,1,2,-,2,0,7.0
浜名湖,10R,5,3744.0,徳増秀樹,静岡,A1,6.56,6.97,0.07,4,0.20,11,0.11,6,0.12,2.6,0.10,1.0,0.02,1,0.02,1,0.1,6.0,3.6,B+,,0.294,0.265,#N/A!,#N/A!,#N/A!,0.40,0.034,15:58,,,,,,,,,,,,,6,2,0,0,-,1,9.0
浜名湖,10R,6,5269.0,山口晃朋,静岡,B1,5.55,4.78,0.13,5,0.05,2,0.18,7,0.13,2.7,0.16,2.3,0.0,0,0.05,2,0.02,1.0,3.0,B+,,0.312,0.281,#N/A!,#N/A!,#N/A!,0.41,0.071,15:58,1,1,4,,,,,,,,,,2,0,1,0,0,-,3.0
浜名湖,11R,1,4494.0,河合佑樹,静岡,A1,6.92,7.35,0.67,42,0.08,5,0.03,2,0.13,2.8,0.16,2.0,0.09,6,0.16,10,0.05,3.0,3.8,A,,0.487,0.231,#N/A!,#N/A!,#N/A!,0.33,0.109,16:25,2,2,1,,,,,,,,,,-,18,13,9,3,1,44.0
浜名湖,11R,2,4207.0,松下一也,静岡,A2,6.29,6.38,0.13,8,0.35,21,0.18,11,0.13,2.4,0.20,3.3,0.02,1,0.05,3,0.0,,3.0,C,,0.467,0.244,#N/A!,#N/A!,#N/A!,0.38,0.018,16:25,2,,4,2,,,,,,,,,2,-,2,0,1,0,5.0
浜名湖,11R,3,4216.0,星栄爾,静岡,B1,5.16,6.0,0.08,5,0.20,12,0.23,14,0.16,2.5,0.11,2.6,0.02,1,0.0,0,0.02,1.0,3.2,-,,0.413,0.239,#N/A!,#N/A!,#N/A!,0.24,0.055,16:25,3,,2,5,,,,,,,,,2,1,-,0,0,0,3.0
浜名湖,11R,4,3959.0,坪井康晴,静岡,A1,7.31,7.1,0.18,8,0.18,8,0.22,10,0.14,2.8,0.14,4.6,0.04,2,0.08,4,0.06,3.0,2.2,C,,0.37,0.413,#N/A!,#N/A!,#N/A!,0.28,0.057,16:25,3,3,4,,,,,,,,,,3,3,3,-,0,1,10.0
浜名湖,11R,5,3956.0,横澤剛治,静岡,A1,6.08,6.66,0.10,5,0.19,9,0.15,7,0.16,3.4,0.19,3.3,0.02,1,0.04,2,0.04,2.0,3.2,A,,0.5,0.158,#N/A!,#N/A!,#N/A!,0.14,0.089,16:25,,,,,,,,,,,,,2,1,0,1,-,1,5.0
浜名湖,11R,6,4740.0,齋藤達希,静岡,B1,4.83,4.57,0.00,0,0.05,2,0.08,3,0.20,4.6,0.15,4.3,0.03,1,0.0,0,0.0,0.0,4.0,A,,0.333,0.333,#N/A!,#N/A!,#N/A!,0.00,0.263,16:25,3,6,3,,,,,,,,,,0,1,0,0,0,-,1.0
浜名湖,12R,1,3422.0,服部幸男,静岡,A1,6.02,6.98,0.77,55,0.07,5,0.01,1,0.15,2.9,0.18,4.0,0.07,5,0.04,3,0.05,4.0,4.4,B+,,0.436,0.2,#N/A!,#N/A!,#N/A!,0.28,0.093,17:02,1,4,1,1,,,,,,,,,-,25,12,12,7,2,58.0
浜名湖,12R,2,5316.0,村松将平,静岡,B1,5.57,3.49,0.00,0,0.27,4,0.20,3,0.16,3.1,0.13,2.0,0.0,0,0.0,0,0.0,,2.8,B+,隠F,0.25,0.5,#N/A!,#N/A!,#N/A!,0.24,0.118,17:02,1,,4,3,,,,,,,,,0,-,0,0,0,0,0.0
浜名湖,12R,3,4342.0,谷野錬志,静岡,A1,6.14,7.1,0.35,14,0.25,10,0.18,7,0.14,2.8,0.15,4.0,0.02,1,0.07,3,0.2,9.0,4.2,A+,隠F,0.128,0.385,#N/A!,#N/A!,#N/A!,0.36,0.111,17:02,2,1,6,1,,,,,,,,,7,1,-,5,2,1,16.0
浜名湖,12R,4,5248.0,本田愛,静岡,B1,4.29,3.61,0.00,0,0.16,6,0.14,5,0.21,3.9,0.25,4.0,0.0,0,0.0,0,0.0,0.0,3.8,A,,0.25,0.25,#N/A!,#N/A!,#N/A!,0.10,0.276,17:02,2,2,6,,,,,,,,,,0,0,0,-,0,0,0.0
浜名湖,12R,5,4933.0,板橋侑我,静岡,A1,6.34,5.94,0.12,6,0.20,10,0.24,12,0.14,3.0,0.11,3.0,0.0,0,0.02,1,0.09,5.0,3.2,A+,隠F,0.356,0.289,#N/A!,#N/A!,#N/A!,0.22,0.074,17:02,,,,,,,,,,,,,3,0,2,1,-,1,7.0
浜名湖,12R,6,4793.0,金子萌,静岡,A2,6.28,6.09,0.04,2,0.13,7,0.09,5,0.14,3.7,0.17,4.0,0.0,0,0.02,1,0.0,0.0,3.0,A,,0.333,0.167,#N/A!,#N/A!,#N/A!,0.17,0.269,17:02,1,,2,4,,,,,,,,,1,0,0,0,1,-,2.0
平和島,01R,1,4211.0,村田敦,東京,B1,3.31,3.69,0.17,6,0.20,7,0.20,7,0.15,2.7,0.12,3.3,0.24,8,0.15,5,0.26,9.0,2.2,C,,0.333,0.167,#N/A!,#N/A!,#N/A!,0.32,0.059,11:55,6,6,3,,,,,,,,,,-,2,2,1,1,0,6.0
平和島,01R,2,4103.0,山崎善庸,埼玉,B1,3.63,4.72,0.02,1,0.20,8,0.15,6,0.23,5.1,0.10,2.0,0.0,0,0.02,1,0.0,,3.4,B+,,0.5,0.125,#N/A!,#N/A!,#N/A!,0.00,0.524,11:55,3,,1,5,,,,,,,,,0,-,0,1,0,0,1.0
平和島,01R,3,3860.0,松本浩貴,埼玉,B1,3.74,2.88,0.12,6,0.12,6,0.22,11,0.20,3.9,0.19,4.6,0.02,1,0.08,4,0.02,1.0,2.0,C,,0.0,0.4,#N/A!,#N/A!,#N/A!,0.08,0.192,11:55,4,6,5,,,,,,,,,,2,2,-,1,1,0,6.0
平和島,01R,4,3641.0,一瀬明,東京,A2,6.49,6.77,0.19,11,0.16,9,0.18,10,0.18,3.6,0.21,4.0,0.03,2,0.08,5,0.06,4.0,3.0,C,,0.406,0.25,#N/A!,#N/A!,#N/A!,0.13,0.159,11:55,3,4,3,,,,,,,,,,8,1,0,-,2,2,13.0
平和島,01R,5,3613.0,角谷健吾,東京,A1,6.16,5.88,0.02,1,0.21,10,0.15,7,0.16,3.5,0.20,3.6,0.0,0,0.0,0,0.02,1.0,2.3,S,,0.302,0.302,#N/A!,#N/A!,#N/A!,0.25,0.083,11:55,,,,,,,,,,,,,0,0,0,1,-,0,1.0
平和島,01R,6,4414.0,大澤真菜,東京,B1,4.68,4.04,0.00,0,0.04,1,0.00,0,0.20,4.0,0.17,4.3,0.0,0,0.0,0,0.0,0.0,4.4,S,,0.385,0.231,#N/A!,#N/A!,#N/A!,0.20,0.32,11:55,6,1,6,,,,,,,,,,0,0,0,0,0,-,0.0
平和島,02R,1,4140.0,梶野学志,東京,A1,5.92,6.25,0.70,37,0.17,9,0.04,2,0.13,2.2,0.13,3.3,0.07,4,0.09,5,0.09,5.0,3.4,-,,0.324,0.382,#N/A!,#N/A!,#N/A!,0.43,0,12:24,1,,4,1,,,,,,,,,-,12,14,7,3,2,38.0
平和島,02R,2,5047.0,國分将太郎,東京,B1,4.79,4.68,0.10,4,0.21,9,0.14,6,0.16,3.0,0.16,2.3,0.03,1,0.05,2,0.0,,2.6,B+,,0.231,0.308,#N/A!,#N/A!,#N/A!,0.26,0.079,12:24,3,,1,4,,,,,,,,,1,-,1,1,0,0,3.0
平和島,02R,3,4113.0,木村浩士,群馬,B1,5.13,5.03,0.12,6,0.18,9,0.25,13,0.18,4.1,0.19,3.6,0.02,1,0.07,3,0.02,1.0,1.6,-,,0.391,0.13,#N/A!,#N/A!,#N/A!,0.09,0.283,12:24,5,,1,6,,,,,,,,,2,1,-,0,1,1,5.0
平和島,02R,4,5359.0,佐藤世那,東京,B1,5.06,2.93,0.09,4,0.02,1,0.09,4,0.17,3.1,0.11,4.3,0.0,0,0.03,1,0.0,0.0,2.4,C,,0.167,0.5,#N/A!,#N/A!,#N/A!,0.31,0.205,12:24,6,3,3,,,,,,,,,,0,0,1,-,1,0,2.0
平和島,02R,5,3857.0,阿波勝哉,東京,B1,4.58,4.79,0.15,6,0.10,4,0.07,3,0.20,3.9,0.19,4.3,0.0,0,0.19,7,0.0,0.0,3.0,-,隠F,0.0,0.25,#N/A!,#N/A!,#N/A!,0.11,0.222,12:24,,,,,,,,,,,,,2,1,2,2,-,0,7.0
平和島,02R,6,4274.0,長畑友輔,東京,B1,4.32,5.39,0.00,0,0.03,1,0.17,6,0.17,3.4,0.13,2.3,0.0,0,0.0,0,0.0,0.0,3.0,A+,,0.235,0.235,#N/A!,#N/A!,#N/A!,0.20,0.171,12:24,2,5,3,,,,,,,,,,0,0,0,0,0,-,0.0
平和島,03R,1,4203.0,小倉康典,群馬,B1,4.08,4.33,0.36,13,0.11,4,0.14,5,0.13,1.9,0.19,4.3,0.14,5,0.14,5,0.29,10.0,2.6,C,隠F,0.273,0.182,#N/A!,#N/A!,#N/A!,0.63,0.029,12:54,2,,4,6,,,,,,,,,-,3,2,4,3,1,13.0
平和島,03R,2,4345.0,西舘健,東京,A2,5.62,4.46,0.17,9,0.23,12,0.27,14,0.15,3.1,0.19,3.3,0.06,3,0.04,2,0.0,,4.4,A+,隠F,0.263,0.132,#N/A!,#N/A!,#N/A!,0.23,0.106,12:54,3,6,2,,,,,,,,,,4,-,0,1,1,0,6.0
平和島,03R,3,3966.0,作間章,東京,A1,6.36,7.06,0.14,9,0.25,16,0.24,15,0.18,3.4,0.15,4.3,0.02,1,0.06,4,0.06,4.0,3.2,B+,,0.265,0.265,#N/A!,#N/A!,#N/A!,0.20,0.152,12:54,1,6,1,,,,,,,,,,3,0,-,4,2,1,10.0
平和島,03R,4,5365.0,石村日奈那,東京,B1,2.36,2.0,0.00,0,0.03,1,0.06,2,0.20,4.3,0.20,5.5,0.0,0,0.0,0,0.0,0.0,3.6,A+,,0.0,0.0,#N/A!,#N/A!,#N/A!,0.03,0.276,12:54,6,,5,,,,,,,,,,0,0,0,-,0,0,0.0
平和島,03R,5,4110.0,小澤和也,埼玉,B1,4.47,4.03,0.03,1,0.08,3,0.15,6,0.18,3.4,0.07,1.3,0.02,1,0.0,0,0.0,0.0,3.0,C,,0.267,0.2,#N/A!,#N/A!,#N/A!,0.16,0.136,12:54,,,,,,,,,,,,,1,0,0,0,-,0,1.0
平和島,03R,6,3805.0,高橋英之,東京,A2,5.09,5.93,0.00,0,0.09,4,0.18,8,0.13,2.8,0.17,2.6,0.0,0,0.0,0,0.0,0.0,2.4,-,,0.3,0.25,#N/A!,#N/A!,#N/A!,0.30,0.121,12:54,2,,3,5,,,,,,,,,0,0,0,0,0,-,0.0
平和島,04R,1,3583.0,齋藤智裕,埼玉,B1,3.69,4.39,0.07,2,0.44,12,0.11,3,0.19,3.4,0.23,4.0,0.35,9,0.31,8,0.04,1.0,1.6,C,,0.0,1.0,#N/A!,#N/A!,#N/A!,0.35,0.269,13:24,5,,5,5,,,,,,,,,-,0,2,0,0,0,2.0
平和島,04R,2,4569.0,中澤宏奈,東京,B2,4.57,5.09,0.08,2,0.33,8,0.21,5,0.14,2.5,0.13,3.6,0.04,1,0.04,1,0.0,,3.2,-,,0.182,0.273,#N/A!,#N/A!,#N/A!,0.31,0.038,13:24,4,,2,4,,,,,,,,,1,-,1,0,0,0,2.0
平和島,04R,3,3993.0,永井聖美,東京,A2,5.25,4.9,0.12,5,0.32,13,0.17,7,0.15,2.8,0.15,2.6,0.02,1,0.09,4,0.02,1.0,3.2,A+,,0.375,0.188,#N/A!,#N/A!,#N/A!,0.20,0.043,13:24,1,1,3,,,,,,,,,,1,2,-,2,1,0,6.0
平和島,04R,4,4152.0,深水慎一郎,東京,B1,5.45,5.64,0.13,5,0.29,11,0.24,9,0.15,3.3,0.16,3.6,0.08,3,0.0,0,0.05,2.0,2.8,C,,0.333,0.389,#N/A!,#N/A!,#N/A!,0.18,0.075,13:24,1,,6,5,,,,,,,,,3,1,0,-,1,0,5.0
平和島,04R,5,3826.0,村田修次,東京,A2,6.36,5.75,0.09,4,0.13,6,0.27,12,0.16,3.2,0.10,3.6,0.0,0,0.0,0,0.07,4.0,2.8,C,,0.483,0.241,#N/A!,#N/A!,#N/A!,0.22,0.055,13:24,,,,,,,,,,,,,3,1,0,0,-,1,5.0
平和島,04R,6,4702.0,三浦敬太,東京,A1,6.25,5.36,0.05,3,0.18,10,0.29,16,0.13,3.0,0.15,3.7,0.02,1,0.04,2,0.02,1.0,3.0,-,隠F,0.478,0.13,#N/A!,#N/A!,#N/A!,0.26,0.073,13:24,4,4,2,6,,,,,,,,,1,0,1,2,0,-,4.0
平和島,05R,1,5153.0,佐藤ほのか,東京,B1,4.21,3.17,0.26,9,0.09,3,0.11,4,0.19,2.9,0.15,2.6,0.22,8,0.16,6,0.24,9.0,2.8,C,,0.556,0.111,#N/A!,#N/A!,#N/A!,0.32,0.108,13:55,5,4,6,,,,,,,,,,-,6,1,1,1,1,10.0
平和島,05R,2,3505.0,山田竜一,東京,B1,5.75,5.64,0.08,4,0.35,17,0.24,12,0.14,2.7,0.11,2.6,0.04,2,0.02,1,0.0,,2.0,-,,0.333,0.433,#N/A!,#N/A!,#N/A!,0.24,0.093,13:55,5,5,1,,,,,,,,,,3,-,0,0,0,0,3.0
平和島,05R,3,4540.0,相原利章,東京,A2,5.68,5.46,0.13,6,0.21,10,0.21,10,0.13,2.4,0.13,2.0,0.02,1,0.04,2,0.04,2.0,2.6,B+,,0.333,0.375,#N/A!,#N/A!,#N/A!,0.35,0.021,13:55,5,2,4,,,,,,,,,,2,1,-,2,0,0,5.0
平和島,05R,4,3385.0,渡邉睦広,東京,A2,5.45,6.04,0.09,4,0.17,8,0.15,7,0.15,2.9,0.10,2.3,0.06,3,0.0,0,0.0,0.0,2.2,B+,,0.375,0.292,#N/A!,#N/A!,#N/A!,0.29,0.041,13:55,2,2,4,,,,,,,,,,2,1,0,-,0,0,3.0
平和島,05R,5,3850.0,小川知行,群馬,B1,5.0,5.04,0.09,5,0.09,5,0.19,10,0.14,2.3,0.15,4.0,0.0,0,0.05,3,0.02,1.0,3.4,C,,0.368,0.211,#N/A!,#N/A!,#N/A!,0.39,0,13:55,,,,,,,,,,,,,1,0,1,1,-,2,5.0
平和島,05R,6,4939.0,宮之原輝紀,東京,A1,6.57,6.96,0.06,3,0.26,12,0.28,13,0.15,3.0,0.16,2.2,0.0,0,0.0,0,0.02,1.0,4.2,A,,0.354,0.138,#N/A!,#N/A!,#N/A!,0.27,0.041,13:55,2,1,2,1,,,,,,,,,0,2,0,0,0,-,2.0
平和島,06R,1,4893.0,渡邉真奈美,東京,B1,5.25,4.65,0.31,9,0.28,8,0.21,6,0.17,3.0,0.18,2.6,0.1,3,0.23,7,0.26,8.0,3.2,C,,0.778,0.222,#N/A!,#N/A!,#N/A!,0.36,0.129,14:26,2,2,6,,,,,,,,,,-,7,2,1,1,0,11.0
平和島,06R,2,3613.0,角谷健吾,東京,A1,6.16,5.88,0.30,16,0.33,18,0.07,4,0.16,2.9,0.20,3.6,0.25,13,0.04,2,0.0,,2.3,S,,0.302,0.302,#N/A!,#N/A!,#N/A!,0.25,0.075,14:26,4,5,3,,,,,,,,,,7,-,4,1,3,1,16.0
平和島,06R,3,4973.0,栗原直也,埼玉,A2,5.07,4.7,0.15,7,0.30,14,0.22,10,0.17,3.1,0.20,4.6,0.0,0,0.02,1,0.07,3.0,3.6,C,隠F,0.45,0.25,#N/A!,#N/A!,#N/A!,0.26,0.109,14:26,3,,2,4,,,,,,,,,0,2,-,4,0,0,6.0
平和島,06R,4,5253.0,藤井太雅,東京,B1,2.97,3.64,0.14,4,0.07,2,0.10,3,0.16,3.5,0.20,5.0,0.04,1,0.04,1,0.04,1.0,3.2,A,,0.333,0.222,#N/A!,#N/A!,#N/A!,0.11,0.111,14:26,3,,5,6,,,,,,,,,1,0,2,-,0,1,4.0
平和島,06R,5,4175.0,川尻泰輔,埼玉,B1,6.23,4.98,0.05,2,0.14,6,0.21,9,0.15,3.2,0.07,1.0,0.0,0,0.0,0,0.02,1.0,3.4,B+,,0.433,0.233,#N/A!,#N/A!,#N/A!,0.19,0.058,14:26,,,,,,,,,,,,,0,0,0,2,-,0,2.0
平和島,06R,6,4053.0,芦澤望,東京,A2,6.3,5.9,0.02,1,0.16,8,0.20,10,0.19,3.4,0.16,2.7,0.0,0,0.02,1,0.0,0.0,4.2,A,,0.385,0.333,#N/A!,#N/A!,#N/A!,0.17,0.17,14:26,2,1,6,6,,,,,,,,,0,0,0,1,0,-,1.0
平和島,07R,1,5035.0,櫻井優,埼玉,B1,5.77,4.88,0.39,15,0.18,7,0.16,6,0.18,3.8,0.15,5.3,0.18,7,0.24,9,0.16,6.0,3.8,A,,0.333,0.333,#N/A!,#N/A!,#N/A!,0.21,0.263,14:58,4,,6,3,,,,,,,,,-,4,5,3,3,0,15.0
平和島,07R,2,4560.0,庄司樹良々,東京,A2,5.94,5.6,0.22,12,0.31,17,0.22,12,0.13,2.7,0.16,3.0,0.15,8,0.04,2,0.0,,2.4,C,隠F,0.385,0.308,#N/A!,#N/A!,#N/A!,0.29,0.077,14:58,5,3,1,,,,,,,,,,3,-,2,2,3,1,11.0
平和島,07R,3,4953.0,尾上雅也,埼玉,A1,6.8,6.59,0.24,16,0.29,19,0.17,11,0.16,3.6,0.14,2.3,0.02,1,0.09,6,0.09,6.0,3.0,-,,0.389,0.204,#N/A!,#N/A!,#N/A!,0.08,0.154,14:58,S,,4,2,,,,,,,,,8,1,-,3,2,1,15.0
平和島,07R,4,4274.0,長畑友輔,東京,B1,4.32,5.39,0.04,2,0.11,5,0.29,13,0.17,3.2,0.13,2.3,0.0,0,0.02,1,0.0,0.0,3.0,A+,,0.235,0.235,#N/A!,#N/A!,#N/A!,0.10,0.049,14:58,2,5,3,,,,,,,,,,0,0,0,-,1,0,1.0
平和島,07R,5,4059.0,入澤友治,東京,A2,5.0,5.46,0.10,5,0.14,7,0.12,6,0.15,2.9,0.10,3.6,0.02,1,0.05,3,0.05,3.0,2.6,-,,0.419,0.258,#N/A!,#N/A!,#N/A!,0.25,0.034,14:58,,,,,,,,,,,,,3,1,1,2,-,0,7.0
平和島,07R,6,5365.0,石村日奈那,東京,B1,2.36,2.0,0.01,1,0.01,1,0.02,2,0.22,4.5,0.20,5.5,0.0,0,0.01,1,0.0,0.0,3.6,A+,,0.0,0.0,#N/A!,#N/A!,#N/A!,0.08,0.441,14:58,6,,5,,,,,,,,,,1,0,0,0,0,-,1.0
平和島,08R,1,3826.0,村田修次,東京,A2,6.36,5.75,0.56,31,0.24,13,0.07,4,0.16,2.6,0.10,3.6,0.15,9,0.12,7,0.17,10.0,2.8,C,,0.483,0.241,#N/A!,#N/A!,#N/A!,0.39,0.085,15:31,4,4,5,,,,,,,,,,-,17,7,7,1,0,32.0
平和島,08R,2,4203.0,小倉康典,群馬,B1,4.08,4.33,0.09,4,0.11,5,0.24,11,0.16,2.8,0.19,4.3,0.04,2,0.04,2,0.0,,2.6,C,隠F,0.273,0.182,#N/A!,#N/A!,#N/A!,0.29,0.111,15:31,2,,4,6,,,,,,,,,2,-,0,0,2,0,4.0
平和島,08R,3,3857.0,阿波勝哉,東京,B1,4.58,4.79,0.14,3,0.14,3,0.10,2,0.21,4.2,0.19,4.3,0.0,0,0.07,1,0.0,0.0,3.0,-,隠F,0.0,0.25,#N/A!,#N/A!,#N/A!,0.07,0.214,15:31,3,,2,3,,,,,,,,,1,1,-,0,0,0,2.0
平和島,08R,4,3978.0,齊藤仁,東京,A1,6.04,7.22,0.13,8,0.17,10,0.18,11,0.14,3.2,0.21,3.5,0.03,2,0.05,3,0.05,3.0,3.0,B+,,0.364,0.273,#N/A!,#N/A!,#N/A!,0.11,0.032,15:31,6,3,5,1,,,,,,,,,3,1,1,-,2,2,9.0
平和島,08R,5,3207.0,田村美和,東京,B1,3.61,3.43,0.04,1,0.00,0,0.09,2,0.15,3.3,0.16,3.3,0.0,0,0.0,0,0.04,1.0,2.6,B+,,0.333,0.333,#N/A!,#N/A!,#N/A!,0.11,0.074,15:31,,,,,,,,,,,,,0,0,0,1,-,0,1.0
平和島,08R,6,4103.0,山崎善庸,埼玉,B1,3.63,4.72,0.00,0,0.06,2,0.08,3,0.28,5.8,0.10,2.0,0.0,0,0.0,0,0.0,0.0,3.4,B+,,0.5,0.125,#N/A!,#N/A!,#N/A!,0.00,0.818,15:31,3,,1,5,,,,,,,,,0,0,0,0,0,-,0.0
平和島,09R,1,3993.0,永井聖美,東京,A2,5.25,4.9,0.46,16,0.11,4,0.20,7,0.17,3.3,0.15,2.6,0.13,5,0.15,6,0.15,6.0,3.2,A+,,0.375,0.188,#N/A!,#N/A!,#N/A!,0.21,0.128,16:05,1,1,3,,,,,,,,,,-,8,3,5,3,0,19.0
平和島,09R,2,3641.0,一瀬明,東京,A2,6.49,6.77,0.15,9,0.32,19,0.22,13,0.17,3.9,0.21,4.0,0.08,5,0.03,2,0.0,,3.0,C,,0.406,0.25,#N/A!,#N/A!,#N/A!,0.07,0.197,16:05,3,4,3,,,,,,,,,,4,-,2,1,2,0,9.0
平和島,09R,3,3850.0,小川知行,群馬,B1,5.0,5.04,0.13,7,0.13,7,0.19,10,0.14,3.0,0.15,4.0,0.02,1,0.04,2,0.04,2.0,3.4,C,,0.368,0.211,#N/A!,#N/A!,#N/A!,0.16,0.018,16:05,5,5,1,,,,,,,,,,1,1,-,2,0,2,6.0
平和島,09R,4,5175.0,島崎丈一朗,東京,B2,4.53,4.51,0.06,2,0.00,0,0.19,6,0.21,3.8,0.10,2.3,0.0,0,0.0,0,0.03,1.0,3.4,A,,0.333,0.333,#N/A!,#N/A!,#N/A!,0.07,0.097,16:05,1,,3,1,,,,,,,,,0,0,0,-,2,0,2.0
平和島,09R,5,3590.0,濱野谷憲吾,東京,A1,6.34,7.2,0.21,9,0.17,7,0.21,9,0.15,3.5,0.17,3.5,0.0,0,0.02,1,0.11,5.0,3.3,A,,0.288,0.327,#N/A!,#N/A!,#N/A!,0.13,0.085,16:05,,,,,,,,,,,,,4,1,1,2,-,1,9.0
平和島,09R,6,4505.0,島田賢人,埼玉,A2,6.38,6.15,0.02,1,0.13,6,0.31,14,0.18,4.2,0.12,2.3,0.0,0,0.0,0,0.0,0.0,3.0,B+,,0.273,0.394,#N/A!,#N/A!,#N/A!,0.09,0.302,16:05,4,1,1,2,,,,,,,,,0,0,0,0,0,-,0.0
平和島,10R,1,4973.0,栗原直也,埼玉,A2,5.07,4.7,0.42,22,0.19,10,0.17,9,0.16,3.0,0.20,4.6,0.17,9,0.23,12,0.13,7.0,3.6,C,隠F,0.45,0.25,#N/A!,#N/A!,#N/A!,0.29,0.173,16:37,3,,2,4,,,,,,,,,-,9,6,3,4,0,22.0
平和島,10R,2,4702.0,三浦敬太,東京,A1,6.25,5.36,0.14,7,0.42,21,0.08,4,0.15,2.8,0.15,3.7,0.11,5,0.04,2,0.0,,3.0,-,隠F,0.478,0.13,#N/A!,#N/A!,#N/A!,0.30,0.087,16:37,4,4,2,6,,,,,,,,,5,-,0,1,1,0,7.0
平和島,10R,3,4345.0,西舘健,東京,A2,5.62,4.46,0.17,9,0.26,14,0.24,13,0.15,2.9,0.19,3.3,0.07,4,0.04,2,0.02,1.0,4.4,A+,隠F,0.263,0.132,#N/A!,#N/A!,#N/A!,0.21,0.053,16:37,3,6,2,,,,,,,,,,5,2,-,4,0,0,11.0
平和島,10R,4,4036.0,金田諭,埼玉,A1,6.34,6.79,0.12,6,0.18,9,0.18,9,0.17,3.4,0.11,2.2,0.03,2,0.1,6,0.03,2.0,4.0,B+,,0.38,0.3,#N/A!,#N/A!,#N/A!,0.16,0.145,16:37,3,2,2,3,,,,,,,,,3,4,0,-,3,0,10.0
平和島,10R,5,5047.0,國分将太郎,東京,B1,4.79,4.68,0.05,2,0.10,4,0.22,9,0.21,4.0,0.16,2.3,0.0,0,0.02,1,0.09,4.0,2.6,B+,,0.231,0.308,#N/A!,#N/A!,#N/A!,0.07,0.2,16:37,,,,,,,,,,,,,1,1,1,1,-,1,5.0
平和島,10R,6,3505.0,山田竜一,東京,B1,5.75,5.64,0.04,2,0.04,2,0.11,5,0.15,3.4,0.11,2.6,0.02,1,0.0,0,0.0,0.0,2.0,-,,0.333,0.433,#N/A!,#N/A!,#N/A!,0.26,0.119,16:37,5,5,1,,,,,,,,,,0,0,0,1,0,-,1.0
平和島,11R,1,4953.0,尾上雅也,埼玉,A1,6.8,6.59,0.79,56,0.06,4,0.08,6,0.15,2.9,0.14,2.3,0.07,5,0.06,4,0.07,5.0,3.0,-,,0.389,0.204,#N/A!,#N/A!,#N/A!,0.34,0.099,17:08,S,,4,2,,,,,,,,,-,22,12,9,8,6,57.0
平和島,11R,2,4175.0,川尻泰輔,埼玉,B1,6.23,4.98,0.02,1,0.27,11,0.22,9,0.17,3.5,0.07,1.0,0.03,1,0.0,0,0.0,,3.4,B+,,0.433,0.233,#N/A!,#N/A!,#N/A!,0.13,0.05,17:08,1,,4,5,,,,,,,,,0,-,0,1,0,0,1.0
平和島,11R,3,3911.0,鈴木猛,東京,A2,5.19,5.6,0.12,6,0.27,14,0.21,11,0.16,3.2,0.23,5.3,0.0,0,0.08,4,0.02,1.0,2.8,A,,0.227,0.273,#N/A!,#N/A!,#N/A!,0.16,0.08,17:08,5,,4,2,,,,,,,,,2,2,-,1,1,0,6.0
平和島,11R,4,4540.0,相原利章,東京,A2,5.68,5.46,0.21,8,0.13,5,0.26,10,0.13,2.3,0.13,2.0,0.05,2,0.12,5,0.02,1.0,2.6,B+,,0.333,0.375,#N/A!,#N/A!,#N/A!,0.54,0.073,17:08,5,2,4,,,,,,,,,,2,0,3,-,2,1,8.0
平和島,11R,5,4113.0,木村浩士,群馬,B1,5.13,5.03,0.00,0,0.04,2,0.17,8,0.19,4.1,0.19,3.6,0.0,0,0.0,0,0.02,1.0,1.6,-,,0.391,0.13,#N/A!,#N/A!,#N/A!,0.06,0.265,17:08,,,,,,,,,,,,,0,1,0,0,-,0,1.0
平和島,11R,6,3966.0,作間章,東京,A1,6.36,7.06,0.03,2,0.12,7,0.25,15,0.21,4.3,0.15,4.3,0.02,1,0.0,0,0.04,2.0,3.2,B+,,0.265,0.265,#N/A!,#N/A!,#N/A!,0.11,0.389,17:08,1,6,1,,,,,,,,,,2,0,0,1,0,-,3.0
平和島,12R,1,3978.0,齊藤仁,東京,A1,6.04,7.22,0.67,45,0.15,10,0.04,3,0.13,2.4,0.21,3.5,0.13,9,0.06,4,0.1,7.0,3.0,B+,,0.364,0.273,#N/A!,#N/A!,#N/A!,0.42,0.075,17:42,6,3,5,1,,,,,,,,,-,17,13,10,6,0,46.0
平和島,12R,2,4140.0,梶野学志,東京,A1,5.92,6.25,0.11,5,0.20,9,0.24,11,0.18,3.7,0.13,3.3,0.05,2,0.02,1,0.0,,3.4,-,,0.324,0.382,#N/A!,#N/A!,#N/A!,0.07,0.095,17:42,1,,4,1,,,,,,,,,1,-,2,0,1,0,4.0
平和島,12R,3,4893.0,渡邉真奈美,東京,B1,5.25,4.65,0.11,4,0.14,5,0.11,4,0.17,2.5,0.18,2.6,0.0,0,0.11,4,0.03,1.0,3.2,C,,0.778,0.222,#N/A!,#N/A!,#N/A!,0.43,0.081,17:42,2,2,6,,,,,,,,,,2,0,-,1,2,0,5.0
平和島,12R,4,4560.0,庄司樹良々,東京,A2,5.94,5.6,0.20,10,0.22,11,0.18,9,0.13,2.4,0.16,3.0,0.08,4,0.1,5,0.0,0.0,2.4,C,隠F,0.385,0.308,#N/A!,#N/A!,#N/A!,0.39,0.077,17:42,5,3,1,,,,,,,,,,0,3,3,-,3,1,10.0
平和島,12R,5,3385.0,渡邉睦広,東京,A2,5.45,6.04,0.04,2,0.15,7,0.30,14,0.18,3.3,0.10,2.3,0.0,0,0.02,1,0.04,2.0,2.2,B+,,0.375,0.292,#N/A!,#N/A!,#N/A!,0.18,0.157,17:42,,,,,,,,,,,,,2,0,0,2,-,0,4.0
平和島,12R,6,4110.0,小澤和也,埼玉,B1,4.47,4.03,0.00,0,0.08,3,0.16,6,0.19,4.3,0.07,1.3,0.0,0,0.0,0,0.0,0.0,3.0,C,,0.267,0.2,#N/A!,#N/A!,#N/A!,0.06,0.314,17:42,1,,2,4,,,,,,,,,0,0,0,0,0,-,0.0
戸田,01R,1,3306.0,武田正紀,埼玉,B1,4.22,4.74,0.23,8,0.20,7,0.17,6,0.15,3.0,0.13,3.5,0.22,8,0.3,11,0.11,4.0,3.8,C,,0.375,0.25,C,4,3,0.35,0.135,10:47,2,,5,,5,1,3,5,,,,,-,3,2,2,0,1,8.0
戸田,01R,2,4836.0,大谷健太,埼玉,B2,5.19,4.35,0.11,4,0.23,8,0.14,5,0.19,3.7,0.12,3.5,0.03,1,0.11,4,0.0,,2.2,-,,0.5,0.357,D,2,3,0.08,0.162,10:47,6,,5,,5,6,1,,,,,,1,-,0,3,1,0,5.0
戸田,01R,3,3503.0,堂原洋史,埼玉,B1,4.08,3.97,0.06,3,0.18,9,0.10,5,0.17,3.2,0.14,4.2,0.02,1,0.02,1,0.0,0.0,2.4,C,,0.154,0.538,B,4,4,0.21,0.114,10:47,5,,4,5,5,,6,,,,,,2,0,-,1,0,0,3.0
戸田,01R,4,5287.0,滝沢織寧,埼玉,B1,3.64,3.25,0.05,2,0.12,5,0.12,5,0.17,3.4,0.15,3.8,0.02,1,0.0,0,0.02,1.0,2.4,-,,0.5,0.0,C,3,3,0.12,0.098,10:47,6,5,6,,3,,5,,,,,,2,0,0,-,0,0,2.0
戸田,01R,5,5167.0,小川竜太朗,埼玉,B1,5.37,4.56,0.05,2,0.08,3,0.18,7,0.15,3.4,0.17,4.0,0.0,0,0.0,0,0.05,2.0,3.0,B+,,0.556,0.222,B,4,4,0.18,0.103,10:47,,,,,,,,,,,,,0,1,0,0,-,1,2.0
戸田,01R,6,5454.0,谷島咲希,埼玉,B2,0.0,0.0,#N/A!,#N/A!,#N/A!,#N/A!,#N/A!,#N/A!,#N/A!,#N/A!,0.22,5.2,0.0,#N/A!,0.0,#N/A!,0.0,,3.8,-,,,,S,5,6,#N/A!,#N/A!,10:47,6,,6,,6,5,6,,,,,,,,,,,-,
戸田,02R,1,3546.0,中里昌志,埼玉,B1,4.14,5.21,0.22,9,0.27,11,0.10,4,0.18,3.7,0.12,3.3,0.22,9,0.29,12,0.17,7.0,3.2,A,,0.333,0.444,C,4,3,0.12,0.146,11:16,4,,2,1,2,4,6,,,,,,-,3,4,1,0,1,9.0
戸田,02R,2,5357.0,田中瀬里奈,埼玉,B2,1.57,1.64,0.00,0,0.00,0,0.00,0,0.35,5.3,0.16,3.6,0.0,0,0.0,0,0.0,,3.4,A,,0.0,0.0,A,4,5,0.00,0.5,11:16,6,6,6,,6,,6,,,,,,,-,,,,,
戸田,02R,3,3647.0,伊藤雄二,埼玉,B1,3.48,4.56,0.04,2,0.15,7,0.13,6,0.17,2.9,0.19,4.2,0.0,0,0.0,0,0.0,0.0,2.4,A+,,0.6,0.0,C,3,4,0.19,0.064,11:16,5,,4,6,4,,5,2,,,,,0,1,-,0,0,0,1.0
戸田,02R,4,3629.0,浅見昌克,埼玉,A2,6.11,5.23,0.15,8,0.35,18,0.19,10,0.14,2.4,0.12,3.8,0.02,1,0.1,6,0.02,1.0,3.0,B+,隠FF,0.366,0.293,C,4,3,0.33,0.032,11:16,4,,3,3,1,,1,2,,,,,1,3,0,-,4,0,8.0
戸田,02R,5,5466.0,成田華音,埼玉,B2,0.0,0.0,#N/A!,#N/A!,#N/A!,#N/A!,#N/A!,#N/A!,#N/A!,#N/A!,0.15,4.6,0.0,#N/A!,0.0,#N/A!,0.0,,3.0,-,,,,C,3,4,#N/A!,#N/A!,11:16,,,,,,,,,,,,,,,,,-,,
戸田,02R,6,5246.0,楠将太郎,埼玉,B1,5.61,5.1,0.02,1,0.08,4,0.21,10,0.21,4.2,0.14,3.8,0.02,1,0.0,0,0.0,0.0,4.2,A+,隠F,0.188,0.375,S,5,5,0.13,0.389,11:16,5,,2,6,5,,5,,,,,,1,0,0,0,0,-,1.0
戸田,03R,1,3992.0,関口智久,埼玉,B1,5.36,5.48,0.47,22,0.13,6,0.13,6,0.16,3.0,0.16,3.0,0.22,10,0.15,7,0.09,4.0,2.6,-,,0.545,0.091,C,4,3,0.37,0.196,11:45,3,,2,4,4,6,6,,,,,,-,12,3,3,4,1,23.0
戸田,03R,2,4159.0,向後龍一,埼玉,A2,5.72,5.98,0.19,11,0.26,15,0.24,14,0.16,3.0,0.15,2.6,0.12,7,0.05,3,0.0,,3.8,A,,0.432,0.091,B,3,5,0.28,0.105,11:45,3,1,3,,1,,4,S,,,,,5,-,2,1,1,2,11.0
戸田,03R,3,5322.0,根岸真優,埼玉,B2,2.39,1.84,0.00,0,0.03,1,0.07,2,0.22,4.4,0.13,3.8,0.0,0,0.0,0,0.0,0.0,3.6,C,,0.0,1.0,C,4,3,0.03,0.303,11:45,4,4,6,,6,,3,,,,,,0,0,-,0,0,0,0.0
戸田,03R,4,5005.0,石田貴洋,埼玉,B1,6.85,5.53,0.10,4,0.22,9,0.17,7,0.15,2.8,0.22,3.8,0.0,0,0.11,5,0.02,1.0,4.0,A,,0.4,0.36,B,4,4,0.33,0.109,11:45,3,6,3,,1,,3,3,,,,,1,1,1,-,3,0,6.0
戸田,03R,5,5147.0,田中勇輔,埼玉,B2,4.44,4.62,0.00,0,0.00,0,0.07,2,0.17,2.8,0.16,3.2,0.0,0,0.0,0,0.0,0.0,2.6,B+,,0.571,0.143,B,4,4,0.33,0.033,11:45,,,,,,,,,,,,,0,0,0,0,-,0,0.0
戸田,03R,6,3596.0,河上年昭,埼玉,B1,3.64,5.02,0.00,0,0.06,2,0.16,5,0.20,3.8,0.11,2.6,0.0,0,0.0,0,0.0,0.0,3.0,B+,未消化F,0.273,0.455,C,3,4,0.16,0.25,11:45,1,4,5,,4,,F,5,,,,,0,0,0,0,0,-,0.0
戸田,04R,1,3497.0,後藤浩,埼玉,B1,5.1,5.68,0.70,28,0.13,5,0.05,2,0.15,2.9,0.16,3.1,0.05,2,0.22,9,0.0,0.0,2.6,-,,0.286,0.321,C,4,3,0.32,0.098,12:14,1,,2,6,4,4,4,,,,,,-,8,9,5,4,2,28.0
戸田,04R,2,3952.0,中澤和志,埼玉,A1,6.73,7.27,0.24,13,0.30,16,0.15,8,0.15,2.9,0.15,3.0,0.2,11,0.04,2,0.0,,2.0,C,,0.195,0.317,C,3,4,0.18,0.055,12:14,5,3,2,,4,,4,3,,,,,11,-,2,0,0,1,14.0
戸田,04R,3,4432.0,黄金井力良,埼玉,B1,5.38,5.13,0.11,6,0.25,14,0.30,17,0.15,2.6,0.12,3.5,0.0,0,0.07,4,0.0,0.0,3.0,-,,0.25,0.344,C,4,3,0.22,0.036,12:14,3,6,5,,4,,6,3,,,,,1,0,-,2,2,0,5.0
戸田,04R,4,3664.0,鈴木賢一,埼玉,B1,4.68,5.53,0.12,5,0.12,5,0.15,6,0.17,3.4,0.15,3.6,0.0,0,0.09,4,0.05,2.0,3.2,C,,0.348,0.261,B,4,4,0.16,0.093,12:14,S,6,5,,2,,5,4,,,,,0,2,1,-,1,2,6.0
戸田,04R,5,4186.0,小川時光,埼玉,B1,3.74,4.72,0.00,0,0.04,1,0.08,2,0.19,4.2,0.15,4.0,0.0,0,0.0,0,0.0,0.0,3.4,B+,,0.333,0.0,B,4,4,0.04,0.143,12:14,,,,,,,,,,,,,0,0,0,0,-,0,0.0
戸田,04R,6,5327.0,西田和加,埼玉,B2,1.74,1.13,0.00,0,0.00,0,0.02,1,0.19,4.1,0.18,4.2,0.0,0,0.0,0,0.0,0.0,3.0,B+,未消化F,0.0,0.0,C,3,4,0.10,0.242,12:14,5,,6,6,5,,F,,,,,,,,,,,-,
戸田,05R,1,5191.0,飛田江己,埼玉,A1,6.67,6.39,0.80,59,0.11,8,0.03,2,0.12,1.8,0.06,1.8,0.06,5,0.03,2,0.08,6.0,4.0,B+,,0.321,0.268,B,4,4,0.64,0.026,12:44,5,,2,1,4,,4,2,,,,,-,19,18,14,7,4,62.0
戸田,05R,2,5259.0,野田昇吾,埼玉,B1,3.16,2.97,0.02,1,0.19,8,0.17,7,0.15,3.0,0.15,3.6,0.03,1,0.0,0,0.0,,3.0,B+,,0.286,0.0,D,2,3,0.25,0.125,12:44,5,,3,,6,4,4,5,,,,,0,-,1,0,0,0,1.0
戸田,05R,3,5287.0,滝沢織寧,埼玉,B1,3.64,3.25,0.00,0,0.07,3,0.19,8,0.16,2.7,0.15,3.8,0.0,0,0.0,0,0.0,0.0,2.4,-,,0.5,0.0,C,3,3,0.27,0.024,12:44,6,5,6,,3,,5,,,,,,0,0,-,0,0,0,0.0
戸田,05R,4,4738.0,清埜翔子,埼玉,A2,5.71,5.69,0.07,4,0.14,8,0.21,12,0.15,2.9,0.12,3.8,0.03,2,0.03,2,0.02,1.0,2.6,-,,0.38,0.24,C,4,3,0.27,0.034,12:44,4,1,4,,4,6,5,,,,,,2,0,2,-,1,0,5.0
戸田,05R,5,3503.0,堂原洋史,埼玉,B1,4.08,3.97,0.00,0,0.14,6,0.12,5,0.17,3.4,0.14,4.2,0.0,0,0.0,0,0.0,0.0,2.4,C,,0.154,0.538,B,4,4,0.20,0.143,12:44,,,,,,,,,,,,,0,0,0,0,-,0,0.0
戸田,05R,6,5466.0,最終手段失敗,埼玉,B2,0.0,0.0,#N/A!,#N/A!,#N/A!,#N/A!,#N/A!,#N/A!,#N/A!,#N/A!,,,0.0,#N/A!,0.0,#N/A!,0.0,,,,,,,#N/A!,#N/A!,#N/A!,#N/A!,#N/A!,12:44,6,,5,,6,6,6,,,,,,,,,,,-,
戸田,06R,1,5167.0,小川竜太朗,埼玉,B1,5.37,4.56,0.32,11,0.26,9,0.09,3,0.15,3.6,0.17,4.0,0.21,7,0.3,10,0.18,6.0,3.0,B+,,0.556,0.222,B,4,4,0.18,0.091,13:14,3,4,4,,6,,3,6,,,,,-,6,2,0,2,0,10.0
戸田,06R,2,5322.0,根岸真優,埼玉,B2,2.39,1.84,0.03,1,0.06,2,0.06,2,0.23,4.7,0.13,3.8,0.0,0,0.03,1,0.0,,3.6,C,,0.0,1.0,C,4,3,0.03,0.483,13:14,4,4,6,,6,,3,,,,,,0,-,1,0,0,0,1.0
戸田,06R,3,3629.0,浅見昌克,埼玉,A2,6.11,5.23,0.12,7,0.16,9,0.30,17,0.14,2.3,0.12,3.8,0.05,3,0.03,2,0.03,2.0,3.0,B+,隠FF,0.366,0.293,C,4,3,0.37,0.048,13:14,4,,3,3,1,,1,2,,,,,2,1,-,2,3,0,8.0
戸田,06R,4,3306.0,武田正紀,埼玉,B1,4.22,4.74,0.04,2,0.09,4,0.21,10,0.15,3.0,0.13,3.5,0.0,0,0.05,2,0.0,0.0,3.8,C,,0.375,0.25,C,4,3,0.19,0.07,13:14,2,,5,,5,1,3,5,,,,,0,1,1,-,0,0,2.0
戸田,06R,5,3647.0,伊藤雄二,埼玉,B1,3.48,4.56,0.02,1,0.04,2,0.12,6,0.18,3.3,0.19,4.2,0.02,1,0.02,1,0.0,0.0,2.4,A+,,0.6,0.0,C,3,4,0.12,0.06,13:14,,,,,,,,,,,,,0,1,1,0,-,0,2.0
戸田,06R,6,4573.0,佐藤翼,埼玉,A1,6.95,7.98,0.07,3,0.16,7,0.25,11,0.15,4.0,0.14,3.3,0.0,0,0.0,0,0.0,0.0,3.2,-,未消化F,0.279,0.349,B,3,5,0.11,0.217,13:14,3,6,2,5,5,,2,F,,,,,0,0,0,0,0,-,0.0
戸田,07R,1,4159.0,向後龍一,埼玉,A2,5.72,5.98,0.62,47,0.25,19,0.04,3,0.14,2.6,0.15,2.6,0.18,14,0.08,6,0.12,9.0,3.8,A,,0.432,0.091,B,3,5,0.33,0.026,13:45,3,1,3,,1,,4,S,,,,,-,20,5,10,8,3,46.0
戸田,07R,2,5147.0,田中勇輔,埼玉,B2,4.44,4.62,0.03,1,0.09,3,0.22,7,0.16,3.2,0.16,3.2,0.0,0,0.03,1,0.0,,2.6,B+,,0.571,0.143,B,4,4,0.23,0.065,13:45,5,,4,,6,5,4,,,,,,0,-,0,1,0,0,1.0
戸田,07R,3,5246.0,楠将太郎,埼玉,B1,5.61,5.1,0.09,4,0.21,9,0.23,10,0.17,3.3,0.14,3.8,0.05,2,0.05,2,0.0,0.0,4.2,A+,隠F,0.188,0.375,S,5,5,0.16,0.116,13:45,5,,2,6,5,,5,,,,,,0,3,-,0,1,0,4.0
戸田,07R,4,4836.0,大谷健太,埼玉,B2,5.19,4.35,0.13,4,0.07,2,0.13,4,0.17,3.4,0.12,3.5,0.03,1,0.03,1,0.07,2.0,2.2,-,,0.5,0.357,D,2,3,0.03,0.133,13:45,6,,5,,5,6,1,,,,,,1,1,1,-,1,0,4.0
戸田,07R,5,5357.0,田中瀬里奈,埼玉,B2,1.57,1.64,0.00,0,0.00,0,0.00,0,0.18,3.1,0.16,3.6,0.0,0,0.0,0,0.0,0.0,3.4,A,,0.0,0.0,A,4,5,0.24,0.184,13:45,,,,,,,,,,,,,,,,,-,,
戸田,07R,6,3880.0,浅見宗孝,埼玉,B1,4.65,4.24,0.03,1,0.08,3,0.17,6,0.19,4.5,0.20,4.0,0.0,0,0.0,0,0.03,1.0,3.0,B+,未消化F,0.5,0.25,C,4,3,0.10,0.323,13:45,6,,5,F,2,,5,,,,,,1,0,0,0,0,-,1.0
戸田,08R,1,4186.0,小川時光,埼玉,B1,3.74,4.72,0.17,4,0.17,4,0.08,2,0.16,3.5,0.15,4.0,0.22,5,0.09,2,0.43,10.0,3.4,B+,,0.333,0.0,B,4,4,0.13,0.13,14:16,5,,3,,5,2,6,4,,,,,-,2,0,1,1,0,4.0
戸田,08R,2,3546.0,中里昌志,埼玉,B1,4.14,5.21,0.02,1,0.23,11,0.17,8,0.20,4.4,0.12,3.3,0.02,1,0.0,0,0.0,,3.2,A,,0.333,0.444,C,4,3,0.04,0.304,14:16,4,,2,1,2,4,6,,,,,,1,-,0,0,0,0,1.0
戸田,08R,3,5259.0,野田昇吾,埼玉,B1,3.16,2.97,0.05,2,0.02,1,0.23,10,0.16,2.9,0.15,3.6,0.0,0,0.05,2,0.0,0.0,3.0,B+,,0.286,0.0,D,2,3,0.20,0.125,14:16,5,,3,,6,4,4,5,,,,,1,1,-,0,0,0,2.0
戸田,08R,4,3952.0,中澤和志,埼玉,A1,6.73,7.27,0.33,15,0.11,5,0.20,9,0.13,3.0,0.15,3.0,0.08,4,0.1,5,0.04,2.0,2.0,C,,0.195,0.317,C,3,4,0.18,0.04,14:16,5,3,2,,4,,4,3,,,,,5,2,3,-,2,0,12.0
戸田,08R,5,3992.0,関口智久,埼玉,B1,5.36,5.48,0.03,1,0.08,3,0.13,5,0.12,2.7,0.16,3.0,0.0,0,0.03,1,0.03,1.0,2.6,-,,0.545,0.091,C,4,3,0.25,0.028,14:16,,,,,,,,,,,,,0,1,0,0,-,1,2.0
戸田,08R,6,4532.0,秋元哲,埼玉,A1,7.21,6.84,0.07,3,0.20,9,0.17,8,0.16,3.5,0.15,3.6,0.0,0,0.03,1,0.0,0.0,3.0,A,未消化F,0.489,0.2,B,4,4,0.17,0.083,14:16,2,,F,2,2,,1,,,,,,0,2,0,0,0,-,2.0
戸田,09R,1,5005.0,石田貴洋,埼玉,B1,6.85,5.53,0.51,25,0.22,11,0.10,5,0.18,3.4,0.22,3.8,0.19,9,0.13,6,0.15,7.0,4.0,A,,0.4,0.36,B,4,4,0.21,0.191,14:48,3,6,3,,1,,3,3,,,,,-,9,10,4,1,1,25.0
戸田,09R,2,5191.0,飛田江己,埼玉,A1,6.67,6.39,0.19,13,0.25,17,0.22,15,0.13,2.8,0.06,1.8,0.06,4,0.12,8,0.0,,4.0,B+,,0.321,0.268,B,4,4,0.24,0.103,14:48,5,,2,1,4,,4,2,,,,,6,-,3,2,2,0,13.0
戸田,09R,3,4738.0,清埜翔子,埼玉,A2,5.71,5.69,0.11,7,0.44,28,0.14,9,0.16,3.0,0.12,3.8,0.03,2,0.06,4,0.02,1.0,2.6,-,,0.38,0.24,C,4,3,0.20,0.031,14:48,4,1,4,,4,6,5,,,,,,2,2,-,2,1,1,8.0
戸田,09R,4,3497.0,後藤浩,埼玉,B1,5.1,5.68,0.10,5,0.10,5,0.20,10,0.18,3.7,0.16,3.1,0.02,1,0.02,1,0.08,4.0,2.6,-,,0.286,0.321,C,4,3,0.12,0.22,14:48,1,,2,6,4,4,4,,,,,,3,1,1,-,0,1,6.0
戸田,09R,5,4432.0,黄金井力良,埼玉,B1,5.38,5.13,0.00,0,0.12,7,0.17,10,0.16,3.3,0.12,3.5,0.0,0,0.02,1,0.0,0.0,3.0,-,,0.25,0.344,C,4,3,0.16,0.062,14:48,,,,,,,,,,,,,0,0,0,0,-,1,1.0
戸田,09R,6,5360.0,高木茉白,埼玉,B1,3.36,2.43,0.00,0,0.02,2,0.06,5,0.17,3.6,0.17,3.8,0.0,0,0.0,0,0.0,0.0,2.6,B+,隠F+F,0.667,0.333,C,3,3,0.19,0.196,14:48,2,,6,6,5,,6,F,,,,,0,0,0,0,0,-,0.0
戸田,10R,1,4700.0,金子和之,埼玉,A2,6.02,5.93,0.63,36,0.14,8,0.11,6,0.15,2.3,0.11,1.8,0.11,6,0.18,10,0.04,2.0,3.8,A+,,0.212,0.515,B,4,4,0.48,0.036,15:21,2,3,1,,1,,1,1,,,,,-,8,17,3,3,4,35.0
戸田,10R,2,3381.0,滝沢芳行,埼玉,B1,5.31,5.89,0.08,4,0.24,12,0.14,7,0.15,2.9,0.12,1.8,0.02,1,0.06,3,0.0,,4.4,A,,0.5,0.333,A,5,4,0.30,0.094,15:21,1,,3,4,3,1,2,,,,,,0,-,3,1,0,0,4.0
戸田,10R,3,5220.0,青木蓮,埼玉,A1,6.02,6.44,0.23,15,0.23,15,0.22,14,0.16,3.2,0.10,2.1,0.0,0,0.1,7,0.04,3.0,3.2,C,隠F,0.286,0.262,D,2,3,0.26,0.171,15:21,3,,3,2,1,,2,3,,,,,4,2,-,3,3,0,12.0
戸田,10R,4,5045.0,平川香織,埼玉,A2,5.95,5.77,0.04,2,0.27,13,0.21,10,0.23,4.4,0.16,4.1,0.0,0,0.02,1,0.0,0.0,3.0,C,,0.278,0.111,D,2,3,0.04,0.288,15:21,2,3,4,,2,3,1,,,,,,1,0,0,-,1,0,2.0
戸田,10R,5,4547.0,中田竜太,埼玉,A1,6.72,6.89,0.11,5,0.22,10,0.22,10,0.16,3.4,0.11,4.1,0.0,0,0.04,2,0.05,3.0,2.8,C,,0.471,0.265,C,4,3,0.11,0.089,15:21,,,,,,,,,,,,,1,2,0,2,-,1,6.0
戸田,10R,6,4109.0,谷津幸宏,埼玉,A1,5.81,5.96,0.05,3,0.09,5,0.29,16,0.13,2.8,0.11,2.0,0.02,1,0.04,2,0.0,0.0,4.8,B+,,0.314,0.275,S,5,5,0.32,0.08,15:21,2,5,1,,3,1,5,,,,,,1,2,0,0,0,-,3.0
戸田,11R,1,5042.0,畑田汰一,埼玉,A1,6.45,6.44,0.71,47,0.12,8,0.09,6,0.10,2.1,0.13,2.5,0.09,6,0.09,6,0.1,7.0,4.6,A,,0.37,0.196,S,5,5,0.55,0.045,15:55,4,3,1,1,1,,3,1,,,,,-,17,10,10,8,3,48.0
戸田,11R,2,3983.0,須藤博倫,埼玉,A2,6.37,6.7,0.13,7,0.27,15,0.22,12,0.14,2.9,0.11,2.3,0.05,3,0.07,4,0.0,,4.0,S,,0.432,0.378,B,5,3,0.20,0.055,15:55,1,1,2,,3,3,2,,,,,,1,-,3,2,1,0,7.0
戸田,11R,3,5112.0,砂長知輝,埼玉,A1,6.83,7.12,0.20,12,0.34,21,0.16,10,0.15,3.6,0.12,3.5,0.03,2,0.05,3,0.08,5.0,3.8,B+,隠F,0.255,0.333,C,3,3,0.12,0.119,15:55,2,1,3,,1,4,4,3,,,,,6,2,-,1,1,1,11.0
戸田,11R,4,5087.0,佐藤航,埼玉,A2,7.22,5.76,0.15,9,0.22,13,0.23,14,0.16,3.1,0.13,3.1,0.01,1,0.09,6,0.06,4.0,3.2,B+,,0.471,0.324,C,3,3,0.22,0.088,15:55,2,,1,2,6,,2,3,,,,,5,3,1,-,1,2,12.0
戸田,11R,5,3251.0,平石和男,埼玉,A2,5.63,5.8,0.02,1,0.12,7,0.20,12,0.18,4.4,0.13,3.5,0.0,0,0.0,0,0.02,1.0,4.0,C,,0.417,0.167,C,3,4,0.05,0.213,15:55,,,,,,,,,,,,,0,0,0,1,-,0,1.0
戸田,11R,6,5051.0,松本純平,埼玉,A1,6.45,6.71,0.07,3,0.04,2,0.28,13,0.18,3.9,0.17,2.6,0.0,0,0.0,0,0.02,1.0,2.0,-,,0.25,0.354,D,3,2,0.17,0.174,15:55,1,2,5,,3,5,1,,,,,,1,0,0,0,0,-,1.0
戸田,12R,1,3412.0,鈴木博,埼玉,A2,6.53,6.78,0.73,57,0.13,10,0.03,2,0.14,2.7,0.11,2.5,0.03,2,0.12,9,0.07,5.0,3.6,B+,,0.333,0.315,B,4,4,0.37,0.067,16:30,2,1,1,,1,3,2,,,,,,-,21,18,10,6,2,57.0
戸田,12R,2,4444.0,桐生順平,埼玉,A1,6.97,8.5,0.11,5,0.30,14,0.17,8,0.13,3.0,0.13,3.1,0.08,4,0.0,0,0.0,,3.0,C,隠F,0.333,0.314,C,3,3,0.12,0.06,16:30,4,2,4,,2,2,1,1,,,,,5,-,0,0,0,0,5.0
戸田,12R,3,4191.0,赤羽克也,埼玉,A2,6.53,6.13,0.17,9,0.25,13,0.17,9,0.16,3.2,0.14,3.1,0.0,0,0.1,5,0.06,3.0,3.6,A,,0.412,0.265,B,5,3,0.20,0.098,16:30,4,,1,3,1,,1,5,,,,,3,2,-,2,2,0,9.0
戸田,12R,4,4528.0,黒井達矢,埼玉,A1,6.38,6.98,0.11,6,0.23,12,0.23,12,0.16,3.2,0.17,4.1,0.05,3,0.07,4,0.07,4.0,3.6,C,隠FF,0.404,0.269,C,3,3,0.19,0.068,16:30,3,,1,3,2,2,4,,,,,,3,1,4,-,3,0,11.0
戸田,12R,5,5132.0,中野希一,埼玉,A1,7.23,6.93,0.09,5,0.27,15,0.20,11,0.15,2.7,0.10,2.7,0.0,0,0.0,0,0.05,3.0,2.8,C,,0.308,0.385,C,3,3,0.36,0.073,16:30,,,,,,,,,,,,,0,0,1,2,-,0,3.0
戸田,12R,6,4144.0,石塚久也,埼玉,A2,6.48,6.81,0.00,0,0.09,4,0.29,13,0.20,4.4,0.18,3.6,0.0,0,0.0,0,0.0,0.0,3.0,-,,0.25,0.281,C,3,4,0.05,0.359,16:30,4,,3,5,2,,2,1,,,,,0,0,0,0,0,-,0.0
桐生,01R,1,3827.0,今泉徹,群馬,B1,4.01,4.48,0.18,7,0.21,8,0.24,9,0.17,3.4,0.18,2.4,0.32,12,0.24,9,0.11,4.0,4.0,C,,0.667,0.167,B,4,4,0.16,0.162,15:18,5,,5,4,3,,6,,,,,,-,5,1,0,1,0,7.0
桐生,01R,2,4128.0,川口貴久,東京,B1,5.4,5.02,0.07,3,0.16,7,0.20,9,0.15,2.5,0.17,4.5,0.0,0,0.04,2,0.0,,3.0,C,,0.3,0.3,B,4,4,0.33,0.043,15:18,4,,4,5,3,,,,,,,,0,-,2,1,0,0,3.0
桐生,01R,3,3686.0,鳥居塚孝博,群馬,A2,6.01,6.31,0.10,6,0.28,17,0.23,14,0.14,2.6,0.12,2.5,0.02,1,0.11,7,0.02,1.0,4.0,A+,隠F,0.216,0.243,A,5,5,0.26,0.082,15:18,3,1,4,,3,4,4,,,,,,1,2,-,5,1,1,10.0
桐生,01R,4,4809.0,外崎悟,埼玉,A2,6.3,5.48,0.14,6,0.33,14,0.09,4,0.14,2.5,0.16,3.6,0.05,2,0.02,1,0.02,1.0,2.0,-,,0.3,0.2,C,3,4,0.36,0,15:18,3,,4,5,S,3,5,,,,,,1,2,0,-,1,0,4.0
桐生,01R,5,4491.0,田中堅,群馬,B1,4.25,5.0,0.05,2,0.05,2,0.11,4,0.22,4.1,0.17,2.4,0.0,0,0.03,1,0.03,1.0,3.2,A,,0.375,0.375,A,4,5,0.08,0.27,15:18,,,,,,,,,,,,,1,0,1,0,-,0,2.0
桐生,01R,6,5361.0,植竹玲奈,東京,B2,2.58,0.0,0.00,0,0.01,1,0.03,2,0.19,4.1,0.21,4.2,0.0,0,0.0,0,0.0,0.0,3.2,B+,,0.0,0.0,B,5,3,0.13,0.32,15:18,6,,6,,6,4,6,,,,,,0,0,0,0,0,-,0.0
桐生,02R,1,3973.0,崎利仁,群馬,B1,3.93,4.95,0.22,10,0.26,12,0.13,6,0.19,3.4,0.23,5.6,0.33,14,0.19,8,0.17,7.0,3.4,B+,,0.222,0.333,B,3,5,0.38,0.31,15:42,4,,5,2,2,,5,,,,,,-,3,3,3,0,1,10.0
桐生,02R,2,3947.0,寺本昇平,群馬,B1,4.33,5.16,0.06,3,0.15,8,0.29,15,0.18,3.8,0.22,3.5,0.05,3,0.0,0,0.0,,4.4,B+,,0.471,0.235,A,5,5,0.04,0.088,15:42,4,4,1,,2,5,3,,,,,,2,-,0,0,2,0,4.0
桐生,02R,3,5306.0,河内悠利杏,群馬,B1,2.72,2.23,0.02,1,0.06,3,0.19,9,0.19,3.5,0.20,3.8,0.0,0,0.02,1,0.0,0.0,2.6,-,,0.0,0.5,C,4,3,0.26,0.2,15:42,5,,6,,4,5,6,,,,,,0,0,-,0,1,0,1.0
桐生,02R,4,3889.0,須藤隆雄,群馬,B1,3.81,4.4,0.00,0,0.14,6,0.21,9,0.19,3.4,0.20,4.0,0.0,0,0.0,0,0.0,0.0,3.0,A,隠F,0.5,0.25,B,3,5,0.23,0.116,15:42,5,3,2,,1,5,4,,,,,,0,0,0,-,0,0,0.0
桐生,02R,5,5455.0,最終手段失敗,群馬,B2,0.0,0.0,#N/A!,#N/A!,#N/A!,#N/A!,#N/A!,#N/A!,#N/A!,#N/A!,,,0.0,#N/A!,0.0,#N/A!,0.0,,,,,,,#N/A!,#N/A!,#N/A!,#N/A!,#N/A!,15:42,,,,,,,,,,,,,,,,,-,,
桐生,02R,6,3532.0,柴田光,群馬,A1,5.69,6.39,0.24,9,0.26,10,0.18,7,0.17,2.5,0.16,3.8,0.0,0,0.0,0,0.0,0.0,3.0,-,,0.319,0.298,C,3,4,0.00,0,15:42,4,1,3,,4,6,,,,,,,0,0,0,0,0,-,0.0
桐生,03R,1,5216.0,長谷川晴哉,群馬,A2,6.45,6.3,0.56,37,0.12,8,0.08,5,0.16,3.3,0.19,3.8,0.05,3,0.18,12,0.14,9.0,3.0,-,,0.351,0.297,C,3,3,0.24,0.182,16:06,1,6,6,3,4,,3,,,,,,-,16,11,7,3,1,38.0
桐生,03R,2,3699.0,富永正人,埼玉,B1,4.2,4.92,0.15,6,0.18,7,0.18,7,0.18,3.7,0.26,4.6,0.13,5,0.0,0,0.0,,2.4,B+,,0.333,0.167,B,5,3,0.11,0.184,16:06,6,,3,6,4,,2,,,,,,4,-,1,0,0,0,5.0
桐生,03R,3,3679.0,飯島昌弘,埼玉,A1,6.09,6.09,0.15,7,0.35,17,0.21,10,0.14,2.5,0.15,2.4,0.06,3,0.06,3,0.02,1.0,2.6,B+,,0.333,0.352,B,5,3,0.35,0.019,16:06,4,3,4,,3,,2,,,,,,2,2,-,3,0,1,8.0
桐生,03R,4,5108.0,柴田愛梨,群馬,B2,2.59,1.5,0.00,0,0.08,1,0.00,0,0.27,4.8,0.24,5.6,0.0,0,0.0,0,0.0,0.0,3.2,S,,1.0,0.0,A,4,5,0.00,0.385,16:06,5,,6,,5,6,1,,,,,,0,0,0,-,0,0,0.0
桐生,03R,5,5377.0,鳥居塚嶺王,群馬,B1,3.71,3.13,0.03,2,0.08,5,0.08,5,0.18,3.7,0.16,2.7,0.0,0,0.03,1,0.0,0.0,2.6,-,,0.0,0.0,C,4,3,0.08,0.154,16:06,,,,,,,,,,,,,0,0,0,0,-,1,1.0
桐生,03R,6,3293.0,宮内由紀英,東京,B1,3.82,4.64,0.00,0,0.06,2,0.14,5,0.21,3.9,0.19,4.5,0.0,0,0.0,0,0.0,0.0,3.0,B+,,0.833,0.167,B,4,4,0.25,0.344,16:06,4,,3,6,5,,,,,,,,0,0,0,0,0,-,0.0
桐生,04R,1,3441.0,土屋太朗,群馬,B1,4.93,5.54,0.25,10,0.25,10,0.13,5,0.20,3.6,0.19,4.6,0.15,6,0.28,11,0.2,8.0,3.2,C,,0.625,0.0,C,4,3,0.18,0.25,16:30,5,5,3,,4,,5,,,,,,-,7,1,3,0,0,11.0
桐生,04R,2,5150.0,坂本雄紀,群馬,A2,6.81,5.95,0.22,13,0.24,14,0.19,11,0.16,3.0,0.14,2.3,0.09,5,0.11,6,0.0,,3.2,A,,0.324,0.294,B,4,4,0.23,0.125,16:30,2,6,3,2,3,,5,,,,,,7,-,1,4,1,0,13.0
桐生,04R,3,5100.0,栗原一馬,群馬,B1,4.32,3.97,0.13,4,0.10,3,0.13,4,0.17,3.5,0.16,2.3,0.0,0,0.11,4,0.03,1.0,3.6,-,,0.429,0.0,C,4,3,0.06,0.057,16:30,4,,2,5,6,,2,3,,,,,1,2,-,0,0,2,5.0
桐生,04R,4,5390.0,高橋涼夏,群馬,B2,1.74,1.49,0.00,0,0.00,0,0.00,0,0.18,4.0,0.13,2.0,0.0,0,0.0,0,0.0,0.0,3.6,C,隠F,0.0,0.0,D,2,3,0.00,0.25,16:30,6,,3,,6,6,,,,,,,,,,-,,,
桐生,04R,5,3655.0,本橋克洋,群馬,A2,5.26,5.93,0.04,2,0.17,9,0.15,8,0.17,3.5,0.18,4.6,0.0,0,0.02,1,0.02,1.0,2.0,C,,0.375,0.219,C,3,3,0.11,0.143,16:30,,,,,,,,,,,,,0,1,0,1,-,0,2.0
桐生,04R,6,4407.0,鹿島敏弘,群馬,B1,5.24,5.32,0.00,0,0.02,1,0.16,7,0.22,4.8,0.18,4.3,0.0,0,0.0,0,0.0,0.0,3.0,C,,0.5,0.192,B,4,4,0.04,0.422,16:30,2,5,5,,3,,4,5,,,,,0,0,0,0,0,-,0.0
桐生,05R,1,4809.0,外崎悟,埼玉,A2,6.3,5.48,0.50,21,0.24,10,0.02,1,0.16,3.0,0.16,3.6,0.13,5,0.23,9,0.13,5.0,2.0,-,,0.3,0.2,C,3,4,0.28,0.05,16:54,3,,4,5,S,3,5,,,,,,-,7,4,5,2,2,20.0
桐生,05R,2,4987.0,島倉都,群馬,B1,4.03,4.85,0.08,3,0.10,4,0.13,5,0.18,3.8,0.18,3.2,0.08,3,0.0,0,0.0,,3.4,-,,0.4,0.1,D,2,3,0.00,0.053,16:54,5,,4,4,5,,,,,,,,3,-,0,0,0,0,3.0
桐生,05R,3,5283.0,植木美帆,東京,B1,2.06,2.4,0.00,0,0.09,2,0.13,3,0.18,3.3,0.23,4.6,0.0,0,0.0,0,0.0,0.0,3.0,B+,,0.333,0.333,C,4,3,0.27,0.231,16:54,6,,4,6,4,,5,,,,,,0,0,-,0,0,0,0.0
桐生,05R,4,4491.0,田中堅,群馬,B1,4.25,5.0,0.02,1,0.10,5,0.25,12,0.18,4.0,0.17,2.4,0.0,0,0.0,0,0.02,1.0,3.2,A,,0.375,0.375,A,4,5,0.09,0.234,16:54,3,6,6,,2,,4,,,,,,1,0,0,-,0,0,1.0
桐生,05R,5,3686.0,鳥居塚孝博,群馬,A2,6.01,6.31,0.07,4,0.16,9,0.30,17,0.14,2.9,0.12,2.5,0.02,1,0.02,1,0.03,2.0,4.0,A+,隠F,0.216,0.243,A,5,5,0.20,0.033,16:54,,,,,,,,,,,,,0,1,1,1,-,2,5.0
桐生,05R,6,4177.0,萬正嗣,群馬,B1,4.39,5.78,0.00,0,0.03,1,0.14,5,0.21,4.7,0.16,2.5,0.0,0,0.0,0,0.0,0.0,4.4,-,,0.176,0.235,C,3,4,0.05,0.45,16:54,2,,5,2,2,,6,6,,,,,0,0,0,0,0,-,0.0
桐生,06R,1,3532.0,柴田光,群馬,A1,5.69,6.39,0.67,46,0.12,8,0.09,6,0.16,3.1,0.16,3.8,0.05,4,0.08,6,0.14,10.0,3.0,-,,0.319,0.298,C,3,4,0.30,0.162,17:19,4,1,3,,4,6,,,,,,,-,17,13,7,9,3,49.0
桐生,06R,2,3827.0,今泉徹,群馬,B1,4.01,4.48,0.02,1,0.23,11,0.13,6,0.17,3.7,0.18,2.4,0.0,0,0.02,1,0.0,,4.0,C,,0.667,0.167,B,4,4,0.08,0.118,17:19,5,,5,4,3,,6,,,,,,0,-,0,0,1,0,1.0
桐生,06R,3,3973.0,崎利仁,群馬,B1,3.93,4.95,0.09,5,0.10,6,0.17,10,0.19,3.6,0.23,5.6,0.0,0,0.02,1,0.05,3.0,3.4,B+,,0.222,0.333,B,3,5,0.09,0.123,17:19,4,,5,2,2,,5,,,,,,0,0,-,3,1,1,5.0
桐生,06R,4,5320.0,岩崎麗子,群馬,B1,2.79,2.5,0.05,2,0.02,1,0.05,2,0.16,3.1,0.18,4.4,0.02,1,0.02,1,0.0,0.0,3.0,B+,隠F,0.0,0.0,C,4,3,0.20,0.073,17:19,6,,6,,2,6,6,,,,,,1,1,0,-,0,0,2.0
桐生,06R,5,4887.0,富澤祐作,群馬,B1,5.21,6.14,0.06,3,0.11,5,0.09,4,0.14,3.0,0.11,2.3,0.0,0,0.04,2,0.02,1.0,2.4,-,,0.379,0.379,C,3,4,0.24,0.06,17:19,,,,,,,,,,,,,1,1,1,0,-,0,3.0
桐生,06R,6,4128.0,川口貴久,東京,B1,5.4,5.02,0.05,2,0.00,0,0.13,5,0.17,3.7,0.17,4.5,0.0,0,0.03,1,0.0,0.0,3.0,C,,0.3,0.3,B,4,4,0.16,0.263,17:19,4,,4,5,3,,,,,,,,0,0,1,0,0,-,1.0
桐生,07R,1,3679.0,飯島昌弘,埼玉,A1,6.09,6.09,0.84,57,0.09,6,0.01,1,0.13,2.6,0.15,2.4,0.04,3,0.06,4,0.06,4.0,2.6,B+,,0.333,0.352,B,5,3,0.34,0.057,17:47,4,3,4,,3,,2,,,,,,-,18,24,9,5,2,58.0
桐生,07R,2,3889.0,須藤隆雄,群馬,B1,3.81,4.4,0.04,2,0.23,11,0.08,4,0.16,2.8,0.20,4.0,0.02,1,0.02,1,0.0,,3.0,A,隠F,0.5,0.25,B,3,5,0.36,0.095,17:47,5,3,2,,1,5,4,,,,,,0,-,1,0,1,0,2.0
桐生,07R,3,5216.0,長谷川晴哉,群馬,A2,6.45,6.3,0.26,15,0.30,17,0.16,9,0.16,3.0,0.19,3.8,0.04,2,0.09,5,0.12,7.0,3.0,-,,0.351,0.297,C,3,3,0.23,0.07,17:47,1,6,6,3,4,,3,,,,,,9,1,-,2,3,1,16.0
桐生,07R,4,5361.0,植竹玲奈,東京,B2,2.58,0.0,0.00,0,0.00,0,0.14,7,0.22,4.0,0.21,4.2,0.0,0,0.0,0,0.0,0.0,3.2,B+,,0.0,0.0,B,5,3,0.08,0.194,17:47,6,,6,,6,4,6,,,,,,0,0,0,-,0,0,0.0
桐生,07R,5,3699.0,富永正人,埼玉,B1,4.2,4.92,0.09,3,0.06,2,0.13,4,0.18,3.7,0.26,4.6,0.0,0,0.0,0,0.04,1.0,2.4,B+,,0.333,0.167,B,5,3,0.19,0.222,17:47,,,,,,,,,,,,,0,0,0,1,-,1,2.0
桐生,07R,6,5455.0,最終手段失敗,群馬,B2,0.0,0.0,#N/A!,#N/A!,#N/A!,#N/A!,#N/A!,#N/A!,#N/A!,#N/A!,,,0.0,#N/A!,0.0,#N/A!,0.0,,,,,,,#N/A!,#N/A!,#N/A!,#N/A!,#N/A!,17:47,6,,5,,6,5,,,,,,,,,,,,-,
桐生,08R,1,3655.0,本橋克洋,群馬,A2,5.26,5.93,0.49,33,0.31,21,0.10,7,0.18,3.5,0.18,4.6,0.16,11,0.14,10,0.2,14.0,2.0,C,,0.375,0.219,C,3,3,0.16,0.174,18:15,4,,5,1,6,,3,,,,,,-,11,9,8,3,2,33.0
桐生,08R,2,3293.0,宮内由紀英,東京,B1,3.82,4.64,0.00,0,0.22,10,0.20,9,0.19,4.3,0.19,4.5,0.0,0,0.0,0,0.0,,3.0,B+,,0.833,0.167,B,4,4,0.11,0.319,18:15,4,,3,6,5,,,,,,,,0,-,0,0,0,0,0.0
桐生,08R,3,3947.0,寺本昇平,群馬,B1,4.33,5.16,0.09,4,0.17,8,0.26,12,0.18,3.4,0.22,3.5,0.0,0,0.0,0,0.06,3.0,4.4,B+,,0.471,0.235,A,5,5,0.17,0.062,18:15,4,4,1,,2,5,3,,,,,,2,1,-,0,0,0,3.0
桐生,08R,4,5377.0,鳥居塚嶺王,群馬,B1,3.71,3.13,0.10,3,0.10,3,0.17,5,0.17,3.5,0.16,2.7,0.0,0,0.13,4,0.0,0.0,2.6,-,,0.0,0.0,C,4,3,0.16,0.097,18:15,6,,6,,5,6,,,,,,,1,2,0,-,1,0,4.0
桐生,08R,5,5150.0,坂本雄紀,群馬,A2,6.81,5.95,0.08,4,0.18,9,0.24,12,0.13,2.4,0.14,2.3,0.0,0,0.02,1,0.06,3.0,3.2,A,,0.324,0.294,B,4,4,0.35,0.037,18:15,,,,,,,,,,,,,1,2,1,1,-,0,5.0
桐生,08R,6,3441.0,土屋太朗,群馬,B1,4.93,5.54,0.00,0,0.03,1,0.24,9,0.18,4.1,0.19,4.6,0.0,0,0.0,0,0.0,0.0,3.2,C,,0.625,0.0,C,4,3,0.15,0.25,18:15,5,5,3,,4,,5,,,,,,0,0,0,0,0,-,0.0
桐生,09R,1,4420.0,津久井拓也,群馬,A2,5.87,5.9,0.51,35,0.17,12,0.17,12,0.16,3.2,0.21,4.0,0.12,8,0.18,12,0.09,6.0,3.6,A+,,0.2,0.371,B,5,3,0.28,0.119,18:46,1,3,2,,1,,3,,,,,,-,9,12,8,5,2,36.0
桐生,09R,2,4362.0,土屋智則,群馬,A1,6.81,7.57,0.28,13,0.26,12,0.17,8,0.14,3.0,0.16,2.6,0.17,10,0.07,4,0.0,,2.6,C,,0.348,0.261,C,3,4,0.20,0.068,18:46,2,4,1,,4,1,,,,,,,5,-,3,5,1,1,15.0
桐生,09R,3,4888.0,金児隆太,群馬,B1,4.85,5.4,0.13,7,0.20,11,0.22,12,0.20,4.0,0.18,4.0,0.0,0,0.06,3,0.07,4.0,3.6,A,,0.438,0.344,B,4,4,0.11,0.241,18:46,3,5,1,,1,2,,,,,,,5,0,-,2,0,0,7.0
桐生,09R,4,3740.0,大澤普司,群馬,A1,6.29,6.46,0.12,5,0.14,6,0.16,7,0.16,3.1,0.17,4.2,0.0,0,0.12,5,0.0,0.0,5.0,A,,0.395,0.184,B,5,3,0.21,0.095,18:46,1,,3,4,1,4,,,,,,,2,0,0,-,2,1,5.0
桐生,09R,5,3406.0,中里英夫,群馬,A2,5.2,5.62,0.02,1,0.11,5,0.22,10,0.18,3.8,0.18,4.0,0.0,0,0.0,0,0.04,2.0,3.4,-,,0.238,0.476,C,3,4,0.08,0.08,18:46,,,,,,,,,,,,,1,0,0,1,-,0,2.0
桐生,09R,6,4645.0,上村純一,群馬,A1,6.24,6.5,0.08,4,0.12,6,0.19,10,0.16,2.9,0.15,2.6,0.04,2,0.02,1,0.02,1.0,3.0,-,,0.279,0.233,C,3,3,0.25,0.094,18:46,1,4,3,4,3,,,,,,,,0,1,0,2,1,-,4.0
桐生,10R,1,4188.0,久田敏之,群馬,A1,7.81,7.31,0.82,58,0.08,6,0.04,3,0.12,2.0,0.14,1.8,0.01,1,0.03,2,0.12,9.0,3.0,-,,0.357,0.268,C,3,3,0.59,0.014,19:17,5,,1,1,1,2,1,,,,,,-,23,17,8,7,5,60.0
桐生,10R,2,4787.0,椎名豊,群馬,A1,6.71,7.24,0.28,15,0.37,20,0.11,6,0.13,2.7,0.13,3.6,0.17,9,0.11,6,0.0,,4.6,C,,0.312,0.208,B,4,4,0.30,0.056,19:17,3,,1,3,4,1,,,,,,,4,-,5,4,1,3,17.0
桐生,10R,3,4539.0,金子賢志,群馬,A1,6.57,6.45,0.13,8,0.33,20,0.18,11,0.13,2.3,0.13,2.4,0.0,0,0.08,5,0.05,3.0,3.2,C,,0.378,0.311,C,3,4,0.29,0.016,19:17,3,,1,5,2,,1,,,,,,2,2,-,3,1,0,8.0
桐生,10R,4,3159.0,江口晃生,群馬,A1,6.64,7.46,0.31,13,0.21,9,0.21,9,0.00,0.0,0.20,3.6,0.0,0,0.0,0,0.0,0.0,3.0,B+,隠F,0.333,0.271,B,4,4,0.00,0,19:17,3,6,2,,1,3,,,,,,,0,0,0,-,0,0,0.0
桐生,10R,5,4819.0,蜂須瑞生,群馬,A2,5.55,5.77,0.02,1,0.06,3,0.27,13,0.17,3.4,0.18,3.2,0.0,0,0.0,0,0.03,2.0,2.8,B+,隠F,0.304,0.217,C,4,3,0.14,0.121,19:17,,,,,,,,,,,,,0,1,0,1,-,0,2.0
桐生,10R,6,3790.0,佐口達也,群馬,B1,4.59,5.0,0.00,0,0.06,2,0.09,3,0.26,5.0,0.25,4.6,0.0,0,0.0,0,0.03,1.0,3.2,C,,0.1,0.2,C,4,2,0.03,0.513,19:17,1,,2,5,5,,2,,,,,,0,0,0,1,0,-,1.0
桐生,11R,1,4851.0,関浩哉,群馬,A1,7.45,7.49,0.70,39,0.16,9,0.07,4,0.14,2.7,0.14,2.3,0.03,2,0.16,9,0.09,5.0,3.8,-,,0.553,0.158,C,3,4,0.40,0.138,19:48,2,1,1,1,1,,1,,,,,,-,22,6,11,1,0,40.0
桐生,11R,2,3475.0,橋本久和,群馬,B1,5.55,5.89,0.07,4,0.35,19,0.09,5,0.19,4.0,0.16,3.0,0.04,2,0.02,1,0.0,,3.8,A,隠F,0.214,0.5,B,4,4,0.08,0.184,19:48,1,2,2,,2,4,,,,,,,1,-,1,0,0,1,3.0
桐生,11R,3,5234.0,塚越海斗,群馬,A2,6.84,6.13,0.18,10,0.15,8,0.33,18,0.15,3.4,0.15,2.1,0.05,3,0.05,3,0.05,3.0,3.8,-,,0.367,0.367,D,2,3,0.14,0.103,19:48,1,1,2,6,2,,3,,,,,,6,2,-,1,0,1,10.0
桐生,11R,4,3482.0,金子猛志,群馬,A2,4.96,5.49,0.05,3,0.13,8,0.15,9,0.16,3.2,0.13,2.0,0.03,2,0.02,1,0.0,0.0,3.0,B+,,0.417,0.208,C,3,4,0.22,0.086,19:48,1,,2,2,2,6,4,,,,,,1,0,0,-,1,1,3.0
桐生,11R,5,4305.0,金子拓矢,群馬,A1,7.27,6.25,0.26,10,0.33,13,0.21,8,0.14,2.6,0.21,3.6,0.02,1,0.05,2,0.1,4.0,3.0,B+,隠F,0.5,0.093,B,4,4,0.36,0.024,19:48,,,,,,,,,,,,,1,5,1,2,-,0,9.0
桐生,11R,6,4486.0,野村誠,群馬,B1,5.42,5.61,0.00,0,0.11,5,0.28,13,0.19,3.8,0.16,2.8,0.0,0,0.0,0,0.02,1.0,3.0,-,,0.379,0.241,C,4,2,0.11,0.234,19:48,2,4,6,,1,5,2,,,,,,0,0,0,1,0,-,1.0
桐生,12R,1,4987.0,島倉都,群馬,B1,4.03,4.85,0.39,11,0.07,2,0.14,4,0.16,3.4,0.18,3.2,0.15,4,0.41,11,0.0,0.0,3.4,-,,0.4,0.1,D,2,3,0.26,0.185,20:30,5,,4,4,5,,,,,,,,-,4,2,1,2,2,11.0
桐生,12R,2,5108.0,柴田愛梨,群馬,B2,2.59,1.5,0.00,0,0.00,0,0.00,0,0.26,4.9,0.24,5.6,0.0,0,0.0,0,0.0,,3.2,S,,1.0,0.0,A,4,5,0.00,0.429,20:30,5,,6,,5,6,1,,,,,,0,-,0,0,0,0,0.0
桐生,12R,3,5320.0,岩崎麗子,群馬,B1,2.79,2.5,0.03,1,0.03,1,0.11,4,0.17,3.3,0.18,4.4,0.0,0,0.03,1,0.0,0.0,3.0,B+,隠F,0.0,0.0,C,4,3,0.18,0.132,20:30,6,,6,,2,6,6,,,,,,1,0,-,0,0,0,1.0
桐生,12R,4,5306.0,河内悠利杏,群馬,B1,2.72,2.23,0.00,0,0.04,2,0.14,7,0.21,4.0,0.20,3.8,0.0,0,0.0,0,0.0,0.0,2.6,-,,0.0,0.5,C,4,3,0.07,0.267,20:30,5,,6,,4,5,6,,,,,,0,0,0,-,0,0,0.0
桐生,12R,5,5283.0,植木美帆,東京,B1,2.06,2.4,0.07,2,0.00,0,0.11,3,0.19,3.4,0.23,4.6,0.0,0,0.0,0,0.08,2.0,3.0,B+,,0.333,0.333,C,4,3,0.19,0.231,20:30,,,,,,,,,,,,,0,0,1,1,-,0,2.0
桐生,12R,6,5390.0,高橋涼夏,群馬,B2,1.74,1.49,0.00,0,0.00,0,0.02,2,0.17,3.6,0.13,2.0,0.0,0,0.0,0,0.0,0.0,3.6,C,隠F,0.0,0.0,D,2,3,0.16,0.229,20:30,6,,3,,6,6,,,,,,,,,,,,-,
