レース場,レース回,枠番,登録番号,選手名,支部,級別,全国勝率,当地勝率,1着率,1着数,2着率,2着数,3着率,3着数,コース平均st,コース平均st順位,今節平均st,今節平均st順位,差し率,差し数,まくり率,まくり数,まくり差し率,まくり差し数,M指数,activepoint,FL,1-2率,1-3率,M総合評価,出足,伸び足,コースstトップ率,コースst最下位率,締切予定時刻
大村,01R,1,3584,佐々木英樹,広島,B1,5.03,4.71,0.20,8,0.33,13,0.05,2,0.17,3.7,0.18,3.2,0.23,9,0.13,5,0.33,13,4,-,,0.25,0.125,B,4,4,0.23,0.29,17:41
大村,01R,2,4431,石塚裕介,三重,B1,5.10,5.67,0.10,4,0.13,5,0.33,13,0.14,3.2,0.18,3.8,0.05,2,0.00,0,0.00,,2,-,未消化F,0.529,0.176,C,4,3,0.22,0.19,17:41
大村,01R,3,3775,泉啓文,岡山,B1,4.42,3.69,0.07,4,0.16,9,0.20,11,0.17,3.6,0.16,3.5,0.02,1,0.02,1,0.08,4,3,-,F,0.5,0.167,D,2,3,0.09,0.09,17:41
大村,01R,4,3906,飯山晃三,長崎,B1,4.17,4.28,0.04,2,0.15,7,0.10,5,0.20,4.4,0.24,4.2,0.00,0,0.05,2,0.00,0,3,-,,0.077,0.538,C,3,4,0.03,0.18,17:41
大村,01R,5,4257,古川健,広島,B1,4.50,4.03,0.05,2,0.11,4,0.16,6,0.17,3.3,0.11,2.2,0.00,0,0.07,3,0.00,0,3,-,,0.308,0.308,C,4,3,0.16,0.09,17:41
大村,01R,6,3461,渡邊哲也,静岡,B1,3.41,2.50,0.00,0,0.03,1,0.10,3,0.22,5.1,0.15,5.7,0.00,0,0.00,0,0.00,0,2,-,,0.167,0.333,D,2,2,0.00,0.54,17:41
大村,02R,1,3870,寺嶋雄,福井,B1,4.34,4.77,0.36,14,0.23,9,0.13,5,0.17,3.3,0.14,4.0,0.21,8,0.26,10,0.08,3,4,-,,0.143,0.5,B,4,4,0.16,0.16,18:08
大村,02R,2,3619,長谷川充,群馬,B1,4.93,0.00,0.13,6,0.26,12,0.21,10,0.19,4.2,0.15,4.2,0.11,5,0.02,1,0.00,,4,-,,0.3,0.25,B,4,4,0.03,0.22,18:08
大村,02R,3,3294,野中義生,静岡,B1,4.18,3.59,0.03,1,0.16,6,0.18,7,0.17,3.1,0.15,3.0,0.00,0,0.00,0,0.03,1,4,-,F,0.444,0.111,B,4,4,0.18,0.09,18:08
大村,02R,4,5384,八戸琉楓,長崎,B1,1.78,1.32,0.00,0,0.00,0,0.00,0,0.24,6.0,0.26,5.6,0.00,0,0.00,0,0.00,0,3,-,F,0,0,D,2,3,0.00,1.00,18:08
大村,02R,5,4813,宮内直哉,東京,B1,3.63,3.41,0.02,1,0.07,3,0.12,5,0.19,4.0,0.17,3.2,0.00,0,0.00,0,0.02,1,3,-,,0.333,0.25,C,3,3,0.03,0.23,18:08
大村,02R,6,4594,谷川祐一,滋賀,A2,5.39,6.35,0.07,3,0.07,3,0.22,10,0.19,3.2,0.15,3.6,0.00,0,0.00,0,0.00,0,3,-,F,0.343,0.314,C,3,3,0.32,0.16,18:08
大村,03R,1,4839,四宮与寛,徳島,A2,5.46,6.55,0.51,29,0.19,11,0.07,4,0.13,2.9,0.12,2.6,0.11,6,0.15,8,0.09,5,3,-,,0.276,0.345,C,3,3,0.43,0.18,18:34
大村,03R,2,4984,森下愛梨,静岡,A2,5.19,5.74,0.02,1,0.38,17,0.18,8,0.19,3.6,0.22,5.3,0.02,1,0.00,0,0.00,,2,-,F,0.364,0.227,D,2,3,0.11,0.11,18:34
大村,03R,3,5232,樅山拓馬,愛知,B1,4.81,5.33,0.05,2,0.31,13,0.21,9,0.14,2.9,0.17,4.0,0.00,0,0.02,1,0.02,1,2,-,F,0.5,0.143,D,2,3,0.14,0.08,18:34
大村,03R,4,4744,伊藤玲奈,福岡,B1,4.52,4.15,0.00,0,0.21,8,0.37,14,0.22,4.4,0.18,4.4,0.00,0,0.00,0,0.00,0,3,-,,0,0,C,3,3,0.00,0.25,18:34
大村,03R,5,5079,大石真央,静岡,B1,4.58,4.56,0.02,1,0.07,3,0.12,5,0.19,4.3,0.16,2.8,0.00,0,0.00,0,0.05,2,4,-,,0.6,0.1,C,3,3,0.13,0.28,18:34
大村,03R,6,4174,赤坂俊輔,長崎,A1,6.32,6.35,0.07,3,0.23,10,0.16,7,0.14,3.5,0.12,3.0,0.10,1,0.00,0,0.00,0,3,-,,0.245,0.347,C,3,4,0.00,0.17,18:34
大村,04R,1,4633,森智也,兵庫,A2,5.79,4.91,0.61,27,0.18,8,0.11,5,0.12,2.4,0.16,3.4,0.14,6,0.14,6,0.07,3,3,-,,0.462,0.231,C,3,4,0.43,0.07,19:03
大村,04R,2,3527,中嶋誠一郎,長崎,B1,4.87,5.75,0.16,8,0.24,12,0.18,9,0.17,3.4,0.15,2.0,0.13,6,0.02,1,0.00,,2,-,,0.273,0.5,C,4,3,0.16,0.11,19:03
大村,04R,3,4718,北川太一,佐賀,A2,6.06,5.89,0.22,11,0.25,13,0.14,7,0.15,3.1,0.09,1.4,0.08,4,0.02,1,0.11,6,5,-,未消化F,0.324,0.324,A,5,4,0.11,0.05,19:03
大村,04R,4,4889,後藤盛也,東京,B1,5.34,6.12,0.12,4,0.06,2,0.18,6,0.13,2.6,0.13,2.8,0.00,0,0.08,3,0.00,0,4,-,未消化F,0.345,0.172,B,4,4,0.37,0.11,19:03
大村,04R,5,5128,坪井爽佑,三重,B1,4.55,0.00,0.00,0,0.08,2,0.24,6,0.17,3.4,0.20,5.0,0.00,0,0.00,0,0.03,1,3,-,F,0,0.5,D,3,2,0.17,0.17,19:03
大村,04R,6,3265,今村暢孝,福岡,A1,5.97,6.35,0.23,10,0.11,5,0.20,9,0.00,0.0,0.17,3.6,0.00,0,0.00,0,0.00,0,2,-,F,0.312,0.344,C,3,4,0.00,0.00,19:03
大村,05R,1,4232,笠雅雄,福岡,B1,5.32,0.00,0.26,7,0.19,5,0.11,3,0.17,2.8,0.12,2.8,0.27,7,0.35,9,0.12,3,3,-,,0.143,0.429,B,4,4,0.37,0.00,19:30
大村,05R,2,4259,真庭明志,長崎,A2,5.57,6.14,0.13,8,0.37,22,0.10,6,0.15,3.2,0.14,3.2,0.08,5,0.02,1,0.00,,3,-,,0.293,0.317,C,4,3,0.11,0.02,19:30
大村,05R,3,4257,古川健,広島,B1,4.50,4.03,0.09,4,0.07,3,0.13,6,0.16,3.0,0.11,2.2,0.00,0,0.05,2,0.00,0,3,-,,0.308,0.308,C,4,3,0.23,0.07,19:30
大村,05R,4,3703,鳥飼眞,福岡,A2,5.88,5.43,0.06,3,0.24,12,0.20,10,0.16,3.5,0.23,4.4,0.00,0,0.07,4,0.02,1,3,-,,0.361,0.278,C,2,4,0.21,0.11,19:30
大村,05R,5,3562,山下和彦,広島,A2,5.84,4.77,0.09,4,0.17,8,0.26,12,0.15,3.2,0.14,1.7,0.00,0,0.00,0,0.06,3,3,-,,0.359,0.333,D,2,3,0.24,0.08,19:30
大村,05R,6,5090,生方靖亜,群馬,B1,5.43,5.00,0.00,0,0.10,4,0.05,2,0.17,3.6,0.17,3.5,0.00,0,0.00,0,0.00,0,2,-,未消化F,0.25,0.5,C,4,3,0.13,0.27,19:30
大村,06R,1,5057,上田紗奈,大阪,B1,5.24,5.43,0.62,26,0.07,3,0.07,3,0.14,2.7,0.14,2.8,0.03,1,0.26,10,0.08,3,4,-,,0.36,0.24,B,4,4,0.38,0.09,19:56
大村,06R,2,4954,内山峻輔,東京,B2,4.22,0.00,#DIV/0!,0,#DIV/0!,0,#DIV/0!,0,0.00,0.0,0.14,2.8,0.00,0,0.00,0,0.00,,2,-,,0,0,C,3,3,0.00,0.00,19:56
大村,06R,3,5384,八戸琉楓,長崎,B1,1.78,1.32,0.00,0,0.00,0,0.00,0,0.22,6.0,0.26,5.6,0.00,0,0.00,0,0.00,0,3,-,F,0,0,D,2,3,0.00,1.00,19:56
大村,06R,4,4813,宮内直哉,東京,B1,3.63,3.41,0.07,3,0.12,5,0.07,3,0.19,3.6,0.17,3.2,0.00,0,0.05,2,0.00,0,3,-,,0.333,0.25,C,3,3,0.13,0.27,19:56
大村,06R,5,5236,小宮涼雅,広島,B1,3.85,2.42,0.00,0,0.01,1,0.07,5,0.20,4.3,0.25,3.5,0.00,0,0.00,0,0.00,0,3,-,,0,0,C,3,3,0.04,0.21,19:56
大村,06R,6,3820,樫葉次郎,徳島,B1,3.19,3.00,0.00,0,0.07,2,0.04,1,0.17,3.3,0.10,2.6,0.00,0,0.00,0,0.00,0,2,-,未消化F,1,0,D,2,3,0.23,0.23,19:56
大村,07R,1,4594,谷川祐一,滋賀,A2,5.39,6.35,0.62,37,0.18,11,0.08,5,0.13,2.7,0.15,3.6,0.05,3,0.18,10,0.07,4,3,-,F,0.343,0.314,C,3,3,0.33,0.08,20:25
大村,07R,2,4744,伊藤玲奈,福岡,B1,4.52,4.15,0.13,5,0.18,7,0.30,12,0.20,4.1,0.18,4.4,0.13,5,0.00,0,0.00,,3,-,,0,0,C,3,3,0.09,0.28,20:25
大村,07R,3,3906,飯山晃三,長崎,B1,4.17,4.28,0.06,3,0.19,10,0.19,10,0.18,3.5,0.24,4.2,0.04,2,0.02,1,0.00,0,3,-,,0.077,0.538,C,3,4,0.07,0.07,20:25
大村,07R,4,3619,長谷川充,群馬,B1,4.93,0.00,0.05,2,0.14,6,0.25,11,0.18,4.5,0.15,4.2,0.00,0,0.00,0,0.05,2,4,-,,0.3,0.25,B,4,4,0.03,0.27,20:25
大村,07R,5,4431,石塚裕介,三重,B1,5.10,5.67,0.05,2,0.16,6,0.19,7,0.16,3.7,0.18,3.8,0.00,0,0.00,0,0.03,1,2,-,未消化F,0.529,0.176,C,4,3,0.10,0.10,20:25
大村,07R,6,4571,菅章哉,徳島,A1,6.61,7.14,0.27,13,0.04,2,0.08,4,0.15,3.8,0.15,3.3,0.00,0,0.16,15,0.03,3,2,-,,0.375,0.167,C,2,4,0.22,0.33,20:25
大村,08R,1,4979,中野夢斗,愛知,A2,4.97,0.00,0.59,24,0.17,7,0.10,4,0.16,3.0,0.15,3.0,0.05,2,0.15,6,0.15,6,5,-,,0.478,0.043,A,4,5,0.26,0.22,20:59
大村,08R,2,3775,泉啓文,岡山,B1,4.42,3.69,0.04,2,0.09,5,0.13,7,0.17,3.4,0.16,3.5,0.00,0,0.02,1,0.00,,3,-,F,0.5,0.167,D,2,3,0.13,0.13,20:59
大村,08R,3,5079,大石真央,静岡,B1,4.58,4.56,0.14,7,0.14,7,0.30,15,0.15,2.8,0.16,2.8,0.00,0,0.08,4,0.02,1,4,-,,0.6,0.1,C,3,3,0.18,0.03,20:59
大村,08R,4,5232,樅山拓馬,愛知,B1,4.81,5.33,0.03,1,0.21,8,0.21,8,0.12,2.3,0.17,4.0,0.00,0,0.03,1,0.00,0,2,-,F,0.5,0.143,D,2,3,0.42,0.03,20:59
大村,08R,5,3265,今村暢孝,福岡,A1,5.97,6.35,0.18,7,0.38,15,0.08,3,0.00,0.0,0.17,3.6,0.00,0,0.00,0,0.00,0,2,-,F,0.312,0.344,C,3,4,0.00,0.00,20:59
大村,08R,6,5395,日高龍之介,佐賀,B2,2.37,2.11,0.01,1,0.01,1,0.01,1,0.21,4.7,0.11,3.0,0.00,0,0.00,0,0.01,1,4,-,,0,0,C,4,3,0.08,0.42,20:59
大村,09R,1,3562,山下和彦,広島,A2,5.84,4.77,0.52,37,0.17,12,0.11,8,0.18,3.3,0.14,1.7,0.11,8,0.12,9,0.24,18,3,-,,0.359,0.333,D,2,3,0.28,0.20,21:25
大村,09R,2,3294,野中義生,静岡,B1,4.18,3.59,0.11,4,0.18,7,0.21,8,0.18,4.0,0.15,3.0,0.08,3,0.03,1,0.00,,4,-,F,0.444,0.111,B,4,4,0.00,0.20,21:25
大村,09R,3,3527,中嶋誠一郎,長崎,B1,4.87,5.75,0.09,5,0.24,13,0.25,14,0.17,2.8,0.15,2.0,0.02,1,0.02,1,0.04,2,2,-,,0.273,0.5,C,4,3,0.24,0.08,21:25
大村,09R,4,5055,眞鳥章太,長崎,A2,6.05,5.50,0.17,9,0.11,6,0.17,9,0.17,3.1,0.16,3.0,0.04,2,0.08,4,0.02,1,3,-,F,0.3,0.3,C,3,3,0.23,0.11,21:25
大村,09R,5,4984,森下愛梨,静岡,A2,5.19,5.74,0.04,2,0.02,1,0.33,16,0.20,4.1,0.22,5.3,0.00,0,0.00,0,0.04,2,2,-,F,0.364,0.227,D,2,3,0.05,0.25,21:25
大村,09R,6,4633,森智也,兵庫,A2,5.79,4.91,0.00,0,0.10,4,0.18,7,0.22,4.8,0.16,3.4,0.00,0,0.00,0,0.00,0,3,-,,0.462,0.231,C,3,4,0.03,0.45,21:25
大村,10R,1,3703,鳥飼眞,福岡,A2,5.88,5.43,0.58,36,0.19,12,0.10,6,0.17,2.8,0.23,4.4,0.10,6,0.10,6,0.16,10,3,-,,0.361,0.278,C,2,4,0.30,0.09,21:51
大村,10R,2,4889,後藤盛也,東京,B1,5.34,6.12,0.10,4,0.33,13,0.18,7,0.15,2.5,0.13,2.8,0.03,1,0.08,3,0.00,,4,-,未消化F,0.345,0.172,B,4,4,0.33,0.00,21:51
大村,10R,3,4259,真庭明志,長崎,A2,5.57,6.14,0.07,4,0.32,18,0.23,13,0.14,3.0,0.14,3.2,0.02,1,0.04,2,0.04,2,3,-,,0.293,0.317,C,4,3,0.11,0.07,21:51
大村,10R,4,4839,四宮与寛,徳島,A2,5.46,6.55,0.07,3,0.22,10,0.24,11,0.13,2.2,0.12,2.6,0.02,1,0.02,1,0.02,1,3,-,,0.276,0.345,C,3,3,0.39,0.00,21:51
大村,10R,5,5057,上田紗奈,大阪,B1,5.24,5.43,0.07,2,0.11,3,0.18,5,0.17,3.2,0.14,2.8,0.00,0,0.03,1,0.03,1,4,-,,0.36,0.24,B,4,4,0.22,0.04,21:51
大村,10R,6,3584,佐々木英樹,広島,B1,5.03,4.71,0.00,0,0.09,3,0.21,7,0.20,4.2,0.18,3.2,0.00,0,0.00,0,0.00,0,4,-,,0.25,0.125,B,4,4,0.04,0.20,21:51
大村,11R,1,4983,前田篤哉,愛知,A1,6.86,7.76,0.76,61,0.14,11,0.05,4,0.15,3.1,0.13,2.6,0.06,5,0.08,6,0.05,4,4,-,,0.271,0.305,B,4,4,0.16,0.12,22:20
大村,11R,2,3516,吉原聖人,広島,B1,3.70,5.57,0.00,0,0.17,7,0.20,8,0.16,3.4,0.15,3.5,0.00,0,0.00,0,0.00,,5,-,F,0.667,0.333,S,5,5,0.10,0.16,22:20
大村,11R,3,3912,川原正明,福井,A2,5.26,5.43,0.15,7,0.21,10,0.21,10,0.15,2.6,0.14,2.8,0.00,0,0.16,8,0.02,1,5,-,F,0.25,0.25,C,3,4,0.32,0.02,22:20
大村,11R,4,4055,吉田俊彦,兵庫,A1,5.98,6.12,0.10,6,0.21,12,0.17,10,0.14,3.4,0.12,2.8,0.03,2,0.04,3,0.03,2,3,-,,0.244,0.289,B,4,4,0.12,0.07,22:20
大村,11R,5,4146,柳橋宏紀,滋賀,B1,5.81,5.56,0.06,3,0.12,6,0.24,12,0.15,3.2,0.11,1.4,0.02,1,0.00,0,0.04,2,5,-,,0.19,0.286,B,4,4,0.35,0.12,22:20
大村,11R,6,4580,長谷川雅和,岡山,B1,5.25,5.29,0.00,0,0.04,2,0.13,7,0.16,3.7,0.12,3.0,0.00,0,0.00,0,0.00,0,4,-,未消化F,0.3,0.275,B,4,4,0.18,0.32,22:20
大村,12R,1,4174,赤坂俊輔,長崎,A1,6.32,6.35,0.66,48,0.10,7,0.11,8,0.16,2.9,0.12,3.0,0.07,5,0.15,11,0.08,6,3,-,,0.245,0.347,C,3,4,0.32,0.07,22:45
大村,12R,2,4718,北川太一,佐賀,A2,6.06,5.89,0.26,12,0.19,9,0.26,12,0.15,3.1,0.09,1.4,0.17,7,0.00,0,0.00,,5,-,未消化F,0.324,0.324,A,5,4,0.13,0.09,22:45
大村,12R,3,4979,中野夢斗,愛知,A2,4.97,0.00,0.07,3,0.20,9,0.25,11,0.17,3.7,0.15,3.0,0.00,0,0.02,1,0.02,1,5,-,,0.478,0.043,A,4,5,0.05,0.14,22:45
大村,12R,4,3870,寺嶋雄,福井,B1,4.34,4.77,0.13,6,0.09,4,0.09,4,0.17,3.1,0.14,4.0,0.00,0,0.13,6,0.02,1,4,-,,0.143,0.5,B,4,4,0.25,0.11,22:45
大村,12R,5,4954,内山峻輔,東京,B2,4.22,0.00,0.00,0,0.13,2,0.06,1,0.18,2.7,0.14,2.8,0.00,0,0.00,0,0.00,0,2,-,,0,0,C,3,3,0.33,0.00,22:45
大村,12R,6,4232,笠雅雄,福岡,B1,5.32,0.00,0.00,0,0.06,2,0.09,3,0.20,4.4,0.12,2.8,0.00,0,0.00,0,0.00,0,3,-,,0.143,0.429,B,4,4,0.12,0.32,22:45
唐津,01R,1,4734,安河内将,佐賀,A1,7.26,7.11,0.68,53,0.15,12,0.05,4,0.15,3.4,,,0.12,9,0.08,6,0.09,7,,,,0.392,0.216,C,3,3,0.18,0.18,08:32
唐津,01R,2,5214,田中宏典,佐賀,B1,4.98,4.43,0.08,4,0.31,16,0.25,13,0.19,4.1,,,0.08,4,0.00,0,0.00,,,,,0.25,0.188,A,5,4,0.11,0.30,08:32
唐津,01R,3,5240,高橋龍治,福岡,B1,5.43,2.46,0.11,5,0.26,12,0.15,7,0.14,2.7,,,0.00,0,0.02,1,0.07,3,,,,0.615,0.077,C,4,3,0.24,0.15,08:32
唐津,01R,4,5417,小柳勝希,佐賀,B2,3.17,2.54,0.13,2,0.00,0,0.20,3,0.18,0.0,,,0.00,0,0.11,1,0.00,0,,,,0,0,B,4,4,0.00,0.00,08:32
唐津,01R,5,4164,岩永節也,長崎,B1,4.20,3.50,0.00,0,0.11,4,0.14,5,0.20,4.5,,,0.00,0,0.00,0,0.00,0,,,,0,0.167,C,3,4,0.00,0.25,08:32
唐津,01R,6,4027,松江秀徳,佐賀,B1,5.52,6.12,0.04,2,0.08,4,0.10,5,0.18,3.5,,,0.00,0,0.00,0,0.00,0,,,,0.324,0.351,D,3,2,0.22,0.26,08:32
唐津,02R,1,4624,高田明,佐賀,A1,6.38,6.60,0.67,41,0.16,10,0.05,3,0.17,3.9,,,0.08,5,0.07,4,0.15,9,,,,0.463,0.146,C,3,3,0.17,0.21,08:58
唐津,02R,2,5121,定松勇樹,佐賀,A1,8.14,7.52,0.25,13,0.36,19,0.11,6,0.13,2.8,,,0.12,6,0.10,5,0.00,,,,,0.34,0.24,A,5,4,0.16,0.13,08:58
唐津,02R,3,4092,岡部大輔,佐賀,B1,4.92,5.74,0.12,6,0.22,11,0.24,12,0.12,2.6,,,0.04,2,0.04,2,0.02,1,,,,0.269,0.423,B,5,3,0.30,0.05,08:58
唐津,02R,4,3564,桑原啓,福岡,B1,4.16,4.13,0.08,4,0.19,10,0.17,9,0.16,3.2,,,0.00,0,0.07,4,0.00,0,,,,0.231,0.385,C,3,4,0.18,0.04,08:58
唐津,02R,5,3773,津留浩一郎,長崎,B1,4.09,4.88,0.02,1,0.07,3,0.20,9,0.17,2.9,,,0.00,0,0.00,0,0.02,1,,,,0.294,0.235,C,4,2,0.41,0.19,08:58
唐津,02R,6,5428,古園井綾南,佐賀,B2,1.11,1.31,0.00,0,0.00,0,0.00,0,0.20,4.0,,,0.00,0,0.00,0,0.00,0,,,,0,0,C,3,4,0.13,0.33,08:58
唐津,03R,1,5084,末永和也,佐賀,A1,7.18,7.52,0.88,64,0.04,3,0.05,4,0.13,2.5,,,0.00,0,0.08,6,0.04,3,,,,0.375,0.297,C,4,2,0.47,0.07,09:24
唐津,03R,2,4874,池田奈津美,福岡,B1,4.48,4.07,0.13,5,0.18,7,0.20,8,0.14,3.0,,,0.06,6,0.04,4,0.00,,,,,0.636,0.182,A,5,4,0.24,0.11,09:24
唐津,03R,3,4196,田中太一郎,佐賀,B1,4.25,5.27,0.07,3,0.32,13,0.12,5,0.17,3.8,,,0.00,0,0.03,1,0.03,1,,,,0.5,0.111,B,4,4,0.09,0.18,09:24
唐津,03R,4,4652,酒見峻介,佐賀,A2,4.43,5.48,0.18,9,0.14,7,0.24,12,0.15,3.0,,,0.02,1,0.13,7,0.02,1,,,,0.458,0.125,D,2,3,0.35,0.15,09:24
唐津,03R,5,5014,梶山涼斗,佐賀,B1,5.16,5.25,0.00,0,0.18,7,0.08,3,0.14,2.8,,,0.00,0,0.02,1,0.00,0,,,,0.143,0.286,C,4,3,0.23,0.03,09:24
唐津,03R,6,3617,竹田広樹,佐賀,B1,4.23,4.52,0.00,0,0.00,0,0.03,1,0.21,4.2,,,0.00,0,0.00,0,0.00,0,,,,0.231,0.154,C,3,4,0.05,0.33,09:24
唐津,04R,1,3998,冨成謙児,佐賀,B1,4.39,5.01,0.33,12,0.36,13,0.06,2,0.13,2.3,,,0.19,7,0.25,9,0.17,6,,,,0.333,0.25,C,4,3,0.42,0.03,09:50
唐津,04R,2,4994,山本梨菜,佐賀,A1,6.12,4.68,0.17,10,0.40,23,0.12,7,0.17,3.4,,,0.07,4,0.05,3,0.00,,,,,0.312,0.406,C,3,3,0.13,0.04,09:50
唐津,04R,3,5307,富永夏哉人,佐賀,B1,4.66,3.75,0.11,6,0.15,8,0.26,14,0.17,3.6,,,0.02,1,0.05,3,0.04,2,,,,0.294,0.294,C,4,3,0.16,0.09,09:50
唐津,04R,4,3459,中野和裕,佐賀,B1,3.74,4.13,0.11,5,0.02,1,0.09,4,0.18,3.1,,,0.00,0,0.11,4,0.03,1,,,,0,0.6,D,3,2,0.22,0.16,09:50
唐津,04R,5,4500,山田康二,佐賀,A1,7.35,8.14,0.15,8,0.13,7,0.21,11,0.14,3.3,,,0.00,0,0.02,1,0.11,6,,,,0.373,0.322,B,4,4,0.20,0.09,09:50
唐津,04R,6,4143,浦田晃嗣,佐賀,B1,4.21,4.56,0.03,1,0.00,0,0.17,5,0.16,3.6,,,0.00,0,0.03,1,0.00,0,,,,0.308,0.231,C,3,3,0.20,0.10,09:50
唐津,05R,1,4969,町田洸希,長崎,B1,4.73,4.89,0.50,17,0.18,6,0.12,4,0.16,2.8,,,0.23,7,0.16,5,0.13,4,,,,0.571,0.143,C,4,3,0.46,0.08,10:20
唐津,05R,2,4515,藤田浩人,佐賀,A2,6.09,5.81,0.15,9,0.35,21,0.25,15,0.17,3.7,,,0.05,3,0.04,2,0.00,,,,,0.261,0.391,C,3,3,0.07,0.05,10:20
唐津,05R,3,3623,深川真二,佐賀,A1,7.46,7.92,0.46,17,0.27,10,0.11,4,0.13,2.1,,,0.05,2,0.15,6,0.15,6,,,,0.397,0.235,A,5,4,0.53,0.06,10:20
唐津,05R,4,5270,小玉啓太,佐賀,B1,4.70,3.26,0.08,3,0.05,2,0.19,7,0.17,3.7,,,0.00,0,0.03,1,0.06,2,,,,0.25,0.75,B,4,4,0.26,0.22,10:20
唐津,05R,5,5412,久保田凪紗,佐賀,B2,1.43,1.31,0.00,0,0.02,1,0.00,0,0.20,3.3,,,0.00,0,0.00,0,0.00,0,,,,0,0,C,3,4,0.29,0.14,10:20
唐津,05R,6,5240,高橋龍治,福岡,B1,5.43,2.46,0.00,0,0.04,2,0.16,7,0.16,3.4,,,0.00,0,0.00,0,0.00,0,,,,0.615,0.077,C,4,3,0.26,0.21,10:20
唐津,06R,1,4531,武富智亮,佐賀,A2,6.30,6.16,0.74,46,0.15,9,0.02,1,0.13,2.3,,,0.03,2,0.07,4,0.12,7,,,,0.295,0.295,C,4,3,0.41,0.04,10:50
唐津,06R,2,4947,間庭菜摘,福岡,B1,4.51,4.41,0.09,5,0.25,14,0.27,15,0.20,4.8,,,0.04,2,0.02,1,0.00,,,,,0.364,0.182,C,4,3,0.00,0.40,10:50
唐津,06R,3,3784,中島友和,佐賀,B1,4.85,5.60,0.09,5,0.18,10,0.24,13,0.16,3.0,,,0.00,0,0.06,3,0.06,3,,,,0.308,0.231,C,4,3,0.17,0.02,10:50
唐津,06R,4,5142,常住蓮,佐賀,A1,7.43,7.34,0.22,13,0.24,14,0.24,14,0.13,2.6,,,0.06,4,0.08,5,0.06,4,,,,0.379,0.242,C,3,3,0.35,0.05,10:50
唐津,06R,5,5417,小柳勝希,佐賀,B2,3.17,2.54,0.00,0,0.00,0,0.07,3,0.17,3.4,,,0.00,0,0.00,0,0.00,0,,,,0,0,B,4,4,0.33,0.22,10:50
唐津,06R,6,5389,恵良琴美,福岡,B2,2.35,1.13,0.00,0,0.01,2,0.02,3,0.18,3.5,,,0.00,0,0.00,0,0.00,0,,,,0,0,D,2,3,0.23,0.19,10:50
唐津,07R,1,3773,津留浩一郎,長崎,B1,4.09,4.88,0.46,17,0.27,10,0.11,4,0.15,2.3,,,0.23,8,0.09,3,0.14,5,,,,0.294,0.235,C,4,2,0.50,0.03,11:21
唐津,07R,2,4803,飯田庄吾,福岡,B1,3.89,0.00,0.04,2,0.19,9,0.15,7,0.20,3.8,,,0.02,1,0.02,1,0.00,,,,,0.571,0.286,C,3,3,0.14,0.19,11:21
唐津,07R,3,3617,竹田広樹,佐賀,B1,4.23,4.52,0.07,4,0.22,12,0.07,4,0.18,3.4,,,0.02,1,0.06,3,0.00,0,,,,0.231,0.154,C,3,4,0.10,0.17,11:21
唐津,07R,4,4445,宮地元輝,佐賀,A1,6.69,7.53,0.09,5,0.23,13,0.14,8,0.12,2.7,,,0.02,1,0.06,3,0.02,1,,,,0.222,0.241,C,3,3,0.38,0.08,11:21
唐津,07R,5,4294,古賀繁輝,佐賀,A1,6.16,6.94,0.11,5,0.13,6,0.09,4,0.14,3.0,,,0.00,0,0.02,1,0.09,4,,,,0.364,0.182,B,4,4,0.29,0.05,11:21
唐津,07R,6,5462,最終手段失敗,佐賀,B2,0.00,0.00,#N/A!,#N/A!,#N/A!,#N/A!,#N/A!,#N/A!,#N/A!,#N/A!,,,0.00,#N/A!,0.00,#N/A!,0.00,,,,,,,#N/A!,#N/A!,#N/A!,#N/A!,#N/A!,11:21
唐津,08R,1,4196,田中太一郎,佐賀,B1,4.25,5.27,0.50,18,0.14,5,0.11,4,0.16,3.1,,,0.20,7,0.11,4,0.06,2,,,,0.5,0.111,B,4,4,0.29,0.18,11:51
唐津,08R,2,3564,桑原啓,福岡,B1,4.16,4.13,0.12,6,0.10,5,0.18,9,0.16,3.7,,,0.04,2,0.09,4,0.00,,,,,0.231,0.385,C,3,4,0.09,0.14,11:51
唐津,08R,3,4395,下河雅史,福岡,B1,5.21,5.00,0.09,4,0.21,10,0.13,6,0.18,3.6,,,0.00,0,0.08,4,0.00,0,,,,0.357,0.286,B,4,4,0.13,0.21,11:51
唐津,08R,4,4320,峰竜太,佐賀,A1,7.74,8.07,0.13,5,0.33,13,0.26,10,0.13,2.9,,,0.07,3,0.05,2,0.02,1,,,,0.286,0.327,B,3,5,0.13,0.03,11:51
唐津,08R,5,3998,冨成謙児,佐賀,B1,4.39,5.01,0.00,0,0.07,4,0.17,9,0.19,4.2,,,0.00,0,0.00,0,0.00,0,,,,0.333,0.25,C,4,3,0.05,0.12,11:51
唐津,08R,6,5451,最終手段失敗,佐賀,B2,0.00,0.00,#N/A!,#N/A!,#N/A!,#N/A!,#N/A!,#N/A!,#N/A!,#N/A!,,,0.00,#N/A!,0.00,#N/A!,0.00,,,,,,,#N/A!,#N/A!,#N/A!,#N/A!,#N/A!,11:51
唐津,09R,1,4006,小野勇作,佐賀,B1,5.28,4.69,0.36,13,0.28,10,0.17,6,0.16,3.5,,,0.22,8,0.11,4,0.19,7,,,,0.231,0.462,D,2,3,0.07,0.11,12:25
唐津,09R,2,4652,酒見峻介,佐賀,A2,4.43,5.48,0.15,7,0.37,17,0.13,6,0.14,2.6,,,0.10,4,0.07,3,0.00,,,,,0.458,0.125,D,2,3,0.14,0.03,12:25
唐津,09R,3,4734,安河内将,佐賀,A1,7.26,7.11,0.32,18,0.18,10,0.13,7,0.15,3.1,,,0.06,3,0.04,2,0.19,10,,,,0.392,0.216,C,3,3,0.18,0.11,12:25
唐津,09R,4,3809,吉田光,佐賀,B1,4.04,5.20,0.03,1,0.08,3,0.25,10,0.19,3.1,,,0.02,1,0.02,1,0.00,0,,,,0.375,0.25,B,4,4,0.18,0.14,12:25
唐津,09R,5,4092,岡部大輔,佐賀,B1,4.92,5.74,0.08,4,0.12,6,0.16,8,0.14,3.2,,,0.00,0,0.04,2,0.04,2,,,,0.269,0.423,B,5,3,0.10,0.08,12:25
唐津,09R,6,5270,小玉啓太,佐賀,B1,4.70,3.26,0.00,0,0.00,0,0.09,3,0.19,3.5,,,0.00,0,0.00,0,0.00,0,,,,0.25,0.75,B,4,4,0.25,0.32,12:25
唐津,10R,1,5014,梶山涼斗,佐賀,B1,5.16,5.25,0.45,15,0.21,7,0.09,3,0.13,1.8,,,0.06,2,0.22,7,0.09,3,,,,0.143,0.286,C,4,3,0.54,0.04,12:59
唐津,10R,2,4164,岩永節也,長崎,B1,4.20,3.50,0.00,0,0.09,4,0.29,13,0.18,3.9,,,0.00,0,0.00,0,0.00,,,,,0,0.167,C,3,4,0.09,0.18,12:59
唐津,10R,3,3964,宮地博士,長崎,B1,4.85,4.83,0.02,1,0.21,10,0.19,9,0.19,3.7,,,0.00,0,0.00,0,0.02,1,,,,0.3,0.4,A,5,4,0.03,0.15,12:59
唐津,10R,4,3623,深川真二,佐賀,A1,7.46,7.92,0.12,6,0.37,19,0.18,9,0.00,0.0,,,0.00,0,0.00,0,0.00,0,,,,0.397,0.235,A,5,4,0.00,0.00,12:59
唐津,10R,5,4531,武富智亮,佐賀,A2,6.30,6.16,0.05,2,0.25,11,0.27,12,0.15,3.5,,,0.00,0,0.04,2,0.00,0,,,,0.295,0.295,C,4,3,0.10,0.10,12:59
唐津,10R,6,4994,山本梨菜,佐賀,A1,6.12,4.68,0.00,0,0.10,4,0.34,14,0.21,4.5,,,0.00,0,0.00,0,0.00,0,,,,0.312,0.406,C,3,3,0.10,0.38,12:59
唐津,11R,1,4515,藤田浩人,佐賀,A2,6.09,5.81,0.73,49,0.18,12,0.04,3,0.14,2.6,,,0.11,7,0.10,6,0.06,4,,,,0.261,0.391,C,3,3,0.36,0.06,13:37
唐津,11R,2,4294,古賀繁輝,佐賀,A1,6.16,6.94,0.17,9,0.40,21,0.13,7,0.16,3.1,,,0.12,6,0.04,2,0.00,,,,,0.364,0.182,B,4,4,0.17,0.14,13:37
唐津,11R,3,4094,中島真二,福岡,B1,4.35,4.29,0.02,1,0.09,4,0.26,11,0.17,3.5,,,0.02,1,0.00,0,0.02,1,,,,0.267,0.6,D,2,3,0.17,0.17,13:37
唐津,11R,4,5214,田中宏典,佐賀,B1,4.98,4.43,0.13,5,0.21,8,0.21,8,0.16,3.5,,,0.03,1,0.06,2,0.06,2,,,,0.25,0.188,A,5,4,0.17,0.10,13:37
唐津,11R,5,4503,上野真之介,佐賀,A1,7.65,7.66,0.16,8,0.29,14,0.18,9,0.13,2.7,,,0.00,0,0.04,2,0.11,6,,,,0.406,0.297,B,4,4,0.27,0.02,13:37
唐津,11R,6,5307,富永夏哉人,佐賀,B1,4.66,3.75,0.06,2,0.06,2,0.06,2,0.20,4.1,,,0.00,0,0.00,0,0.03,1,,,,0.294,0.294,C,4,3,0.10,0.24,13:37
唐津,12R,1,4320,峰竜太,佐賀,A1,7.74,8.07,0.80,48,0.05,3,0.07,4,0.13,3.0,,,0.05,3,0.05,3,0.05,3,,,,0.286,0.327,B,3,5,0.27,0.10,14:14
唐津,12R,2,4500,山田康二,佐賀,A1,7.35,8.14,0.30,17,0.30,17,0.20,11,0.12,2.6,,,0.12,7,0.17,10,0.00,,,,,0.373,0.322,B,4,4,0.21,0.02,14:14
唐津,12R,3,4445,宮地元輝,佐賀,A1,6.69,7.53,0.17,7,0.31,13,0.24,10,0.12,2.3,,,0.03,1,0.13,5,0.03,1,,,,0.222,0.241,C,3,3,0.35,0.00,14:14
唐津,12R,4,5121,定松勇樹,佐賀,A1,8.14,7.52,0.23,11,0.26,12,0.15,7,0.13,2.9,,,0.02,1,0.12,5,0.05,2,,,,0.34,0.24,A,5,4,0.28,0.09,14:14
唐津,12R,5,5084,末永和也,佐賀,A1,7.18,7.52,0.12,5,0.20,8,0.17,7,0.14,3.0,,,0.03,1,0.00,0,0.08,3,,,,0.375,0.297,C,4,2,0.30,0.12,14:14
唐津,12R,6,5142,常住蓮,佐賀,A1,7.43,7.34,0.06,3,0.14,7,0.27,13,0.15,3.1,,,0.00,0,0.00,0,0.03,1,,,,0.379,0.242,C,3,3,0.25,0.16,14:14
福岡,01R,1,5308,藤森拓海,福岡,B1,4.02,2.36,0.12,3,0.16,4,0.12,3,0.22,4.0,-,-,0.28,7,0.32,8,0.20,5,4,A,,0,0.333,C,4,3,0.14,0.19,12:31
福岡,01R,2,5258,仲本舜,福岡,B1,4.98,4.03,0.04,2,0.17,8,0.13,6,0.16,3.7,-,-,0.05,2,0.00,0,0.00,,3.4,B+,,0.2,0.267,D,3,2,0.21,0.27,12:31
福岡,01R,3,5351,齊藤廉,福岡,B1,4.36,2.64,0.07,1,0.07,1,0.14,2,0.17,3.0,-,-,0.00,0,0.00,0,0.09,1,3.8,B+,,0.333,0.5,C,3,3,0.00,0.00,12:31
福岡,01R,4,5409,宮本琉正,福岡,B2,1.76,1.32,0.00,0,0.00,0,0.00,0,0.18,3.0,-,-,0.00,0,0.00,0,0.00,0,3.6,B+,未消化F,0,0,C,4,3,0.00,0.00,12:31
福岡,01R,5,5438,星田夢結,福岡,B2,1.33,1.06,0.00,0,0.00,0,0.06,1,0.02,0.0,-,-,0.00,0,0.00,0,0.00,0,3.2,B+,,0,0,D,2,3,0.00,0.00,12:31
福岡,01R,6,4487,三原司,福岡,B1,4.50,4.70,0.00,0,0.03,1,0.18,7,0.18,4.5,-,-,0.00,0,0.00,0,0.00,0,3.6,-,,0.308,0.077,D,3,2,0.07,0.36,12:31
福岡,02R,1,5284,嘉手苅徹哉,福岡,B2,3.00,2.07,0.23,3,0.00,0,0.00,0,0.18,3.6,-,-,0.08,1,0.42,5,0.25,3,4.2,B+,,0.333,0.333,B,4,4,0.11,0.33,13:01
福岡,02R,2,4892,柴田直哉,福岡,B1,4.98,5.36,0.08,4,0.27,13,0.15,7,0.18,3.8,-,-,0.09,4,0.02,1,0.00,,4,B+,,0.368,0.263,B,3,5,0.11,0.27,13:01
福岡,02R,3,5286,坂井滉哉,福岡,B1,4.31,3.62,0.14,7,0.22,11,0.16,8,0.16,2.8,-,-,0.00,0,0.09,5,0.04,2,3.2,A,,0.273,0.455,C,3,4,0.22,0.05,13:01
福岡,02R,4,4122,安東幸治,福岡,A2,5.60,5.58,0.12,6,0.15,8,0.25,13,0.17,3.1,-,-,0.02,1,0.04,2,0.04,2,4.2,A,,0.294,0.324,C,4,3,0.21,0.17,13:01
福岡,02R,5,5382,山下心一,福岡,B1,2.56,3.08,0.02,1,0.02,1,0.10,6,0.19,3.5,-,-,0.00,0,0.03,1,0.00,0,5.2,B+,F,0,0,D,2,3,0.25,0.21,13:01
福岡,02R,6,5144,中尾彩香,福岡,B1,5.43,4.42,0.00,0,0.08,3,0.11,4,0.19,4.1,-,-,0.00,0,0.00,0,0.00,0,3.8,B+,,0.308,0.308,B,4,4,0.15,0.35,13:01
福岡,03R,1,4234,野相弘司,福岡,B1,5.01,5.04,0.44,16,0.28,10,0.14,5,0.13,2.6,-,-,0.17,6,0.17,6,0.17,6,5,-,,0.4,0.2,B,4,4,0.45,0.07,13:32
福岡,03R,2,3747,國崎良春,福岡,B1,5.42,4.77,0.07,4,0.39,21,0.19,10,0.16,3.6,-,-,0.06,3,0.00,0,0.00,,3.2,B+,,0.429,0.143,C,4,3,0.09,0.15,13:32
福岡,03R,3,5274,城間盛渚,福岡,B1,5.16,4.47,0.15,8,0.15,8,0.13,7,0.17,3.4,-,-,0.02,1,0.02,1,0.07,3,3.8,A,L,0.375,0.438,B,4,4,0.19,0.19,13:32
福岡,03R,4,5081,篠原飛翔,福岡,A2,6.17,5.81,0.12,6,0.20,10,0.26,13,0.17,3.6,-,-,0.06,3,0.04,2,0.04,2,4.8,B+,未消化F,0.467,0.133,A,5,4,0.08,0.08,13:32
福岡,03R,5,5277,井上未都,福岡,B1,5.39,3.40,0.00,0,0.19,9,0.11,5,0.16,3.0,-,-,0.00,0,0.00,0,0.00,0,2,-,,0.167,0.278,D,2,3,0.24,0.02,13:32
福岡,03R,6,5276,大島隆乃介,福岡,B1,4.92,4.42,0.02,1,0.07,3,0.19,8,0.18,4.0,-,-,0.00,0,0.03,1,0.00,0,3.6,B+,,0.318,0.364,B,4,4,0.17,0.28,13:32
福岡,04R,1,5268,山本幸也,福岡,B1,3.42,2.50,0.19,3,0.00,0,0.13,2,0.19,3.4,-,-,0.20,3,0.20,3,0.27,4,4.2,C,F,0.333,0,C,4,3,0.30,0.20,14:01
福岡,04R,2,4555,富永大一,福岡,A2,5.24,4.84,0.16,7,0.28,12,0.21,9,0.20,4.1,-,-,0.13,6,0.02,1,0.00,,2.8,C,,0.333,0.238,C,4,3,0.06,0.20,14:01
福岡,04R,3,4899,占部一真,福岡,B1,4.53,4.94,0.08,4,0.21,11,0.13,7,0.14,2.8,-,-,0.00,0,0.02,1,0.04,2,5.4,A+,,0,0.455,A,4,5,0.30,0.08,14:01
福岡,04R,4,5158,宮脇遼太,福岡,A2,6.79,4.93,0.31,18,0.21,12,0.17,10,0.16,2.7,-,-,0.06,3,0.28,15,0.04,2,4.8,A,,0.273,0.25,A,4,5,0.41,0.10,14:01
福岡,04R,5,5212,西川拓利,福岡,B1,6.17,4.43,0.11,5,0.17,8,0.17,8,0.15,2.8,-,-,0.00,0,0.02,1,0.09,4,4.6,A+,,0.444,0.167,A,4,5,0.22,0.03,14:01
福岡,04R,6,4885,大山千広,福岡,B2,6.20,6.72,0.00,0,0.25,3,0.17,2,0.17,3.3,-,-,0.00,0,0.00,0,0.00,0,3.6,A,未消化F,0.286,0.429,B,4,4,0.25,0.25,14:01
福岡,05R,1,5244,黒田剛,福岡,B1,4.12,3.42,0.35,9,0.15,4,0.19,5,0.15,3.2,-,-,0.42,11,0.23,6,0.00,0,3.4,B+,,0.222,0.444,C,3,3,0.25,0.15,14:27
福岡,05R,2,4679,植田太一,福岡,A1,5.52,5.63,0.20,10,0.28,14,0.18,9,0.15,3.3,-,-,0.08,4,0.10,5,0.00,,3.2,B+,,0.268,0.463,C,4,3,0.14,0.11,14:27
福岡,05R,3,5308,藤森拓海,福岡,B1,4.02,2.36,0.04,2,0.13,6,0.26,12,0.17,4.0,-,-,0.00,0,0.05,2,0.00,0,4,A,,0,0.333,C,4,3,0.06,0.17,14:27
福岡,05R,4,4522,古澤光紀,福岡,A1,5.84,6.22,0.05,2,0.14,6,0.28,12,0.14,3.0,-,-,0.00,0,0.05,2,0.00,0,4,C,,0.38,0.32,C,4,3,0.22,0.00,14:27
福岡,05R,5,5392,安武一也,福岡,B2,1.45,1.38,0.00,0,0.02,1,0.00,0,0.21,4.2,-,-,0.00,0,0.00,0,0.00,0,3.8,B+,,0,0,C,4,3,0.00,0.33,14:27
福岡,05R,6,4957,竹之内極,福岡,B1,5.36,4.99,0.02,1,0.00,0,0.12,5,0.20,4.3,-,-,0.00,0,0.00,0,0.02,1,3.4,B+,,0.474,0.316,B,4,4,0.05,0.35,14:27
福岡,06R,1,5286,坂井滉哉,福岡,B1,4.31,3.62,0.34,11,0.16,5,0.09,3,0.17,2.7,-,-,0.06,2,0.25,8,0.22,7,3.2,A,,0.273,0.455,C,3,4,0.44,0.09,14:55
福岡,06R,2,5198,奥村明日香,福岡,B1,4.86,4.73,0.13,6,0.17,8,0.17,8,0.22,3.9,-,-,0.04,2,0.07,3,0.00,,4,B+,,0.2,0.2,B,4,4,0.06,0.14,14:55
福岡,06R,3,4023,柴田友和,福岡,B1,3.94,5.18,0.07,3,0.11,5,0.33,15,0.18,3.4,-,-,0.00,0,0.02,1,0.06,3,5.2,S,,0.417,0.25,C,3,4,0.10,0.10,14:55
福岡,06R,4,4684,楠原翔太,福岡,A2,5.19,5.87,0.11,5,0.17,8,0.32,15,0.17,3.3,-,-,0.02,1,0.04,2,0.04,2,3.8,B+,F,0.37,0.296,C,4,3,0.08,0.05,14:55
福岡,06R,5,5018,竹下大樹,福岡,A1,6.28,6.03,0.12,7,0.18,11,0.13,8,0.15,3.3,-,-,0.00,0,0.03,2,0.07,5,3.6,B+,,0.306,0.258,B,4,4,0.18,0.04,14:55
福岡,06R,6,5258,仲本舜,福岡,B1,4.98,4.03,0.00,0,0.00,0,0.17,6,0.18,3.6,-,-,0.00,0,0.00,0,0.00,0,3.4,B+,,0.2,0.267,D,3,2,0.22,0.22,14:55
福岡,07R,1,4773,中川りな,福岡,A2,5.72,5.85,0.60,46,0.16,12,0.10,8,0.18,3.3,-,-,0.04,3,0.19,14,0.14,10,3.6,C,,0.4,0.333,B,5,3,0.22,0.17,15:23
福岡,07R,2,5276,大島隆乃介,福岡,B1,4.92,4.42,0.11,6,0.27,15,0.18,10,0.16,3.6,-,-,0.06,3,0.02,1,0.00,,3.6,B+,,0.318,0.364,B,4,4,0.10,0.12,15:23
福岡,07R,3,4236,松村敏,福岡,A1,7.12,7.27,0.22,10,0.33,15,0.28,13,0.11,2.1,-,-,0.02,1,0.09,4,0.09,4,4.4,B+,,0.347,0.278,C,4,3,0.46,0.00,15:23
福岡,07R,4,5382,山下心一,福岡,B1,2.56,3.08,0.02,1,0.06,3,0.08,4,0.16,3.1,-,-,0.00,0,0.00,0,0.03,1,5.2,B+,F,0,0,D,2,3,0.26,0.09,15:23
福岡,07R,5,4932,新開航,福岡,A1,7.51,7.22,0.14,7,0.16,8,0.20,10,0.15,3.8,-,-,0.00,0,0.02,1,0.11,6,3,B+,,0.226,0.528,C,4,3,0.09,0.07,15:23
福岡,07R,6,5438,星田夢結,福岡,B2,1.33,1.06,0.00,0,0.00,0,0.00,0,0.22,4.6,-,-,0.00,0,0.00,0,0.00,0,3.2,B+,,0,0,D,2,3,0.12,0.59,15:23
福岡,08R,1,4363,大野芳顕,福岡,A2,5.85,5.40,0.59,45,0.17,13,0.12,9,0.15,2.4,-,-,0.05,4,0.11,8,0.20,15,3.8,A,,0.159,0.523,B,5,3,0.45,0.08,15:51
福岡,08R,2,5092,篠原晟弥,福岡,A2,6.03,6.06,0.18,8,0.29,13,0.18,8,0.14,3.2,-,-,0.09,4,0.07,3,0.00,,5.4,A+,未消化F,0.241,0.345,S,5,5,0.24,0.12,15:51
福岡,08R,3,4256,渡辺浩司,福岡,A1,6.94,7.25,0.17,9,0.37,20,0.20,11,0.12,2.6,-,-,0.05,3,0.07,4,0.04,2,3.8,B+,,0.404,0.298,C,4,3,0.23,0.07,15:51
福岡,08R,4,5212,西川拓利,福岡,B1,6.17,4.43,0.10,5,0.13,6,0.21,10,0.14,2.7,-,-,0.04,2,0.02,1,0.05,3,4.6,A+,,0.444,0.167,A,4,5,0.42,0.15,15:51
福岡,08R,5,4234,野相弘司,福岡,B1,5.01,5.04,0.02,1,0.07,3,0.24,11,0.18,3.6,-,-,0.00,0,0.02,1,0.02,1,5,-,,0.4,0.2,B,4,4,0.07,0.02,15:51
福岡,08R,6,5409,宮本琉正,福岡,B2,1.76,1.32,0.00,0,0.00,0,0.02,2,0.17,3.0,-,-,0.00,0,0.00,0,0.00,0,3.6,B+,未消化F,0,0,C,4,3,0.30,0.20,15:51
福岡,09R,1,4522,古澤光紀,福岡,A1,5.84,6.22,0.82,50,0.05,3,0.07,4,0.14,2.4,-,-,0.07,4,0.08,5,0.02,1,4,C,,0.38,0.32,C,4,3,0.45,0.09,16:21
福岡,09R,2,4885,大山千広,福岡,B2,6.20,6.72,0.12,2,0.35,6,0.12,2,0.17,3.3,-,-,0.00,0,0.11,2,0.00,,3.6,A,未消化F,0.286,0.429,B,4,4,0.00,0.17,16:21
福岡,09R,3,4079,出畑孝典,福岡,A2,5.61,6.64,0.19,9,0.29,14,0.23,11,0.18,3.5,-,-,0.00,0,0.11,6,0.07,4,4.2,A,F,0.364,0.333,C,3,3,0.13,0.09,16:21
福岡,09R,4,4588,田中京介,福岡,A2,5.61,4.91,0.11,6,0.20,11,0.20,11,0.14,2.8,-,-,0.05,3,0.02,1,0.07,4,2.6,C,,0.342,0.289,C,4,2,0.17,0.04,16:21
福岡,09R,5,3747,國崎良春,福岡,B1,5.42,4.77,0.07,3,0.07,3,0.30,13,0.16,3.1,-,-,0.02,1,0.00,0,0.04,2,3.2,B+,,0.429,0.143,C,4,3,0.14,0.03,16:21
福岡,09R,6,5338,香月大輝,福岡,B1,3.67,2.14,0.00,0,0.03,3,0.07,6,0.17,3.2,-,-,0.00,0,0.00,0,0.00,0,4.6,A+,未消化F,0.5,0,A,4,5,0.33,0.21,16:21
福岡,10R,1,4640,山ノ内雅人,福岡,A2,6.07,6.09,0.61,43,0.27,19,0.07,5,0.14,2.6,-,-,0.09,6,0.14,10,0.13,9,2.2,-,,0.262,0.262,C,4,3,0.30,0.04,16:59
福岡,10R,2,4958,溝口海義也,福岡,A2,6.38,5.03,0.22,13,0.20,12,0.20,12,0.14,2.9,-,-,0.14,9,0.06,4,0.00,,4.6,A,,0.265,0.286,C,3,4,0.24,0.12,16:59
福岡,10R,3,4684,楠原翔太,福岡,A2,5.19,5.87,0.20,9,0.18,8,0.18,8,0.16,3.1,-,-,0.02,1,0.12,5,0.05,2,3.8,B+,F,0.37,0.296,C,4,3,0.13,0.10,16:59
福岡,10R,4,4957,竹之内極,福岡,B1,5.36,4.99,0.10,5,0.13,7,0.19,10,0.16,3.5,-,-,0.02,1,0.02,1,0.06,3,3.4,B+,,0.474,0.316,B,4,4,0.13,0.13,16:59
福岡,10R,5,4899,占部一真,福岡,B1,4.53,4.94,0.05,2,0.14,6,0.02,1,0.14,3.2,-,-,0.00,0,0.05,2,0.00,0,5.4,A+,,0,0.455,A,4,5,0.22,0.08,16:59
福岡,10R,6,5192,中尾優香,福岡,A2,4.83,4.11,0.06,2,0.00,0,0.11,4,0.19,3.8,-,-,0.03,1,0.00,0,0.03,1,3.8,B+,F,0.667,0.25,C,4,3,0.20,0.24,16:59
福岡,11R,1,4848,仲谷颯仁,福岡,A1,6.99,7.50,0.66,44,0.19,13,0.09,6,0.14,3.0,-,-,0.13,8,0.14,9,0.08,5,4.6,S,F,0.238,0.381,S,5,5,0.28,0.14,17:29
福岡,11R,2,5158,宮脇遼太,福岡,A2,6.79,4.93,0.19,12,0.25,16,0.25,16,0.17,3.3,-,-,0.14,8,0.07,4,0.00,,4.8,A,,0.273,0.25,A,4,5,0.23,0.17,17:29
福岡,11R,3,4679,植田太一,福岡,A1,5.52,5.63,0.25,13,0.19,10,0.17,9,0.16,2.9,-,-,0.00,0,0.15,7,0.09,4,3.2,B+,,0.268,0.463,C,4,3,0.20,0.10,17:29
福岡,11R,4,4773,中川りな,福岡,A2,5.72,5.85,0.06,3,0.19,10,0.28,15,0.19,4.1,-,-,0.00,0,0.04,2,0.00,0,3.6,C,,0.4,0.333,B,5,3,0.10,0.29,17:29
福岡,11R,5,4424,松尾昂明,福岡,A2,6.11,6.46,0.07,3,0.18,8,0.22,10,0.16,2.7,-,-,0.00,0,0.09,4,0.02,1,4,-,,0.26,0.32,C,3,3,0.34,0.03,17:29
福岡,11R,6,5274,城間盛渚,福岡,B1,5.16,4.47,0.02,1,0.05,2,0.07,3,0.18,4.6,-,-,0.00,0,0.00,0,0.00,0,3.8,A,L,0.375,0.438,B,4,4,0.03,0.40,17:29
福岡,12R,1,4236,松村敏,福岡,A1,7.12,7.27,0.80,72,0.10,9,0.04,4,0.11,2.1,-,-,0.03,3,0.06,5,0.07,6,4.4,B+,,0.347,0.278,C,4,3,0.52,0.01,18:00
福岡,12R,2,5018,竹下大樹,福岡,A1,6.28,6.03,0.19,13,0.30,20,0.22,15,0.16,3.4,-,-,0.07,4,0.10,6,0.00,,3.6,B+,,0.306,0.258,B,4,4,0.11,0.13,18:00
福岡,12R,3,4122,安東幸治,福岡,A2,5.60,5.58,0.16,9,0.32,18,0.14,8,0.17,3.2,-,-,0.00,0,0.07,4,0.07,4,4.2,A,,0.294,0.324,C,4,3,0.11,0.09,18:00
福岡,12R,4,4555,富永大一,福岡,A2,5.24,4.84,0.15,6,0.10,4,0.23,9,0.17,3.8,-,-,0.03,1,0.00,0,0.08,3,2.8,C,,0.333,0.238,C,4,3,0.03,0.14,18:00
福岡,12R,5,5081,篠原飛翔,福岡,A2,6.17,5.81,0.04,2,0.08,4,0.36,18,0.17,3.6,-,-,0.00,0,0.02,1,0.02,1,4.8,B+,未消化F,0.467,0.133,A,5,4,0.09,0.12,18:00
福岡,12R,6,5092,篠原晟弥,福岡,A2,6.03,6.06,0.05,2,0.14,6,0.21,9,0.13,2.4,-,-,0.00,0,0.00,0,0.03,1,5.4,A+,未消化F,0.241,0.345,S,5,5,0.43,0.10,18:00
若松,01R,1,5053,山口広樹,福岡,B1,4.22,4.83,0.66,27,0.12,5,0.07,3,0.15,2.7,,,0.12,5,0.12,5,0.10,4,,,,0.444,0.185,C,4,3,0.43,0.11,15:22
若松,01R,2,5177,松井貫太,福岡,B1,4.04,3.29,0.04,2,0.27,14,0.15,8,0.19,4.3,,,0.00,0,0.00,0,0.00,,,,,0.167,0.333,A,5,5,0.05,0.26,15:22
若松,01R,3,5022,伊藤尚汰,福岡,B1,4.00,4.68,0.06,2,0.08,3,0.17,6,0.17,3.6,,,0.00,0,0.03,1,0.00,0,,,,0.2,0.2,D,3,2,0.07,0.07,15:22
若松,01R,4,5223,森清友翔,福岡,B1,4.71,3.12,0.08,4,0.17,9,0.15,8,0.18,3.8,,,0.00,0,0.02,1,0.04,2,,,,0.083,0.417,C,3,3,0.05,0.17,15:22
若松,01R,5,5303,土井歩夢,福岡,B1,5.50,4.56,0.07,3,0.07,3,0.11,5,0.17,3.2,,,0.00,0,0.00,0,0.04,2,,,,0.462,0.308,B,4,4,0.21,0.11,15:22
若松,01R,6,5398,鐘ヶ江真司,福岡,B1,3.18,2.64,0.02,2,0.02,2,0.11,9,0.20,3.8,,,0.00,0,0.01,1,0.01,1,,,,0,0,C,3,3,0.17,0.28,15:22
若松,02R,1,4272,大場広孝,福岡,B1,4.65,5.02,0.50,18,0.19,7,0.11,4,0.15,2.5,,,0.09,3,0.28,9,0.09,3,,,,0.176,0.118,C,3,3,0.35,0.07,15:49
若松,02R,2,3869,井芹大志,福岡,B1,3.78,4.48,0.06,3,0.15,8,0.15,8,0.18,3.7,,,0.04,2,0.02,1,0.00,,,,,0.188,0.062,C,4,3,0.05,0.13,15:49
若松,02R,3,4697,國弘翔平,福岡,B1,4.30,4.19,0.08,4,0.19,10,0.15,8,0.18,3.3,,,0.00,0,0.08,4,0.00,0,,,,0.167,0.583,C,3,3,0.16,0.14,15:49
若松,02R,4,4364,池永太,福岡,A1,6.33,6.90,0.31,13,0.17,7,0.24,10,0.14,2.9,,,0.02,1,0.23,10,0.02,1,,,,0.463,0.259,B,4,4,0.38,0.15,15:49
若松,02R,5,5009,大賀龍之介,福岡,B1,5.25,4.31,0.04,2,0.20,9,0.15,7,0.15,2.9,,,0.00,0,0.00,0,0.04,2,,,,0.333,0.333,C,3,3,0.28,0.05,15:49
若松,02R,6,4737,竹井貴史,福岡,A2,7.75,6.74,0.03,1,0.23,9,0.28,11,0.15,2.9,,,0.00,0,0.03,1,0.00,0,,,,0.38,0.28,C,4,3,0.30,0.07,15:49
若松,03R,1,5105,富田恕生,福岡,B1,4.63,5.03,0.41,12,0.17,5,0.24,7,0.18,4.0,,,0.10,3,0.24,7,0.10,3,,,,0.417,0.25,C,3,3,0.09,0.35,16:18
若松,03R,2,3662,大庭元明,福岡,B1,5.09,5.00,0.13,6,0.17,8,0.15,7,0.16,3.3,,,0.09,4,0.02,1,0.00,,,,,0.258,0.258,B,3,5,0.22,0.10,16:18
若松,03R,3,4403,木下大將,福岡,A2,5.97,6.23,0.09,4,0.32,14,0.16,7,0.16,3.0,,,0.00,0,0.05,2,0.07,3,,,,0.28,0.36,C,3,4,0.18,0.06,16:18
若松,03R,4,5138,村本大成,福岡,B2,3.96,3.22,0.00,0,0.05,1,0.18,4,0.18,3.8,,,0.00,0,0.00,0,0.00,0,,,,0.5,0.25,C,4,3,0.06,0.11,16:18
若松,03R,5,4350,篠崎元志,福岡,A1,7.76,6.76,0.06,3,0.18,9,0.16,8,0.13,3.1,,,0.00,0,0.00,0,0.02,1,,,,0.373,0.322,C,3,3,0.24,0.05,16:18
若松,03R,6,5071,野見山拓己,福岡,B1,4.96,3.80,0.03,1,0.09,3,0.11,4,0.14,3.0,,,0.00,0,0.03,1,0.00,0,,,,0.222,0.389,C,4,3,0.32,0.11,16:18
若松,04R,1,5008,羽野諒,福岡,B1,4.71,4.30,0.43,16,0.08,3,0.24,9,0.15,2.5,,,0.06,2,0.26,9,0.17,6,,,,0.286,0.357,B,4,4,0.47,0.13,16:43
若松,04R,2,4545,岡村慶太,福岡,A1,7.13,7.60,0.12,6,0.38,20,0.21,11,0.14,2.8,,,0.08,4,0.02,1,0.00,,,,,0.357,0.357,B,4,4,0.21,0.08,16:43
若松,04R,3,4729,佐藤謙史朗,福岡,B2,4.09,4.94,0.09,3,0.15,5,0.15,5,0.18,3.7,,,0.00,0,0.06,2,0.00,0,,,,0,0.5,C,4,3,0.04,0.08,16:43
若松,04R,4,5073,上原健次郎,福岡,A2,5.52,5.69,0.09,4,0.17,8,0.17,8,0.16,3.3,,,0.07,3,0.02,1,0.00,0,,,,0.667,0.2,B,4,4,0.03,0.03,16:43
若松,04R,5,4102,益田啓司,福岡,A1,6.59,7.15,0.21,10,0.13,6,0.15,7,0.16,3.3,,,0.04,2,0.07,4,0.09,5,,,,0.354,0.333,B,4,4,0.24,0.02,16:43
若松,04R,6,5207,高山敬悟,福岡,B1,4.77,4.21,0.04,1,0.00,0,0.15,4,0.15,2.9,,,0.00,0,0.03,1,0.00,0,,,,0.1,0.1,D,3,2,0.25,0.18,16:43
若松,05R,1,4566,塩田北斗,福岡,A1,6.34,7.23,0.76,48,0.10,6,0.05,3,0.14,3.1,,,0.05,3,0.09,6,0.11,7,,,,0.367,0.306,A,5,4,0.26,0.11,17:11
若松,05R,2,4607,鶴田勇雄,福岡,A2,5.42,5.84,0.10,6,0.29,17,0.22,13,0.19,4.2,,,0.04,2,0.04,2,0.00,,,,,0.406,0.312,C,3,3,0.05,0.29,17:11
若松,05R,3,4346,前田健太郎,福岡,B1,4.51,3.61,0.14,7,0.22,11,0.08,4,0.17,3.1,,,0.02,1,0.05,2,0.05,2,,,,0.286,0.357,B,4,4,0.27,0.12,17:11
若松,05R,4,4614,石倉洋行,福岡,A1,6.20,6.13,0.22,10,0.24,11,0.22,10,0.12,2.2,,,0.02,1,0.13,7,0.04,2,,,,0.373,0.373,B,4,4,0.54,0.04,17:11
若松,05R,5,5102,原田雄次,福岡,B1,3.87,4.86,0.05,2,0.05,2,0.25,10,0.23,4.5,,,0.02,1,0.00,0,0.04,2,,,,0.381,0.143,A,5,4,0.08,0.32,17:11
若松,05R,6,5426,甲斐貴大,福岡,B2,1.26,1.00,0.00,0,0.00,0,0.00,0,0.21,4.1,,,0.00,0,0.00,0,0.00,0,,,,0,0,B,4,4,0.22,0.44,17:11
若松,06R,1,4413,水摩敦,福岡,A2,5.82,6.39,0.73,53,0.07,5,0.10,7,0.18,3.2,,,0.04,3,0.11,8,0.10,7,,,,0.255,0.353,A,5,4,0.19,0.11,17:36
若松,06R,2,3853,岩崎正哉,福岡,B1,5.78,5.69,0.04,2,0.38,20,0.21,11,0.19,3.8,,,0.04,2,0.02,1,0.00,,,,,0.342,0.368,C,3,3,0.05,0.14,17:36
若松,06R,3,3898,平田忠則,福岡,A1,7.00,6.53,0.24,12,0.35,17,0.16,8,0.13,2.6,,,0.02,1,0.13,7,0.06,3,,,,0.298,0.34,D,2,3,0.31,0.07,17:36
若松,06R,4,5398,鐘ヶ江真司,福岡,B1,3.18,2.64,0.00,0,0.06,2,0.09,3,0.19,3.2,,,0.00,0,0.00,0,0.00,0,,,,0,0,C,3,3,0.00,0.09,17:36
若松,06R,5,4632,長尾京志郎,福岡,B1,4.95,5.05,0.02,1,0.07,3,0.26,11,0.19,3.7,,,0.00,0,0.00,0,0.00,0,,,,0.467,0.333,D,3,2,0.07,0.19,17:36
若松,06R,6,4504,前田将太,福岡,A1,6.15,7.62,0.11,5,0.16,7,0.24,11,0.14,3.7,,,0.03,1,0.00,0,0.03,1,,,,0.25,0.269,C,3,4,0.28,0.24,17:36
若松,07R,1,4942,柴田朋哉,福岡,A2,4.87,5.29,0.40,14,0.26,9,0.11,4,0.15,3.2,,,0.15,5,0.26,9,0.15,5,,,,0.5,0.143,C,4,3,0.17,0.17,18:03
若松,07R,2,3742,宮地秀祈,福岡,B1,4.45,4.34,0.03,1,0.21,8,0.23,9,0.19,4.7,,,0.03,1,0.00,0,0.00,,,,,0.222,0.111,C,3,3,0.00,0.39,18:03
若松,07R,3,3783,瓜生正義,福岡,A1,6.82,8.29,0.13,6,0.30,14,0.22,10,0.17,4.8,,,0.04,2,0.04,2,0.04,2,,,,0.387,0.355,C,3,3,0.03,0.39,18:03
若松,07R,4,5177,松井貫太,福岡,B1,4.04,3.29,0.00,0,0.06,3,0.13,6,0.20,4.5,,,0.00,0,0.00,0,0.00,0,,,,0.167,0.333,A,5,5,0.00,0.33,18:03
若松,07R,5,3662,大庭元明,福岡,B1,5.09,5.00,0.14,7,0.10,5,0.22,11,0.16,3.4,,,0.00,0,0.02,1,0.04,2,,,,0.258,0.258,B,3,5,0.11,0.11,18:03
若松,07R,6,5160,藤森陸斗,福岡,A2,5.74,4.55,0.04,2,0.04,2,0.16,7,0.18,3.6,,,0.00,0,0.00,0,0.04,2,,,,0.217,0.435,C,3,3,0.15,0.21,18:03
若松,08R,1,4287,今井貴士,福岡,A1,5.55,6.36,0.72,47,0.15,10,0.08,5,0.15,2.6,,,0.06,4,0.08,5,0.08,5,,,,0.298,0.362,C,3,4,0.36,0.07,18:40
若松,08R,2,4136,江夏満,福岡,A1,6.64,7.27,0.18,9,0.41,20,0.31,15,0.15,3.3,,,0.15,7,0.04,2,0.00,,,,,0.271,0.312,C,3,3,0.17,0.10,18:40
若松,08R,3,5012,加倉侑征,福岡,A2,5.67,4.46,0.16,9,0.24,14,0.19,11,0.12,2.4,,,0.02,1,0.05,3,0.08,5,,,,0.259,0.259,C,3,3,0.39,0.02,18:40
若松,08R,4,3869,井芹大志,福岡,B1,3.78,4.48,0.00,0,0.13,6,0.13,6,0.18,3.5,,,0.00,0,0.00,0,0.00,0,,,,0.188,0.062,C,4,3,0.19,0.16,18:40
若松,08R,5,5022,伊藤尚汰,福岡,B1,4.00,4.68,0.02,1,0.12,6,0.12,6,0.16,3.5,,,0.00,0,0.00,0,0.02,1,,,,0.2,0.2,D,3,2,0.14,0.05,18:40
若松,08R,6,4729,佐藤謙史朗,福岡,B2,4.09,4.94,0.00,0,0.17,6,0.08,3,0.22,4.8,,,0.00,0,0.00,0,0.00,0,,,,0,0.5,C,4,3,0.04,0.54,18:40
若松,09R,1,5073,上原健次郎,福岡,A2,5.52,5.69,0.38,15,0.20,8,0.20,8,0.18,3.8,,,0.23,9,0.25,10,0.10,4,,,,0.667,0.2,B,4,4,0.14,0.31,19:11
若松,09R,2,4346,前田健太郎,福岡,B1,4.51,3.61,0.06,3,0.28,15,0.15,8,0.20,4.3,,,0.06,3,0.00,0,0.00,,,,,0.286,0.357,B,4,4,0.03,0.28,19:11
若松,09R,3,5138,村本大成,福岡,B2,3.96,3.22,0.00,0,0.07,2,0.14,4,0.17,3.3,,,0.00,0,0.00,0,0.00,0,,,,0.5,0.25,C,4,3,0.11,0.11,19:11
若松,09R,4,4330,奈須啓太,福岡,A2,5.98,5.43,0.24,11,0.13,6,0.28,13,0.13,2.2,,,0.00,0,0.19,9,0.00,0,,,,0.211,0.395,C,3,3,0.47,0.03,19:11
若松,09R,5,4272,大場広孝,福岡,B1,4.65,5.02,0.02,1,0.07,3,0.20,9,0.15,3.5,,,0.00,0,0.00,0,0.02,1,,,,0.176,0.118,C,3,3,0.13,0.08,19:11
若松,09R,6,4121,富永修一,福岡,A1,5.93,5.19,0.04,2,0.04,2,0.23,13,0.16,3.4,,,0.02,1,0.00,0,0.02,1,,,,0.25,0.318,B,4,4,0.23,0.11,19:11
若松,10R,1,4364,池永太,福岡,A1,6.33,6.90,0.76,56,0.12,9,0.08,6,0.14,3.2,,,0.07,5,0.04,3,0.11,8,,,,0.463,0.259,B,4,4,0.28,0.08,19:42
若松,10R,2,4403,木下大將,福岡,A2,5.97,6.23,0.27,14,0.41,21,0.12,6,0.15,2.9,,,0.24,10,0.02,1,0.00,,,,,0.28,0.36,C,3,4,0.17,0.07,19:42
若松,10R,3,5008,羽野諒,福岡,B1,4.71,4.30,0.02,1,0.19,9,0.23,11,0.15,3.1,,,0.00,0,0.00,0,0.00,0,,,,0.286,0.357,B,4,4,0.16,0.05,19:42
若松,10R,4,4413,水摩敦,福岡,A2,5.82,6.39,0.11,6,0.18,10,0.18,10,0.18,3.5,,,0.04,2,0.06,3,0.00,0,,,,0.255,0.353,A,5,4,0.13,0.13,19:42
若松,10R,5,5053,山口広樹,福岡,B1,4.22,4.83,0.07,3,0.11,5,0.07,3,0.17,3.3,,,0.00,0,0.00,0,0.02,1,,,,0.444,0.185,C,4,3,0.17,0.17,19:42
若松,10R,6,4607,鶴田勇雄,福岡,A2,5.42,5.84,0.04,2,0.04,2,0.29,14,0.17,3.5,,,0.00,0,0.04,2,0.02,1,,,,0.406,0.312,C,3,3,0.16,0.19,19:42
若松,11R,1,4102,益田啓司,福岡,A1,6.59,7.15,0.76,50,0.12,8,0.05,3,0.14,2.7,,,0.08,5,0.03,2,0.08,5,,,,0.354,0.333,B,4,4,0.31,0.07,20:13
若松,11R,2,5071,野見山拓己,福岡,B1,4.96,3.80,0.17,8,0.13,6,0.19,9,0.13,2.9,,,0.04,2,0.06,3,0.00,,,,,0.222,0.389,C,4,3,0.30,0.13,20:13
若松,11R,3,5160,藤森陸斗,福岡,A2,5.74,4.55,0.20,12,0.18,11,0.23,14,0.17,3.2,,,0.00,0,0.05,3,0.14,8,,,,0.217,0.435,C,3,3,0.13,0.13,20:13
若松,11R,4,4737,竹井貴史,福岡,A2,7.75,6.74,0.22,8,0.31,11,0.19,7,0.16,3.2,,,0.08,3,0.10,4,0.03,1,,,,0.38,0.28,C,4,3,0.15,0.12,20:13
若松,11R,5,4614,石倉洋行,福岡,A1,6.20,6.13,0.11,5,0.20,9,0.17,8,0.14,2.8,,,0.00,0,0.04,2,0.06,3,,,,0.373,0.373,B,4,4,0.28,0.05,20:13
若松,11R,6,5223,森清友翔,福岡,B1,4.71,3.12,0.00,0,0.00,0,0.17,8,0.18,4.0,,,0.00,0,0.00,0,0.00,0,,,,0.083,0.417,C,3,3,0.20,0.37,20:13
若松,12R,1,3783,瓜生正義,福岡,A1,6.82,8.29,0.52,31,0.25,15,0.08,5,0.16,4.0,,,0.12,7,0.19,11,0.08,5,,,,0.387,0.355,C,3,3,0.07,0.28,20:41
若松,12R,2,4504,前田将太,福岡,A1,6.15,7.62,0.12,7,0.26,15,0.21,12,0.17,3.5,,,0.05,3,0.07,4,0.00,,,,,0.25,0.269,C,3,4,0.19,0.23,20:41
若松,12R,3,4350,篠崎元志,福岡,A1,7.76,6.76,0.28,14,0.28,14,0.18,9,0.15,3.3,,,0.04,2,0.16,8,0.04,2,,,,0.373,0.322,C,3,3,0.22,0.15,20:41
若松,12R,4,4566,塩田北斗,福岡,A1,6.34,7.23,0.12,6,0.15,8,0.19,10,0.13,2.8,,,0.00,0,0.06,3,0.06,3,,,,0.367,0.306,A,5,4,0.31,0.04,20:41
若松,12R,5,4287,今井貴士,福岡,A1,5.55,6.36,0.04,2,0.16,7,0.24,11,0.16,3.2,,,0.00,0,0.00,0,0.04,2,,,,0.298,0.362,C,3,4,0.23,0.09,20:41
若松,12R,6,4545,岡村慶太,福岡,A1,7.13,7.60,0.05,3,0.14,8,0.34,19,0.15,3.1,,,0.02,1,0.00,0,0.02,1,,,,0.357,0.357,B,4,4,0.26,0.12,20:41
下関,01R,1,4158,木場雄二郎,山口,B1,5.06,5.25,0.63,25,0.10,4,0.10,4,0.15,2.9,-,-,0.15,6,0.15,6,0.08,3,3,-,,0.28,0.28,C,3,4,0.32,0.16,15:20
下関,01R,2,4271,川崎公靖,広島,B1,4.39,4.33,0.04,2,0.23,11,0.13,6,0.18,3.3,-,-,0.02,1,0.02,1,0.00,,3,-,,0.3,0.5,C,4,3,0.17,0.11,15:20
下関,01R,3,4724,吉田祐貴,佐賀,B2,3.22,3.95,0.03,1,0.06,2,0.26,8,0.18,3.6,-,-,0.00,0,0.00,0,0.00,0,3,B+,F,0.333,0,C,3,3,0.29,0.24,15:20
下関,01R,4,3471,赤峰和也,佐賀,B1,3.90,3.71,0.02,1,0.12,5,0.05,2,0.18,3.3,-,-,0.00,0,0.00,0,0.00,0,3,A,,0.2,0.5,C,3,3,0.19,0.16,15:20
下関,01R,5,5391,出穂和鼓,山口,B2,1.82,1.72,0.00,0,0.00,0,0.00,0,0.19,3.5,-,-,0.00,0,0.00,0,0.00,0,4,B+,F,0,0,D,2,2,0.00,0.00,15:20
下関,01R,6,5231,寺田空詩,山口,A2,4.34,5.23,0.02,1,0.05,2,0.07,3,0.19,4.4,-,-,0.00,0,0.00,0,0.00,0,3,A+,F,0.625,0.312,C,3,3,0.05,0.35,15:20
下関,02R,1,3901,松田憲幸,山口,B1,4.02,4.79,0.52,11,0.14,3,0.05,1,0.20,4.1,-,-,0.15,3,0.20,4,0.10,2,3,B+,,0.545,0.273,C,3,3,0.06,0.33,15:46
下関,02R,2,5336,瀬川大地,山口,B1,3.03,2.00,0.00,0,0.00,0,0.13,3,0.18,3.5,-,-,0.00,0,0.00,0,0.00,,3,A,,0,0,D,3,2,0.08,0.17,15:46
下関,02R,3,4425,大井清貴,山口,B1,4.44,4.76,0.02,1,0.27,12,0.30,13,0.17,2.8,-,-,0.00,0,0.00,0,0.00,0,3,B+,F,0.353,0.471,C,4,2,0.24,0.08,15:46
下関,02R,4,5123,福山恵里奈,山口,B1,4.23,3.70,0.02,1,0.06,3,0.16,8,0.17,3.5,-,-,0.00,0,0.00,0,0.02,1,3,B+,,0.375,0.312,D,2,2,0.06,0.17,15:46
下関,02R,5,5067,山田真聖,山口,B1,5.04,4.41,0.04,2,0.06,3,0.18,9,0.16,3.3,-,-,0.00,0,0.02,1,0.02,1,3,-,,0.421,0.158,C,3,4,0.11,0.09,15:46
下関,02R,6,4567,上村慎太郎,山口,B1,4.04,4.01,0.00,0,0.05,1,0.05,1,0.28,5.8,-,-,0.00,0,0.00,0,0.00,0,4,B+,,0.5,0.167,D,3,2,0.00,0.82,15:46
下関,03R,1,4846,佐藤駿介,山口,B1,3.94,4.37,0.19,6,0.19,6,0.32,10,0.15,2.9,-,-,0.14,4,0.34,10,0.24,7,2,B+,,0.667,0,D,2,3,0.38,0.05,16:10
下関,03R,2,5026,安河内健,佐賀,A1,6.24,6.67,0.20,11,0.18,10,0.29,16,0.15,3.3,-,-,0.15,8,0.02,1,0.00,,3,-,F,0.383,0.217,B,4,4,0.14,0.16,16:10
下関,03R,3,4009,小林一樹,山口,A2,5.53,6.03,0.09,4,0.21,10,0.34,16,0.12,2.6,-,-,0.02,1,0.06,3,0.00,0,3,C,,0.171,0.537,C,3,3,0.25,0.05,16:10
下関,03R,4,5106,山崎祥,山口,B1,5.49,5.35,0.12,5,0.14,6,0.24,10,0.19,4.6,-,-,0.02,1,0.05,2,0.02,1,4,-,,0.444,0.167,C,4,3,0.06,0.43,16:10
下関,03R,5,5387,戸田海咲音,山口,B2,1.62,1.42,0.00,0,0.01,1,0.00,0,0.19,4.4,-,-,0.00,0,0.00,0,0.00,0,3,-,未消化F,0,0,D,2,3,0.09,0.27,16:10
下関,03R,6,4064,原田篤志,山口,A1,6.53,6.69,0.02,1,0.15,7,0.28,13,0.19,4.0,-,-,0.03,1,0.00,0,0.00,0,4,A+,F,0.355,0.258,C,4,3,0.04,0.17,16:10
下関,04R,1,4323,山田佑樹,岡山,B1,4.97,6.18,0.44,20,0.22,10,0.04,2,0.16,3.0,-,-,0.16,7,0.16,7,0.21,9,2,C,,0.211,0.368,B,4,4,0.33,0.06,16:38
下関,04R,2,3961,谷村一哉,山口,A2,6.38,6.88,0.12,5,0.22,9,0.29,12,0.15,3.2,-,-,0.08,3,0.03,1,0.00,,2,-,,0.389,0.278,A,5,4,0.19,0.07,16:38
下関,04R,3,4521,小池公生,福岡,A1,4.67,5.18,0.17,8,0.11,5,0.30,14,0.18,3.5,-,-,0.00,0,0.11,5,0.07,3,3,B+,F,0.565,0.13,D,3,2,0.17,0.17,16:38
下関,04R,4,4336,松田竜馬,福岡,B1,4.98,4.84,0.06,3,0.14,7,0.20,10,0.15,3.0,-,-,0.02,1,0.02,1,0.00,0,3,-,,0.324,0.297,C,3,3,0.19,0.07,16:38
下関,04R,5,4396,大田直弥,山口,A2,4.94,5.31,0.06,3,0.06,3,0.22,11,0.20,4.4,-,-,0.00,0,0.00,0,0.06,3,3,A,,0.118,0.294,C,4,2,0.00,0.21,16:38
下関,04R,6,4871,菊池宏志,山口,B1,4.51,4.47,0.05,2,0.03,1,0.15,6,0.17,4.1,-,-,0.00,0,0.03,1,0.00,0,3,-,,0.467,0.4,B,4,4,0.13,0.30,16:38
下関,05R,1,4017,向井美鈴,山口,A2,5.41,5.45,0.68,39,0.16,9,0.07,4,0.17,2.6,-,-,0.14,8,0.12,7,0.04,2,2,C,,0.125,0.3,C,4,3,0.32,0.11,17:06
下関,05R,2,4980,佐々木完太,山口,A1,7.15,7.33,0.25,13,0.29,15,0.19,10,0.15,3.1,-,-,0.22,11,0.00,0,0.00,,3,A,,0.25,0.173,B,5,3,0.17,0.10,17:06
下関,05R,3,4014,片岡恵里,山口,A2,5.63,5.02,0.10,5,0.32,16,0.24,12,0.17,3.4,-,-,0.00,0,0.09,5,0.02,1,3,A+,,0.394,0.364,C,3,4,0.15,0.13,17:06
下関,05R,4,5375,庄島潤成,山口,B2,2.56,1.55,0.00,0,0.05,2,0.08,3,0.18,4.5,-,-,0.00,0,0.00,0,0.00,0,3,B+,,0,0,D,3,2,0.13,0.50,17:06
下関,05R,5,4041,小林基樹,山口,B2,4.17,5.00,0.00,0,0.08,3,0.10,4,0.23,5.2,-,-,0.00,0,0.00,0,0.00,0,3,-,,0.25,0.125,B,4,4,0.00,0.42,17:06
下関,05R,6,5397,寺田夢生,山口,B2,1.37,1.33,0.00,0,0.00,0,0.01,1,0.19,3.9,-,-,0.00,0,0.00,0,0.00,0,3,-,,0,0,C,3,4,0.19,0.34,17:06
下関,06R,1,4271,川崎公靖,広島,B1,4.39,4.33,0.28,10,0.28,10,0.11,4,0.15,2.8,-,-,0.28,10,0.14,5,0.28,10,3,-,,0.3,0.5,C,4,3,0.47,0.17,17:31
下関,06R,2,3878,胡本悟志,山口,B1,4.44,4.27,0.06,3,0.13,6,0.25,12,0.16,3.1,-,-,0.04,2,0.02,1,0.00,,3,-,,0.167,0.333,C,3,3,0.29,0.14,17:31
下関,06R,3,3574,大神康司,福岡,A2,6.22,5.71,0.14,6,0.23,10,0.09,4,0.15,2.7,-,-,0.02,1,0.02,1,0.05,3,3,B+,,0.389,0.167,C,3,4,0.31,0.13,17:31
下関,06R,4,4264,長尾章平,山口,A1,6.90,6.74,0.15,11,0.25,18,0.28,20,0.16,3.1,-,-,0.04,3,0.09,7,0.04,3,4,-,,0.429,0.271,A,5,4,0.19,0.05,17:31
下関,06R,5,5336,瀬川大地,山口,B1,3.03,2.00,0.02,1,0.04,2,0.06,3,0.19,4.0,-,-,0.00,0,0.00,0,0.02,1,3,A,,0,0,D,3,2,0.03,0.20,17:31
下関,06R,6,4000,松本博昭,広島,A2,6.16,5.80,0.02,1,0.11,7,0.20,12,0.19,4.0,-,-,0.00,0,0.00,0,0.02,1,3,-,,0.354,0.271,B,4,4,0.10,0.32,17:31
下関,07R,1,5058,前原大道,岡山,A1,7.32,6.73,0.86,60,0.04,3,0.04,3,0.14,2.6,-,-,0.00,0,0.06,4,0.06,4,3,-,F,0.281,0.281,C,3,4,0.44,0.12,17:58
下関,07R,2,3471,赤峰和也,佐賀,B1,3.90,3.71,0.07,3,0.21,9,0.14,6,0.19,3.8,-,-,0.05,2,0.02,1,0.00,,3,A,,0.2,0.5,C,3,3,0.17,0.20,17:58
下関,07R,3,3473,石川真二,福岡,A1,6.33,6.35,0.27,13,0.24,12,0.18,9,0.18,2.9,-,-,0.00,0,0.00,0,0.00,0,3,B+,F,0.34,0.17,C,4,2,0.07,0.13,17:58
下関,07R,4,4703,森永隆,山口,A2,6.34,6.30,0.11,5,0.27,12,0.16,7,0.14,3.2,-,-,0.06,3,0.04,2,0.04,2,3,A,F,0.348,0.283,B,4,4,0.16,0.09,17:58
下関,07R,5,5123,福山恵里奈,山口,B1,4.23,3.70,0.00,0,0.04,2,0.11,5,0.15,3.1,-,-,0.00,0,0.00,0,0.00,0,3,B+,,0.375,0.312,D,2,2,0.15,0.03,17:58
下関,07R,6,5406,小畑楓夏,山口,B2,1.38,1.57,0.00,0,0.00,0,0.02,2,0.22,4.7,-,-,0.00,0,0.00,0,0.00,0,3,-,,0,0,C,2,4,0.10,0.49,17:58
下関,08R,1,4950,高岡竜也,山口,A2,6.67,5.66,0.71,39,0.07,4,0.09,5,0.16,3.7,-,-,0.00,0,0.15,8,0.13,7,3,A,,0.432,0.216,B,4,4,0.05,0.14,18:28
下関,08R,2,4567,上村慎太郎,山口,B1,4.04,4.01,0.03,1,0.23,9,0.13,5,0.21,4.2,-,-,0.00,0,0.03,1,0.00,,4,B+,,0.5,0.167,D,3,2,0.08,0.19,18:28
下関,08R,3,4336,松田竜馬,福岡,B1,4.98,4.84,0.04,2,0.27,15,0.23,13,0.14,2.7,-,-,0.02,1,0.02,1,0.00,0,3,-,,0.324,0.297,C,3,3,0.19,0.02,18:28
下関,08R,4,4361,柳生泰二,山口,A1,7.02,7.87,0.29,12,0.21,9,0.21,9,0.14,2.7,-,-,0.00,0,0.14,7,0.06,3,3,B+,,0.389,0.259,B,4,4,0.18,0.05,18:28
下関,08R,5,5027,重冨勇哉,山口,B1,4.93,5.22,0.08,4,0.08,4,0.20,10,0.18,3.3,-,-,0.02,1,0.04,2,0.00,0,3,B+,未消化F,0.5,0.286,C,3,3,0.28,0.18,18:28
下関,08R,6,5387,戸田海咲音,山口,B2,1.62,1.42,0.00,0,0.00,0,0.01,1,0.20,4.3,-,-,0.00,0,0.00,0,0.00,0,3,-,未消化F,0,0,D,2,3,0.12,0.41,18:28
下関,09R,1,4396,大田直弥,山口,A2,4.94,5.31,0.33,16,0.29,14,0.19,9,0.21,4.0,-,-,0.23,11,0.29,14,0.08,4,3,A,,0.118,0.294,C,4,2,0.03,0.23,18:58
下関,09R,2,3224,栗山繁洋,佐賀,B1,3.80,5.00,0.02,1,0.13,7,0.17,9,0.20,4.3,-,-,0.00,0,0.00,0,0.00,,2,C,,0.143,0.286,C,3,3,0.03,0.19,18:58
下関,09R,3,5124,上瀧絢也,佐賀,B2,4.12,0.00,0.10,3,0.10,3,0.27,8,0.15,3.1,-,-,0.00,0,0.03,1,0.07,2,4,-,,0,0.143,C,4,3,0.27,0.04,18:58
下関,09R,4,5145,島川海輝,山口,A2,5.82,5.85,0.13,6,0.13,6,0.21,10,0.14,2.8,-,-,0.02,1,0.09,4,0.02,1,3,B+,,0.431,0.157,B,5,3,0.29,0.05,18:58
下関,09R,5,4846,佐藤駿介,山口,B1,3.94,4.37,0.00,0,0.11,5,0.16,7,0.19,3.6,-,-,0.00,0,0.00,0,0.00,0,2,B+,,0.667,0,D,2,3,0.08,0.14,18:58
下関,09R,6,4014,片岡恵里,山口,A2,5.63,5.02,0.00,0,0.17,7,0.12,5,0.19,3.7,-,-,0.00,0,0.00,0,0.00,0,3,A+,,0.394,0.364,C,3,4,0.19,0.29,18:58
下関,10R,1,4822,百武翔,佐賀,A2,5.66,5.61,0.66,44,0.22,15,0.03,2,0.12,2.4,-,-,0.11,7,0.14,9,0.11,7,3,A,未消化F,0.326,0.349,C,4,3,0.34,0.02,19:36
下関,10R,2,4000,松本博昭,広島,A2,6.16,5.80,0.15,8,0.31,17,0.27,15,0.17,3.6,-,-,0.08,4,0.04,2,0.00,,3,-,,0.354,0.271,B,4,4,0.11,0.11,19:36
下関,10R,3,5231,寺田空詩,山口,A2,4.34,5.23,0.13,5,0.08,3,0.28,11,0.17,3.4,-,-,0.00,0,0.03,1,0.05,2,3,A+,F,0.625,0.312,C,3,3,0.20,0.10,19:36
下関,10R,4,4263,武重雄介,山口,A2,4.67,5.62,0.02,1,0.24,12,0.24,12,0.16,2.9,-,-,0.00,0,0.04,2,0.02,1,3,B+,,0.341,0.114,C,3,4,0.23,0.02,19:36
下関,10R,5,3901,松田憲幸,山口,B1,4.02,4.79,0.04,1,0.04,1,0.14,4,0.22,4.7,-,-,0.00,0,0.00,0,0.03,1,3,B+,,0.545,0.273,C,3,3,0.00,0.22,19:36
下関,10R,6,5106,山崎祥,山口,B1,5.49,5.35,0.00,0,0.10,4,0.05,2,0.22,4.8,-,-,0.00,0,0.00,0,0.00,0,4,-,,0.444,0.167,C,4,3,0.13,0.50,19:36
下関,11R,1,3961,谷村一哉,山口,A2,6.38,6.88,0.71,37,0.13,7,0.04,2,0.17,3.1,-,-,0.08,4,0.08,4,0.10,5,2,-,,0.389,0.278,A,5,4,0.29,0.14,20:08
下関,11R,2,3473,石川真二,福岡,A1,6.33,6.35,0.21,15,0.20,14,0.14,10,0.15,3.1,-,-,0.10,20,0.03,5,0.00,,3,B+,F,0.34,0.17,C,4,2,0.14,0.11,20:08
下関,11R,3,4017,向井美鈴,山口,A2,5.41,5.45,0.12,6,0.17,9,0.21,11,0.18,3.3,-,-,0.04,2,0.04,2,0.02,1,2,C,,0.125,0.3,C,4,3,0.13,0.08,20:08
下関,11R,4,4158,木場雄二郎,山口,B1,5.06,5.25,0.10,5,0.10,5,0.10,5,0.17,3.8,-,-,0.00,0,0.11,5,0.00,0,3,-,,0.28,0.28,C,3,4,0.18,0.21,20:08
下関,11R,5,4009,小林一樹,山口,A2,5.53,6.03,0.03,1,0.08,3,0.19,7,0.13,2.6,-,-,0.00,0,0.03,1,0.00,0,3,C,,0.171,0.537,C,3,3,0.31,0.00,20:08
下関,11R,6,5067,山田真聖,山口,B1,5.04,4.41,0.03,1,0.06,2,0.15,5,0.19,4.1,-,-,0.00,0,0.00,0,0.03,1,3,-,,0.421,0.158,C,3,4,0.07,0.17,20:08
下関,12R,1,4361,柳生泰二,山口,A1,7.02,7.87,0.77,54,0.11,8,0.06,4,0.14,2.9,-,-,0.09,6,0.04,3,0.07,5,3,B+,,0.389,0.259,B,4,4,0.35,0.14,20:36
下関,12R,2,3574,大神康司,福岡,A2,6.22,5.71,0.21,10,0.26,12,0.17,8,0.16,3.0,-,-,0.10,14,0.06,8,0.00,,3,B+,,0.389,0.167,C,3,4,0.21,0.08,20:36
下関,12R,3,4980,佐々木完太,山口,A1,7.15,7.33,0.16,7,0.28,12,0.21,9,0.14,3.0,-,-,0.02,1,0.02,1,0.08,4,3,A,,0.25,0.173,B,5,3,0.24,0.08,20:36
下関,12R,4,4521,小池公生,福岡,A1,4.67,5.18,0.10,4,0.15,6,0.32,13,0.17,3.5,-,-,0.00,0,0.08,3,0.03,1,3,B+,F,0.565,0.13,D,3,2,0.13,0.16,20:36
下関,12R,5,4703,森永隆,山口,A2,6.34,6.30,0.02,1,0.19,8,0.19,8,0.15,2.8,-,-,0.00,0,0.00,0,0.04,2,3,A,F,0.348,0.283,B,4,4,0.26,0.03,20:36
下関,12R,6,5026,安河内健,佐賀,A1,6.24,6.67,0.03,2,0.13,8,0.18,11,0.17,3.3,-,-,0.00,0,0.00,0,0.02,1,3,-,F,0.383,0.217,B,4,4,0.18,0.14,20:36
徳山,01R,1,4817,渡邉翼,山口,A2,6.46,5.79,0.71,37,0.12,6,0.06,3,0.14,2.3,0.15,3.0,0.04,2,0.09,5,0.13,7,3,C,,0.432,0.27,B,4,4,0.48,0.00,08:40
徳山,01R,2,3866,木山誠一,岡山,B1,5.16,3.72,0.15,5,0.18,6,0.18,6,0.12,2.3,0.15,2.3,0.10,3,0.00,0,0.00,,2.6,B+,,0.143,0.143,D,3,2,0.25,0.05,08:40
徳山,01R,3,3661,柳瀬興志,山口,B1,5.63,5.49,0.06,3,0.17,9,0.29,15,0.17,3.3,0.19,4.0,0.00,0,0.02,1,0.04,2,2.7,-,,0.318,0.273,C,3,3,0.12,0.07,08:40
徳山,01R,4,3875,廣中良一,山口,B1,4.13,4.76,0.04,2,0.16,8,0.12,6,0.16,3.2,0.17,4.0,0.00,0,0.04,2,0.00,0,2.4,S,,0.263,0.316,C,3,3,0.10,0.05,08:40
徳山,01R,5,5041,荒牧凪沙,福岡,B1,4.78,3.62,0.02,1,0.09,4,0.19,8,0.16,3.2,0.18,3.3,0.00,0,0.07,3,0.02,1,3.4,C,F,0.333,0.167,B,4,4,0.19,0.11,08:40
徳山,01R,6,5403,藤山湧太,徳島,B2,1.99,0.00,0.00,0,0.02,2,0.02,2,0.20,4.4,0.18,4.0,0.00,0,0.00,0,0.00,0,2.3,-,F,0,0,D,2,3,0.08,0.36,08:40
徳山,02R,1,3711,江本真治,山口,A2,6.05,6.34,0.62,49,0.15,12,0.13,10,0.15,2.7,0.15,3.2,0.12,10,0.11,9,0.12,10,3,C,,0.3,0.3,B,4,4,0.34,0.06,09:06
徳山,02R,2,4319,三宅潤,大阪,A2,5.73,5.21,0.13,8,0.37,23,0.23,14,0.16,3.7,0.14,2.6,0.09,5,0.02,1,0.00,,2.8,-,F,0.184,0.316,C,4,3,0.10,0.08,09:06
徳山,02R,3,5109,川崎智稔,岡山,B1,5.01,4.88,0.12,7,0.19,11,0.25,14,0.14,2.8,0.17,3.3,0.00,0,0.07,4,0.04,2,2.8,C,,0.308,0.308,#N/A!,#N/A!,#N/A!,0.21,0.02,09:06
徳山,02R,4,5172,田村慶,徳島,B1,4.99,3.31,0.05,2,0.15,6,0.21,8,0.19,4.1,0.18,4.3,0.00,0,0.07,3,0.02,1,2.3,-,F,0.292,0.333,D,3,2,0.12,0.29,09:06
徳山,02R,5,4368,山口隆史,福岡,B1,3.72,3.97,0.00,0,0.08,4,0.22,11,0.20,4.0,0.15,1.3,0.00,0,0.00,0,0.00,0,3.3,-,,0.25,0.333,C,3,3,0.11,0.22,09:06
徳山,02R,6,4601,森野正弘,山口,A2,6.59,6.70,0.05,3,0.09,5,0.22,12,0.14,3.1,0.08,1.0,0.00,0,0.00,0,0.02,1,4,B+,,0.42,0.12,A,5,5,0.29,0.12,09:06
徳山,03R,1,4015,前野竜一,山口,A2,6.03,6.48,0.58,31,0.17,9,0.11,6,0.17,3.1,0.12,2.2,0.06,3,0.28,15,0.07,4,3,A,,0.29,0.387,B,4,4,0.29,0.16,09:32
徳山,03R,2,4562,阪本勇介,岡山,B1,4.30,5.71,0.04,2,0.08,4,0.19,10,0.20,4.5,0.19,5.0,0.02,1,0.02,1,0.00,,2,B+,,0.222,0.333,C,3,3,0.00,0.24,09:32
徳山,03R,3,3458,東健介,岡山,B1,4.31,5.25,0.05,2,0.21,9,0.17,7,0.14,2.7,0.13,2.0,0.00,0,0.00,0,0.05,2,4,S,F,0.125,0.25,C,3,4,0.24,0.03,09:32
徳山,03R,4,4485,楠原正剛,福岡,A2,5.30,0.00,0.19,10,0.20,11,0.15,8,0.15,3.1,0.16,3.5,0.03,2,0.05,3,0.09,5,3.2,C,F,0.28,0.16,#N/A!,#N/A!,#N/A!,0.24,0.07,09:32
徳山,03R,5,4710,福田宗平,大阪,A1,5.71,6.00,0.04,2,0.27,13,0.31,15,0.15,2.7,0.12,3.3,0.00,0,0.00,0,0.04,2,3.4,A+,,0.314,0.235,C,4,3,0.21,0.00,09:32
徳山,03R,6,4108,吉村正明,山口,B1,6.31,6.01,0.00,0,0.17,5,0.13,4,0.16,2.5,0.09,2.3,0.00,0,0.00,0,0.00,0,3.4,A+,,0.37,0.259,A,4,5,0.40,0.13,09:32
徳山,04R,1,4237,大峯豊,山口,A1,7.38,7.63,0.75,58,0.12,9,0.06,5,0.17,3.8,0.11,2.6,0.10,8,0.06,5,0.05,4,3,C,,0.375,0.321,B,4,4,0.17,0.28,09:58
徳山,04R,2,5064,品川二千翔,山口,A2,6.27,5.30,0.07,3,0.38,17,0.24,11,0.16,3.1,0.13,3.0,0.02,1,0.02,1,0.00,,3.7,A+,,0.346,0.192,B,4,4,0.19,0.13,09:58
徳山,04R,3,5210,藤井公人,福岡,B2,5.42,4.23,0.12,5,0.19,8,0.30,13,0.14,3.0,,,0.00,0,0.04,2,0.04,2,,,,0.083,0.25,#N/A!,#N/A!,#N/A!,0.15,0.06,09:58
徳山,04R,4,3587,武田信一,徳島,B1,3.99,4.03,0.08,3,0.03,1,0.28,11,0.15,3.3,0.18,4.6,0.03,1,0.05,2,0.00,0,2,-,,0.455,0.091,D,3,2,0.20,0.13,09:58
徳山,04R,5,5000,岡本翔太郎,山口,B1,4.48,5.03,0.02,1,0.02,1,0.15,7,0.14,2.8,0.06,1.3,0.00,0,0.00,0,0.02,1,3.7,S,,0.294,0.294,C,3,4,0.28,0.00,09:58
徳山,04R,6,5423,高橋嗣穏,徳島,B2,1.09,0.00,0.00,0,0.00,0,0.00,0,0.22,5.0,,,0.00,0,0.00,0,0.00,0,,,,0,0,#N/A!,#N/A!,#N/A!,0.00,0.57,09:58
徳山,05R,1,4475,末永祐輝,山口,A2,6.44,6.16,0.69,45,0.14,9,0.05,3,0.15,2.1,0.14,2.3,0.08,5,0.10,6,0.10,6,3.8,B+,,0.432,0.273,A,4,5,0.49,0.00,10:25
徳山,05R,2,5041,荒牧凪沙,福岡,B1,4.78,3.62,0.10,4,0.15,6,0.33,13,0.17,3.0,0.18,3.3,0.05,2,0.05,2,0.00,,3.4,C,F,0.333,0.167,B,4,4,0.23,0.11,10:25
徳山,05R,3,5238,笹木香吾,山口,A2,5.72,4.77,0.16,9,0.20,11,0.21,12,0.15,2.9,0.16,4.5,0.00,0,0.09,5,0.04,2,2.3,C,F,0.333,0.25,C,3,3,0.32,0.14,10:25
徳山,05R,4,3951,石川吉鎬,大阪,A2,5.22,5.40,0.12,6,0.16,8,0.24,12,0.18,3.5,0.26,5.3,0.00,0,0.06,3,0.04,2,2.4,-,F,0.581,0.161,C,3,3,0.13,0.18,10:25
徳山,05R,5,4069,山本修一,岡山,A1,6.16,7.26,0.02,1,0.17,8,0.26,12,0.20,4.5,0.17,4.2,0.00,0,0.00,0,0.02,1,2.6,C,,0.324,0.412,C,3,3,0.03,0.24,10:25
徳山,05R,6,4251,川崎誠志,山口,B1,4.64,4.74,0.02,1,0.04,2,0.13,6,0.23,5.3,0.26,5.3,0.00,0,0.00,0,0.00,0,3,-,,0.562,0.062,C,3,3,0.00,0.63,10:25
徳山,06R,1,3804,中渡修作,福岡,B1,4.95,4.06,0.29,9,0.19,6,0.10,3,0.16,3.2,0.15,2.6,0.19,6,0.23,7,0.23,7,2.3,-,,0.444,0.222,D,2,2,0.26,0.13,10:55
徳山,06R,2,4406,幸野史明,福岡,B1,4.02,2.67,0.12,6,0.20,10,0.18,9,0.18,3.7,0.13,2.6,0.00,0,0.12,5,0.00,,3.2,C,,0.154,0.231,C,3,3,0.05,0.16,10:55
徳山,06R,3,4985,井本昌也,山口,A1,6.64,6.31,0.25,14,0.33,19,0.18,10,0.13,2.5,0.10,3.5,0.00,0,0.08,5,0.15,9,2.6,B+,,0.317,0.267,A,5,4,0.33,0.06,10:55
徳山,06R,4,3684,清水攻二,山口,A2,5.66,6.04,0.11,6,0.36,19,0.15,8,0.16,3.5,0.14,3.7,0.02,1,0.04,2,0.04,2,2.6,C,F,0.281,0.219,D,3,2,0.12,0.07,10:55
徳山,06R,5,3581,加木郁,山口,B1,4.37,4.94,0.02,1,0.09,4,0.20,9,0.19,3.4,0.17,4.0,0.00,0,0.02,1,0.00,0,3,A+,,0.333,0.333,C,3,3,0.15,0.07,10:55
徳山,06R,6,4319,三宅潤,大阪,A2,5.73,5.21,0.00,0,0.17,8,0.11,5,0.22,5.2,0.14,2.6,0.00,0,0.00,0,0.00,0,2.8,-,F,0.184,0.316,C,4,3,0.03,0.55,10:55
徳山,07R,1,4890,石川諒,山口,B1,5.92,5.67,0.59,29,0.14,7,0.12,6,0.14,2.5,0.18,4.5,0.06,3,0.19,9,0.17,8,3.4,B+,,0.107,0.571,B,4,4,0.45,0.05,11:27
徳山,07R,2,3976,内田圭,山口,B1,3.88,5.10,0.07,3,0.20,8,0.07,3,0.17,3.7,0.14,3.0,0.05,2,0.03,1,0.00,,2.3,-,,0.5,0.25,C,3,4,0.10,0.21,11:27
徳山,07R,3,4226,村田浩司,山口,B1,4.53,4.78,0.11,6,0.19,10,0.19,10,0.16,2.7,0.15,3.7,0.00,0,0.02,1,0.06,3,2,A,,0.25,0.438,C,3,4,0.28,0.07,11:27
徳山,07R,4,3661,柳瀬興志,山口,B1,5.63,5.49,0.06,3,0.12,6,0.31,16,0.16,3.4,0.19,4.0,0.02,1,0.02,1,0.04,2,2.7,-,,0.318,0.273,C,3,3,0.04,0.13,11:27
徳山,07R,5,5403,藤山湧太,徳島,B2,1.99,0.00,0.00,0,0.00,0,0.02,1,0.17,3.0,0.18,4.0,0.00,0,0.00,0,0.00,0,2.3,-,F,0,0,D,2,3,0.00,0.00,11:27
徳山,07R,6,4179,広次修,山口,B1,5.83,5.64,0.00,0,0.11,5,0.18,8,0.19,4.6,0.13,2.6,0.00,0,0.00,0,0.00,0,3,-,,0.424,0.273,C,3,4,0.09,0.46,11:27
徳山,08R,1,5083,柳瀬幹太,山口,B1,4.58,4.76,0.42,14,0.21,7,0.09,3,0.17,3.5,0.15,4.0,0.06,2,0.30,10,0.15,5,3.4,B+,F,0.357,0.286,B,4,4,0.19,0.15,11:58
徳山,08R,2,3875,廣中良一,山口,B1,4.13,4.76,0.07,3,0.26,11,0.12,5,0.18,3.7,0.17,4.0,0.07,3,0.02,1,0.00,,2.4,S,,0.263,0.316,C,3,3,0.13,0.10,11:58
徳山,08R,3,4485,楠原正剛,福岡,A2,5.30,0.00,0.13,7,0.23,12,0.28,15,0.14,2.7,0.16,3.5,0.02,1,0.07,4,0.02,1,3.2,C,F,0.28,0.16,#N/A!,#N/A!,#N/A!,0.37,0.05,11:58
徳山,08R,4,5210,藤井公人,福岡,B2,5.42,4.23,0.02,1,0.16,7,0.30,13,0.17,3.2,,,0.02,1,0.02,1,0.00,0,,,,0.083,0.25,#N/A!,#N/A!,#N/A!,0.13,0.07,11:58
徳山,08R,5,5172,田村慶,徳島,B1,4.99,3.31,0.05,2,0.10,4,0.25,10,0.17,3.6,0.18,4.3,0.00,0,0.02,1,0.02,1,2.3,-,F,0.292,0.333,D,3,2,0.14,0.14,11:58
徳山,08R,6,4324,海野康志郎,山口,A1,7.29,6.44,0.21,12,0.27,15,0.16,9,0.13,3.3,0.15,2.3,0.00,0,0.00,0,0.13,2,3,S,,0.452,0.219,C,4,3,0.00,0.09,11:58
徳山,09R,1,5238,笹木香吾,山口,A2,5.72,4.77,0.53,25,0.23,11,0.11,5,0.16,3.0,0.16,4.5,0.20,9,0.07,3,0.15,7,2.3,C,F,0.333,0.25,C,3,3,0.28,0.16,12:29
徳山,09R,2,4138,中井俊祐,大阪,B1,4.39,5.32,0.05,2,0.20,9,0.20,9,0.17,3.9,0.13,2.6,0.05,2,0.00,0,0.00,,2,-,,0.385,0.154,C,4,3,0.03,0.19,12:29
徳山,09R,3,4562,阪本勇介,岡山,B1,4.30,5.71,0.00,0,0.19,10,0.19,10,0.19,4.0,0.19,5.0,0.00,0,0.00,0,0.00,0,2,B+,,0.222,0.333,C,3,3,0.05,0.21,12:29
徳山,09R,4,3866,木山誠一,岡山,B1,5.16,3.72,0.00,0,0.07,2,0.07,2,0.11,2.4,0.15,2.3,0.00,0,0.04,1,0.00,0,2.6,B+,,0.143,0.143,D,3,2,0.50,0.13,12:29
徳山,09R,5,5423,高橋嗣穏,徳島,B2,1.09,0.00,0.00,0,0.00,0,0.00,0,0.00,0.0,,,0.00,0,0.00,0,0.00,0,,,,0,0,#N/A!,#N/A!,#N/A!,0.00,0.00,12:29
徳山,09R,6,3951,石川吉鎬,大阪,A2,5.22,5.40,0.00,0,0.07,3,0.17,8,0.20,4.4,0.26,5.3,0.00,0,0.00,0,0.00,0,2.4,-,F,0.581,0.161,C,3,3,0.09,0.32,12:29
徳山,10R,1,4108,吉村正明,山口,B1,6.31,6.01,0.75,27,0.08,3,0.06,2,0.15,2.2,0.09,2.3,0.06,2,0.06,2,0.11,4,3.4,A+,,0.37,0.259,A,4,5,0.52,0.07,13:06
徳山,10R,2,4069,山本修一,岡山,A1,6.16,7.26,0.16,7,0.36,16,0.18,8,0.16,3.2,0.17,4.2,0.16,7,0.02,1,0.00,,2.6,C,,0.324,0.412,C,3,3,0.13,0.10,13:06
徳山,10R,3,3684,清水攻二,山口,A2,5.66,6.04,0.08,4,0.22,11,0.22,11,0.16,3.3,0.14,3.7,0.02,1,0.02,1,0.02,1,2.6,C,F,0.281,0.219,D,3,2,0.20,0.10,13:06
徳山,10R,4,4985,井本昌也,山口,A1,6.64,6.31,0.11,6,0.17,9,0.21,11,0.15,2.9,0.10,3.5,0.00,0,0.07,4,0.04,2,2.6,B+,,0.317,0.267,A,5,4,0.21,0.02,13:06
徳山,10R,5,5109,川崎智稔,岡山,B1,5.01,4.88,0.07,4,0.11,7,0.18,11,0.14,2.5,0.17,3.3,0.00,0,0.02,1,0.02,1,2.8,C,,0.308,0.308,#N/A!,#N/A!,#N/A!,0.29,0.02,13:06
徳山,10R,6,4475,末永祐輝,山口,A2,6.44,6.16,0.02,1,0.10,5,0.20,10,0.17,3.7,0.14,2.3,0.00,0,0.00,0,0.00,0,3.8,B+,,0.432,0.273,A,4,5,0.22,0.33,13:06
徳山,11R,1,4601,森野正弘,山口,A2,6.59,6.70,0.72,52,0.19,14,0.01,1,0.14,2.9,0.08,1.0,0.10,7,0.09,6,0.10,7,4,B+,,0.42,0.12,A,5,5,0.36,0.15,13:41
徳山,11R,2,4710,福田宗平,大阪,A1,5.71,6.00,0.20,10,0.27,14,0.16,8,0.15,3.1,0.12,3.3,0.15,7,0.08,4,0.00,,3.4,A+,,0.314,0.235,C,4,3,0.09,0.09,13:41
徳山,11R,3,5000,岡本翔太郎,山口,B1,4.48,5.03,0.12,6,0.12,6,0.20,10,0.11,2.0,0.06,1.3,0.04,2,0.02,1,0.04,2,3.7,S,,0.294,0.294,C,3,4,0.41,0.02,13:41
徳山,11R,4,4817,渡邉翼,山口,A2,6.46,5.79,0.03,1,0.38,15,0.18,7,0.14,2.9,0.15,3.0,0.00,0,0.03,1,0.00,0,3,C,,0.432,0.27,B,4,4,0.23,0.07,13:41
徳山,11R,5,4237,大峯豊,山口,A1,7.38,7.63,0.11,6,0.21,11,0.13,7,0.17,3.6,0.11,2.6,0.00,0,0.02,1,0.04,2,3,C,,0.375,0.321,B,4,4,0.14,0.07,13:41
徳山,11R,6,3804,中渡修作,福岡,B1,4.95,4.06,0.00,0,0.07,2,0.25,7,0.22,4.8,0.15,2.6,0.00,0,0.00,0,0.00,0,2.3,-,,0.444,0.222,D,2,2,0.04,0.44,13:41
徳山,12R,1,4324,海野康志郎,山口,A1,7.29,6.44,0.80,66,0.09,7,0.07,6,0.13,2.1,0.15,2.3,0.02,2,0.12,11,0.05,5,3,S,,0.452,0.219,C,4,3,0.52,0.03,14:20
徳山,12R,2,4015,前野竜一,山口,A2,6.03,6.48,0.20,10,0.28,14,0.20,10,0.17,3.7,0.12,2.2,0.15,7,0.02,1,0.00,,3,A,,0.29,0.387,B,4,4,0.19,0.27,14:20
徳山,12R,3,3711,江本真治,山口,A2,6.05,6.34,0.14,9,0.19,12,0.27,17,0.14,3.0,0.15,3.2,0.00,0,0.01,1,0.10,7,3,C,,0.3,0.3,B,4,4,0.14,0.05,14:20
徳山,12R,4,5064,品川二千翔,山口,A2,6.27,5.30,0.06,3,0.24,12,0.24,12,0.15,3.0,0.13,3.0,0.02,1,0.04,2,0.02,1,3.7,A+,,0.346,0.192,B,4,4,0.23,0.07,14:20
徳山,12R,5,4406,幸野史明,福岡,B1,4.02,2.67,0.02,1,0.11,6,0.21,12,0.16,3.0,0.13,2.6,0.00,0,0.02,1,0.02,1,3.2,C,,0.154,0.231,C,3,3,0.20,0.08,14:20
徳山,12R,6,5083,柳瀬幹太,山口,B1,4.58,4.76,0.05,2,0.08,3,0.08,3,0.13,3.0,0.15,4.0,0.00,0,0.00,0,0.02,1,3.4,B+,F,0.357,0.286,B,4,4,0.27,0.11,14:20
宮島,01R,1,5243,三馬崇史,広島,A2,4.89,4.61,0.43,23,0.13,7,0.04,2,0.14,3.0,,,0.10,5,0.12,6,0.27,14,,,,0.318,0.273,C,3,3,0.32,0.24,10:45
宮島,01R,2,3797,岩井繁,広島,B1,3.78,4.29,0.04,2,0.16,8,0.12,6,0.20,4.5,,,0.02,1,0.02,1,0.00,,,,,0.5,0.333,B,4,4,0.00,0.29,10:45
宮島,01R,3,3054,北川幸典,広島,B1,4.93,6.03,0.26,10,0.21,8,0.13,5,0.16,2.5,,,0.00,0,0.20,7,0.03,1,,,,0.462,0.385,B,4,4,0.38,0.10,10:45
宮島,01R,4,4429,豊田泰洋,広島,B1,3.60,4.49,0.06,3,0.10,5,0.14,7,0.19,3.4,,,0.02,1,0.02,1,0.02,1,,,,0.2,0.267,C,3,3,0.21,0.19,10:45
宮島,01R,5,4423,坂口貴彦,岡山,B1,4.93,4.24,0.04,2,0.08,4,0.18,9,0.17,3.9,,,0.00,0,0.00,0,0.02,1,,,,0.412,0.294,C,4,2,0.08,0.08,10:45
宮島,01R,6,5431,得山大輝,広島,B2,1.35,1.41,0.00,0,0.00,0,0.00,0,0.17,4.1,,,0.00,0,0.00,0,0.00,0,,,,0,0,B,3,5,0.26,0.47,10:45
宮島,02R,1,4398,船岡洋一郎,広島,A1,6.67,6.43,0.70,51,0.18,13,0.03,2,0.13,2.5,,,0.10,7,0.11,8,0.08,6,,,,0.431,0.333,B,4,4,0.47,0.07,11:12
宮島,02R,2,4835,橋本明,広島,B1,4.98,4.86,0.07,4,0.18,10,0.27,15,0.16,3.0,,,0.08,4,0.00,0,0.00,,,,,0.353,0.176,B,4,4,0.23,0.07,11:12
宮島,02R,3,3411,池上隆行,広島,B1,3.77,4.06,0.04,2,0.11,5,0.13,6,0.17,3.0,,,0.02,1,0.00,0,0.00,0,,,,0.444,0.444,C,3,3,0.26,0.13,11:12
宮島,02R,4,4798,浜先真範,広島,A1,6.38,7.14,0.10,5,0.27,14,0.24,12,0.13,2.5,,,0.00,0,0.02,1,0.06,3,,,,0.273,0.345,D,2,3,0.28,0.08,11:12
宮島,02R,5,4708,半田尚也,広島,B1,4.17,4.87,0.00,0,0.07,3,0.26,11,0.17,3.3,,,0.00,0,0.00,0,0.00,0,,,,0.375,0.25,C,3,3,0.13,0.08,11:12
宮島,02R,6,3930,岸本隆,岡山,B1,5.46,4.53,0.03,1,0.06,2,0.09,3,0.19,3.9,,,0.00,0,0.00,0,0.00,0,,,,0.32,0.36,C,3,4,0.13,0.25,11:12
宮島,03R,1,3212,亀本勇樹,広島,B1,4.54,4.75,0.31,10,0.22,7,0.22,7,0.17,3.1,,,0.39,12,0.16,5,0.13,4,,,,0.444,0.333,D,2,3,0.26,0.22,11:40
宮島,03R,2,4771,下寺秀和,広島,A1,7.13,6.54,0.30,15,0.40,20,0.08,4,0.15,2.8,,,0.22,10,0.07,3,0.00,,,,,0.373,0.237,A,5,4,0.26,0.06,11:40
宮島,03R,3,3719,辻栄蔵,広島,A1,6.89,7.37,0.07,3,0.42,18,0.28,12,0.16,3.5,,,0.00,0,0.02,1,0.02,1,,,,0.415,0.366,B,4,4,0.09,0.12,11:40
宮島,03R,4,4374,永田義紘,広島,B1,4.73,5.06,0.07,3,0.16,7,0.23,10,0.16,2.9,,,0.00,0,0.05,2,0.03,1,,,,0.2,0.333,B,5,3,0.21,0.03,11:40
宮島,03R,5,4683,向井田直弥,広島,B2,4.22,5.05,0.07,2,0.07,2,0.11,3,0.13,2.3,,,0.00,0,0.19,5,0.04,1,,,,0,0.5,C,4,3,0.46,0.04,11:40
宮島,03R,6,4410,井上大輔,岡山,B1,5.33,5.11,0.00,0,0.09,3,0.18,6,0.19,3.8,,,0.00,0,0.00,0,0.00,0,,,,0.562,0.125,B,5,3,0.18,0.25,11:40
宮島,04R,1,4563,齋藤真之,岡山,B1,4.10,4.31,0.56,15,0.15,4,0.07,2,0.11,2.0,,,0.04,1,0.15,4,0.11,3,,,,0.312,0.312,C,3,4,0.43,0.00,12:19
宮島,04R,2,4434,田中辰彦,広島,A1,6.14,6.28,0.33,19,0.22,13,0.16,9,0.16,3.2,,,0.23,12,0.04,2,0.00,,,,,0.312,0.354,C,4,2,0.26,0.19,12:19
宮島,04R,3,4292,麻生慎介,広島,A1,6.33,6.47,0.19,9,0.19,9,0.29,14,0.13,2.7,,,0.02,1,0.00,0,0.16,8,,,,0.211,0.342,C,4,3,0.24,0.04,12:19
宮島,04R,4,4872,山下流心,広島,B1,4.50,5.34,0.06,3,0.15,8,0.23,12,0.18,3.4,,,0.00,0,0.04,2,0.02,1,,,,0.222,0.389,B,4,4,0.09,0.05,12:19
宮島,04R,5,3920,正木聖賢,広島,A2,5.10,5.97,0.05,2,0.11,4,0.16,6,0.20,4.0,,,0.00,0,0.00,0,0.00,0,,,,0.3,0.25,C,3,4,0.33,0.33,12:19
宮島,04R,6,5363,山本凱立,広島,B2,1.31,0.98,0.00,0,0.00,0,0.01,1,0.20,4.2,,,0.00,0,0.00,0,0.00,0,,,,0,0,D,2,3,0.16,0.40,12:19
宮島,05R,1,4682,大上卓人,広島,A1,7.00,7.29,0.75,56,0.08,6,0.08,6,0.13,2.7,,,0.03,2,0.09,7,0.09,7,,,,0.357,0.446,C,3,3,0.32,0.06,12:57
宮島,05R,2,4416,三宅健太,広島,B1,5.26,4.68,0.16,8,0.22,11,0.24,12,0.16,3.8,,,0.11,5,0.02,1,0.00,,,,,0.462,0.077,B,4,4,0.06,0.08,12:57
宮島,05R,3,3436,柏野幸二,岡山,A2,5.75,5.95,0.08,4,0.17,8,0.27,13,0.13,2.4,,,0.00,0,0.04,2,0.00,0,,,,0.355,0.194,C,4,3,0.39,0.05,12:57
宮島,05R,4,3499,市川哲也,広島,A2,6.55,6.65,0.05,3,0.18,10,0.21,12,0.13,2.7,,,0.00,0,0.02,1,0.00,0,,,,0.309,0.309,C,3,3,0.26,0.02,12:57
宮島,05R,5,5343,小林礼央,広島,B1,3.94,3.47,0.01,1,0.13,10,0.21,16,0.18,3.7,,,0.00,0,0.00,0,0.03,1,,,,0,0,C,4,3,0.17,0.04,12:57
宮島,05R,6,4811,向井田佑紀,広島,B1,4.48,5.37,0.00,0,0.05,2,0.15,6,0.18,3.9,,,0.00,0,0.00,0,0.00,0,,,,0.667,0.067,C,3,4,0.09,0.19,12:57
宮島,06R,1,3430,角浜修,広島,B1,3.98,4.67,0.42,15,0.31,11,0.03,1,0.16,3.3,,,0.20,7,0.14,5,0.11,4,,,,0.357,0.286,B,4,4,0.21,0.07,13:27
宮島,06R,2,5222,津田陸翔,広島,A2,6.31,5.66,0.18,11,0.26,16,0.21,13,0.18,3.6,,,0.11,6,0.05,3,0.00,,,,,0.364,0.364,A,5,5,0.07,0.12,13:27
宮島,06R,3,4205,山口剛,広島,A1,7.69,8.21,0.19,10,0.31,17,0.13,7,0.12,2.8,,,0.05,3,0.02,1,0.14,8,,,,0.229,0.417,B,5,3,0.28,0.06,13:27
宮島,06R,4,3797,岩井繁,広島,B1,3.78,4.29,0.00,0,0.09,4,0.21,10,0.21,4.6,,,0.00,0,0.00,0,0.00,0,,,,0.5,0.333,B,4,4,0.03,0.29,13:27
宮島,06R,5,5181,森智哉,岡山,B1,5.12,3.89,0.02,1,0.16,8,0.18,9,0.16,3.6,,,0.00,0,0.00,0,0.02,1,,,,0.318,0.182,C,3,4,0.15,0.10,13:27
宮島,06R,6,5401,谷海夏人,広島,B2,2.67,2.08,0.01,1,0.01,1,0.04,3,0.20,4.0,,,0.00,0,0.01,1,0.01,1,,,,0,0,C,3,4,0.14,0.37,13:27
宮島,07R,1,4600,井内将太郎,広島,A2,6.80,6.94,0.78,52,0.07,5,0.03,2,0.12,2.0,,,0.06,4,0.08,5,0.03,2,,,,0.135,0.308,C,3,4,0.56,0.10,14:10
宮島,07R,2,4423,坂口貴彦,岡山,B1,4.93,4.24,0.10,5,0.29,15,0.22,11,0.18,3.9,,,0.08,4,0.00,0,0.00,,,,,0.412,0.294,C,4,2,0.05,0.17,14:10
宮島,07R,3,4708,半田尚也,広島,B1,4.17,4.87,0.00,0,0.20,10,0.27,13,0.20,3.6,,,0.00,0,0.00,0,0.00,0,,,,0.375,0.25,C,3,3,0.08,0.14,14:10
宮島,07R,4,3737,上平真二,広島,A1,6.91,6.83,0.09,4,0.23,10,0.25,11,0.18,4.1,,,0.00,0,0.00,0,0.04,2,,,,0.317,0.439,B,4,4,0.00,0.13,14:10
宮島,07R,5,5154,村松栄太,広島,B1,4.72,4.20,0.00,0,0.22,12,0.09,5,0.19,3.8,,,0.00,0,0.00,0,0.02,1,,,,0.385,0.308,B,5,3,0.08,0.23,14:10
宮島,07R,6,5372,上岡巧汰,広島,B2,1.91,1.55,0.01,1,0.00,0,0.02,2,0.17,3.7,,,0.01,1,0.00,0,0.00,0,,,,0,0,C,3,4,0.19,0.27,14:10
宮島,08R,1,4886,入海馨,岡山,A1,6.03,6.65,0.77,44,0.07,4,0.04,2,0.14,2.7,,,0.02,1,0.11,6,0.04,2,,,,0.364,0.205,B,4,4,0.37,0.06,14:44
宮島,08R,2,3615,横田茂,広島,B1,4.74,4.95,0.04,2,0.23,12,0.19,10,0.17,3.3,,,0.04,2,0.00,0,0.00,,,,,0.357,0.143,B,4,4,0.05,0.07,14:44
宮島,08R,3,3212,亀本勇樹,広島,B1,4.54,4.75,0.03,1,0.11,4,0.14,5,0.16,3.6,,,0.00,0,0.05,2,0.00,0,,,,0.444,0.333,D,2,3,0.18,0.18,14:44
宮島,08R,4,4471,新田泰章,広島,A1,6.99,6.51,0.11,6,0.31,17,0.31,17,0.15,3.2,,,0.04,2,0.06,3,0.02,1,,,,0.229,0.357,C,4,2,0.18,0.13,14:44
宮島,08R,5,5431,得山大輝,広島,B2,1.35,1.41,0.00,0,0.00,0,0.00,0,0.17,2.5,,,0.00,0,0.00,0,0.00,0,,,,0,0,B,3,5,0.50,0.00,14:44
宮島,08R,6,3411,池上隆行,広島,B1,3.77,4.06,0.00,0,0.00,0,0.03,1,0.23,4.5,,,0.00,0,0.00,0,0.00,0,,,,0.444,0.444,C,3,3,0.07,0.47,14:44
宮島,09R,1,4429,豊田泰洋,広島,B1,3.60,4.49,0.38,15,0.10,4,0.18,7,0.16,2.7,,,0.13,5,0.24,9,0.16,6,,,,0.2,0.267,C,3,3,0.41,0.09,15:10
宮島,09R,2,4991,宗行治哉,広島,A2,6.43,6.02,0.10,5,0.20,10,0.33,17,0.19,4.0,,,0.08,4,0.00,0,0.00,,,,,0.324,0.265,C,2,4,0.05,0.18,15:10
宮島,09R,3,4683,向井田直弥,広島,B2,4.22,5.05,0.19,8,0.19,8,0.19,8,0.13,2.2,,,0.00,0,0.14,5,0.00,0,,,,0,0.5,C,4,3,0.39,0.06,15:10
宮島,09R,4,3930,岸本隆,岡山,B1,5.46,4.53,0.15,7,0.17,8,0.19,9,0.15,2.8,,,0.02,1,0.11,5,0.09,4,,,,0.32,0.36,C,3,4,0.26,0.08,15:10
宮島,09R,5,4302,西野翔太,広島,A2,6.87,6.43,0.08,4,0.27,14,0.14,7,0.14,2.7,,,0.00,0,0.02,1,0.06,3,,,,0.2,0.378,B,5,3,0.30,0.02,15:10
宮島,09R,6,4564,山本景士郎,広島,B1,4.81,5.62,0.00,0,0.03,1,0.12,4,0.20,4.7,,,0.00,0,0.00,0,0.00,0,,,,0.375,0.25,C,4,2,0.00,0.38,15:10
宮島,10R,1,3054,北川幸典,広島,B1,4.93,6.03,0.44,14,0.16,5,0.13,4,0.18,3.9,,,0.19,6,0.29,9,0.10,3,,,,0.462,0.385,B,4,4,0.20,0.28,15:35
宮島,10R,2,4163,山崎裕司,広島,A2,5.73,5.84,0.05,3,0.33,19,0.29,17,0.16,3.7,,,0.05,3,0.03,2,0.00,,,,,0.273,0.318,C,3,3,0.06,0.20,15:35
宮島,10R,3,4374,永田義紘,広島,B1,4.73,5.06,0.06,3,0.13,7,0.20,11,0.17,2.9,,,0.00,0,0.02,1,0.04,2,,,,0.2,0.333,B,5,3,0.20,0.05,15:35
宮島,10R,4,5343,小林礼央,広島,B1,3.94,3.47,0.02,1,0.10,4,0.12,5,0.18,3.5,,,0.00,0,0.03,1,0.00,0,,,,0,0,C,4,3,0.14,0.05,15:35
宮島,10R,5,4292,麻生慎介,広島,A1,6.33,6.47,0.13,6,0.11,5,0.24,11,0.13,2.4,,,0.00,0,0.00,0,0.10,5,,,,0.211,0.342,C,4,3,0.29,0.00,15:35
宮島,10R,6,4835,橋本明,広島,B1,4.98,4.86,0.00,0,0.05,2,0.18,7,0.16,3.7,,,0.00,0,0.00,0,0.00,0,,,,0.353,0.176,B,4,4,0.21,0.24,15:35
宮島,11R,1,4771,下寺秀和,広島,A1,7.13,6.54,0.78,58,0.08,6,0.07,5,0.15,2.7,,,0.11,8,0.03,2,0.05,4,,,,0.373,0.237,A,5,4,0.34,0.07,16:04
宮島,11R,2,4205,山口剛,広島,A1,7.69,8.21,0.20,10,0.30,15,0.18,9,0.13,2.8,,,0.17,9,0.04,2,0.00,,,,,0.229,0.417,B,5,3,0.26,0.07,16:04
宮島,11R,3,4682,大上卓人,広島,A1,7.00,7.29,0.22,13,0.21,12,0.26,15,0.12,3.0,,,0.02,1,0.05,3,0.07,4,,,,0.357,0.446,C,3,3,0.21,0.04,16:04
宮島,11R,4,3920,正木聖賢,広島,A2,5.10,5.97,0.08,4,0.14,7,0.22,11,0.15,3.2,,,0.00,0,0.02,1,0.00,0,,,,0.3,0.25,C,3,4,0.19,0.17,16:04
宮島,11R,5,5243,三馬崇史,広島,A2,4.89,4.61,0.10,5,0.16,8,0.12,6,0.17,3.4,,,0.00,0,0.02,1,0.02,1,,,,0.318,0.273,C,3,3,0.16,0.14,16:04
宮島,11R,6,4798,浜先真範,広島,A1,6.38,7.14,0.07,4,0.05,3,0.28,16,0.16,3.4,,,0.00,0,0.00,0,0.04,2,,,,0.273,0.345,D,2,3,0.14,0.16,16:04
宮島,12R,1,3719,辻栄蔵,広島,A1,6.89,7.37,0.63,43,0.16,11,0.15,10,0.15,3.4,,,0.09,6,0.15,10,0.06,4,,,,0.415,0.366,B,4,4,0.14,0.14,16:41
宮島,12R,2,3499,市川哲也,広島,A2,6.55,6.65,0.22,11,0.33,16,0.20,10,0.14,2.4,,,0.18,9,0.02,1,0.00,,,,,0.309,0.309,C,3,3,0.25,0.02,16:41
宮島,12R,3,4398,船岡洋一郎,広島,A1,6.67,6.43,0.23,11,0.27,13,0.23,11,0.13,2.7,,,0.00,0,0.06,3,0.17,8,,,,0.431,0.333,B,4,4,0.27,0.09,16:41
宮島,12R,4,5222,津田陸翔,広島,A2,6.31,5.66,0.16,7,0.16,7,0.35,15,0.15,3.2,,,0.02,1,0.13,6,0.04,2,,,,0.364,0.364,A,5,5,0.21,0.00,16:41
宮島,12R,5,4600,井内将太郎,広島,A2,6.80,6.94,0.04,2,0.22,11,0.24,12,0.13,2.4,,,0.00,0,0.03,2,0.00,0,,,,0.135,0.308,C,3,4,0.44,0.04,16:41
宮島,12R,6,4434,田中辰彦,広島,A1,6.14,6.28,0.04,2,0.24,11,0.22,10,0.19,4.2,,,0.03,1,0.00,0,0.00,0,,,,0.312,0.354,C,4,2,0.03,0.21,16:41
鳴門,01R,1,5305,伊藤栞,愛知,B1,2.18,0.00,0.05,1,0.10,2,0.05,1,0.21,5.0,-,-,0.10,2,0.50,10,0.20,4,2.2,-,,1,0,D,3,2,0.13,0.69,08:48
鳴門,01R,2,4372,原田佑実,大阪,A2,5.83,4.80,0.19,8,0.26,11,0.19,8,0.18,3.4,-,-,0.15,6,0.03,1,0.00,,3,-,,0.308,0.346,C,4,3,0.15,0.09,08:48
鳴門,01R,3,4878,西岡育未,徳島,B1,4.28,5.14,0.09,3,0.21,7,0.30,10,0.17,3.2,-,-,0.03,1,0.03,1,0.03,1,3,C,,0.25,0.25,C,3,3,0.10,0.00,08:48
鳴門,01R,4,3528,笠野友紀恵,愛知,B1,3.74,4.44,0.05,2,0.08,3,0.22,8,0.17,3.8,-,-,0.03,1,0.03,1,0.00,0,3,-,,0.375,0.125,C,3,4,0.14,0.14,08:48
鳴門,01R,5,5334,樫葉新心,徳島,B1,3.13,2.81,0.02,1,0.00,0,0.05,3,0.19,4.3,-,-,0.00,0,0.00,0,0.02,1,2.7,-,,1,0,D,3,2,0.04,0.28,08:48
鳴門,01R,6,5418,堀内亜海,大阪,B2,1.13,0.00,0.00,0,0.00,0,0.00,0,0.21,4.4,-,-,0.00,0,0.00,0,0.00,0,2.8,A+,,0,0,B,4,4,0.09,0.41,08:48
鳴門,02R,1,4689,豊田結,静岡,A2,4.97,5.95,0.65,30,0.17,8,0.02,1,0.15,2.1,-,-,0.07,3,0.11,5,0.13,6,3.2,B+,,0.267,0.233,B,4,4,0.49,0.06,09:14
鳴門,02R,2,4283,石井裕美,東京,B1,4.01,4.20,0.08,3,0.20,8,0.28,11,0.18,3.4,-,-,0.03,1,0.03,1,0.00,,2.8,B+,未消化F,0,0.333,C,3,3,0.12,0.24,09:14
鳴門,02R,3,3778,安達美帆,埼玉,B1,3.14,6.00,0.03,1,0.19,7,0.08,3,0.21,4.2,-,-,0.00,0,0.03,1,0.00,0,3.4,B+,,0.2,0.2,C,4,3,0.03,0.32,09:14
鳴門,02R,4,3355,橋谷田佳織,東京,B2,2.93,0.00,0.00,0,0.00,0,0.23,3,0.26,5.2,-,-,0.00,0,0.00,0,0.00,0,2.2,-,,0,0,D,3,2,0.00,0.70,09:14
鳴門,02R,5,4924,中北涼,長崎,B1,4.10,2.83,0.00,0,0.10,4,0.28,11,0.19,3.6,-,-,0.00,0,0.00,0,0.00,0,2.8,-,,0.333,0.333,C,4,3,0.18,0.06,09:14
鳴門,02R,6,3932,池田浩美,静岡,B1,4.87,2.78,0.00,0,0.06,2,0.10,3,0.21,4.2,-,-,0.00,0,0.00,0,0.00,0,3,-,,0.357,0.5,C,3,3,0.08,0.29,09:14
鳴門,03R,1,5296,永田楽,愛知,B1,3.03,3.53,0.24,6,0.28,7,0.04,1,0.24,4.0,-,-,0.04,1,0.52,12,0.04,1,3,-,,0,0.2,C,4,3,0.25,0.35,09:40
鳴門,03R,2,3704,本部めぐみ,三重,B1,3.64,3.82,0.08,3,0.03,1,0.16,6,0.22,4.3,-,-,0.06,2,0.03,1,0.00,,3,-,F,0.167,0.5,C,3,3,0.07,0.35,09:40
鳴門,03R,3,4478,櫻本あゆみ,群馬,A2,6.33,0.00,0.19,10,0.08,4,0.27,14,0.15,2.8,-,-,0.02,1,0.12,6,0.08,4,3,C,,0.278,0.417,C,3,3,0.29,0.05,09:40
鳴門,03R,4,5069,山崎小葉音,群馬,B1,4.28,4.41,0.06,2,0.11,4,0.17,6,0.16,2.5,-,-,0.00,0,0.06,2,0.03,1,3,C,,0.3,0.25,B,4,4,0.36,0.00,09:40
鳴門,03R,5,5140,吉田彩乃,静岡,B1,4.72,5.48,0.03,1,0.05,2,0.08,3,0.20,4.2,-,-,0.00,0,0.02,1,0.00,0,3,-,,0.444,0.222,C,4,3,0.03,0.19,09:40
鳴門,03R,6,4534,坂咲友理,大阪,B1,3.83,0.00,0.00,0,0.05,1,0.05,1,0.21,4.6,-,-,0.00,0,0.00,0,0.00,0,3,B+,,0,0,C,4,3,0.00,0.44,09:40
鳴門,04R,1,3900,香川素子,滋賀,A1,6.07,5.92,0.60,30,0.26,13,0.08,4,0.16,3.3,-,-,0.12,6,0.06,3,0.20,10,2.6,S,未消化F,0.345,0.31,C,3,3,0.21,0.13,10:06
鳴門,04R,2,5230,石原凪紗,愛知,B2,4.44,0.00,0.08,2,0.12,3,0.16,4,0.19,3.7,-,-,0.04,1,0.04,1,0.00,,2.4,C,,0.2,0.4,D,3,2,0.13,0.20,10:06
鳴門,04R,3,4680,後藤美翼,東京,B1,5.65,5.50,0.02,1,0.25,11,0.20,9,0.18,3.5,-,-,0.00,0,0.02,1,0.00,0,2.6,B+,,0.231,0.462,C,3,3,0.06,0.03,10:06
鳴門,04R,4,3604,武藤綾子,福岡,B1,4.22,5.11,0.06,2,0.06,2,0.17,6,0.18,3.4,-,-,0.00,0,0.03,1,0.00,0,2.6,C,,0.167,0.25,D,2,2,0.09,0.09,10:06
鳴門,04R,5,4473,藤堂里香,福井,A2,4.95,5.78,0.06,2,0.09,3,0.16,5,0.19,3.7,-,-,0.00,0,0.00,0,0.00,0,3,C,F,0.455,0.273,C,3,3,0.18,0.14,10:06
鳴門,04R,6,3289,高橋淳美,大阪,B1,3.56,3.69,0.00,0,0.00,0,0.11,2,0.27,5.1,-,-,0.00,0,0.00,0,0.00,0,3,A,,0.667,0,C,4,2,0.08,0.62,10:06
鳴門,05R,1,4909,薮内瑞希,岡山,B1,4.91,4.65,0.61,23,0.21,8,0.05,2,0.13,2.3,-,-,0.10,4,0.18,7,0.05,2,3.6,-,,0.375,0.208,C,4,3,0.50,0.03,10:32
鳴門,05R,2,4275,菅野はやか,広島,B2,3.39,3.33,0.00,0,0.09,3,0.31,11,0.20,4.2,-,-,0.00,0,0.00,0,0.00,,3,C,,0.2,0.6,C,3,3,0.00,0.28,10:32
鳴門,05R,3,3470,新田芳美,徳島,B1,5.13,4.83,0.27,12,0.07,3,0.18,8,0.17,2.9,-,-,0.02,1,0.14,6,0.07,3,3,C,,0.222,0.222,C,4,3,0.32,0.06,10:32
鳴門,05R,4,4071,古賀千晶,兵庫,B1,4.35,5.09,0.00,0,0.18,6,0.21,7,0.19,3.3,-,-,0.03,1,0.00,0,0.00,0,2.6,-,,0.286,0.286,D,3,2,0.13,0.04,10:32
鳴門,05R,5,5418,堀内亜海,大阪,B2,1.13,0.00,0.00,0,0.00,0,0.00,0,0.23,5.0,-,-,0.00,0,0.00,0,0.00,0,2.8,A+,,0,0,B,4,4,0.00,0.00,10:32
鳴門,05R,6,4501,樋口由加里,岡山,A2,4.83,5.21,0.04,2,0.06,3,0.14,7,0.16,3.3,-,-,0.00,0,0.00,0,0.04,2,2.6,C,,0.457,0.171,C,3,3,0.23,0.15,10:32
鳴門,06R,1,4045,佐々木裕美,山口,B1,4.32,4.00,0.41,19,0.26,12,0.11,5,0.18,3.5,-,-,0.22,10,0.15,7,0.17,8,3.4,-,,0.211,0.211,C,3,3,0.14,0.11,11:02
鳴門,06R,2,5151,山下奈緒,大阪,B1,4.38,4.48,0.06,3,0.18,9,0.14,7,0.21,4.2,-,-,0.02,1,0.04,2,0.00,,3,-,,0.25,0.25,C,3,3,0.05,0.32,11:02
鳴門,06R,3,4678,水野望美,愛知,B1,5.28,6.44,0.14,5,0.22,8,0.24,9,0.15,2.3,-,-,0.03,1,0.03,1,0.06,2,3.6,S,,0.37,0.185,C,4,3,0.35,0.00,11:02
鳴門,06R,4,5367,赤松咲香,徳島,B2,1.91,1.70,0.00,0,0.04,1,0.04,1,0.17,3.8,-,-,0.00,0,0.00,0,0.00,0,4.4,S,F,0,0,B,4,4,0.11,0.00,11:02
鳴門,06R,5,3645,淺田千亜希,徳島,B2,5.05,5.43,0.05,1,0.15,3,0.15,3,0.14,2.9,-,-,0.00,0,0.00,0,0.05,1,4,S,,0.4,0.2,B,3,5,0.38,0.06,11:02
鳴門,06R,6,5370,日隈茜,福岡,B2,1.30,2.00,0.00,0,0.01,1,0.00,0,0.20,4.0,-,-,0.00,0,0.00,0,0.00,0,2.2,B+,F,0,0,C,3,3,0.14,0.32,11:02
鳴門,07R,1,5204,宇恵有香,三重,B2,3.47,3.55,0.00,0,0.00,0,0.00,0,0.22,0.0,-,-,0.00,0,0.33,1,0.33,1,2.6,-,,0,0,C,4,3,0.00,0.00,11:33
鳴門,07R,2,5069,山崎小葉音,群馬,B1,4.28,4.41,0.09,3,0.21,7,0.24,8,0.14,2.1,-,-,0.03,1,0.03,1,0.00,,3,C,,0.3,0.25,B,4,4,0.32,0.00,11:33
鳴門,07R,3,3334,角ひとみ,広島,A2,5.39,5.11,0.07,4,0.38,22,0.24,14,0.19,4.0,-,-,0.05,3,0.00,0,0.02,1,2.8,-,,0.355,0.226,D,3,2,0.00,0.09,11:33
鳴門,07R,4,4283,石井裕美,東京,B1,4.01,4.20,0.09,3,0.11,4,0.14,5,0.18,3.3,-,-,0.03,1,0.06,2,0.00,0,2.8,B+,未消化F,0,0.333,C,3,3,0.18,0.18,11:33
鳴門,07R,5,5380,野田亜湖,徳島,B2,1.22,1.33,0.00,0,0.00,0,0.00,0,0.28,4.0,-,-,0.00,0,0.00,0,0.00,0,3.6,-,,0,0,B,4,4,0.00,0.00,11:33
鳴門,07R,6,4224,大橋栄里佳,福岡,A2,5.26,5.13,0.03,1,0.08,3,0.15,6,0.20,4.0,-,-,0.00,0,0.00,0,0.00,0,3.4,A,,0.179,0.393,C,4,2,0.07,0.30,11:33
鳴門,08R,1,3604,武藤綾子,福岡,B1,4.22,5.11,0.34,12,0.26,9,0.17,6,0.18,3.9,-,-,0.31,11,0.09,3,0.20,7,2.6,C,,0.167,0.25,D,2,2,0.15,0.27,12:04
鳴門,08R,2,5140,吉田彩乃,静岡,B1,4.72,5.48,0.12,5,0.23,10,0.21,9,0.20,4.3,-,-,0.10,4,0.02,1,0.00,,3,-,,0.444,0.222,C,4,3,0.06,0.27,12:04
鳴門,08R,3,3932,池田浩美,静岡,B1,4.87,2.78,0.08,4,0.25,12,0.17,8,0.18,3.5,-,-,0.00,0,0.02,1,0.04,2,3,-,,0.357,0.5,C,3,3,0.10,0.15,12:04
鳴門,08R,4,4098,赤澤文香,岡山,B1,4.79,4.44,0.00,0,0.15,5,0.15,5,0.22,4.4,-,-,0.00,0,0.00,0,0.00,0,3.2,B+,,0.364,0.273,C,4,3,0.00,0.28,12:04
鳴門,08R,5,4373,若狭奈美子,岡山,A1,6.37,6.50,0.00,0,0.18,7,0.08,3,0.22,4.1,-,-,0.00,0,0.00,0,0.00,0,3,S,,0.324,0.27,C,4,3,0.09,0.27,12:04
鳴門,08R,6,3528,笠野友紀恵,愛知,B1,3.74,4.44,0.00,0,0.00,0,0.17,5,0.21,4.1,-,-,0.00,0,0.00,0,0.00,0,3,-,,0.375,0.125,C,3,4,0.14,0.23,12:04
鳴門,09R,1,4924,中北涼,長崎,B1,4.10,2.83,0.30,10,0.18,6,0.15,5,0.18,3.3,-,-,0.23,7,0.35,11,0.13,4,2.8,-,,0.333,0.333,C,4,3,0.29,0.21,12:38
鳴門,09R,2,4419,原加央理,埼玉,B1,5.65,6.32,0.15,6,0.33,13,0.10,4,0.15,3.3,-,-,0.16,6,0.00,0,0.00,,2.4,-,,0.417,0.167,C,3,3,0.14,0.07,12:38
鳴門,09R,3,4071,古賀千晶,兵庫,B1,4.35,5.09,0.13,4,0.16,5,0.35,11,0.19,3.2,-,-,0.03,1,0.07,2,0.03,1,2.6,-,,0.286,0.286,D,3,2,0.12,0.12,12:38
鳴門,09R,4,3704,本部めぐみ,三重,B1,3.64,3.82,0.00,0,0.07,2,0.21,6,0.21,4.0,-,-,0.00,0,0.04,1,0.00,0,3,-,F,0.167,0.5,C,3,3,0.05,0.27,12:38
鳴門,09R,5,4974,安井瑞紀,岡山,A1,5.52,5.11,0.11,5,0.18,8,0.23,10,0.14,2.0,-,-,0.00,0,0.03,1,0.08,3,3,A,F,0.375,0.333,B,4,4,0.55,0.03,12:38
鳴門,09R,6,5230,石原凪紗,愛知,B2,4.44,0.00,0.00,0,0.00,0,0.11,3,0.21,4.6,-,-,0.00,0,0.00,0,0.00,0,2.4,C,,0.2,0.4,D,3,2,0.00,0.14,12:38
鳴門,10R,1,4246,喜多那由夏,静岡,B1,4.13,3.72,0.27,9,0.24,8,0.12,4,0.16,3.0,-,-,0.25,8,0.28,9,0.16,5,3.4,A+,,0.222,0.333,B,4,4,0.17,0.13,13:12
鳴門,10R,2,3355,橋谷田佳織,東京,B2,2.93,0.00,0.00,0,0.07,1,0.27,4,0.25,5.6,-,-,0.00,0,0.00,0,0.00,,2.2,-,,0,0,D,3,2,0.00,0.70,13:12
鳴門,10R,3,5296,永田楽,愛知,B1,3.03,3.53,0.09,6,0.16,11,0.15,10,0.21,3.8,-,-,0.02,1,0.05,3,0.03,2,3,-,,0,0.2,C,4,3,0.17,0.21,13:12
鳴門,10R,4,3900,香川素子,滋賀,A1,6.07,5.92,0.10,4,0.24,10,0.24,10,0.17,3.3,-,-,0.03,1,0.03,1,0.00,0,2.6,S,未消化F,0.345,0.31,C,3,3,0.14,0.07,13:12
鳴門,10R,5,5151,山下奈緒,大阪,B1,4.38,4.48,0.03,1,0.03,1,0.23,9,0.24,4.1,-,-,0.00,0,0.03,1,0.00,0,3,-,,0.25,0.25,C,3,3,0.10,0.21,13:12
鳴門,10R,6,5272,松田真実,愛知,B1,4.10,2.81,0.00,0,0.05,2,0.05,2,0.19,3.9,-,-,0.00,0,0.00,0,0.00,0,2.4,-,F,0.5,0.2,C,3,3,0.15,0.27,13:12
鳴門,11R,1,4473,藤堂里香,福井,A2,4.95,5.78,0.58,22,0.11,4,0.18,7,0.16,2.7,-,-,0.08,3,0.13,5,0.16,6,3,C,F,0.455,0.273,C,3,3,0.40,0.07,13:49
鳴門,11R,2,4534,坂咲友理,大阪,B1,3.83,0.00,0.10,3,0.13,4,0.20,6,0.21,4.4,-,-,0.10,3,0.00,0,0.00,,3,B+,,0,0,C,4,3,0.00,0.30,13:49
鳴門,11R,3,5367,赤松咲香,徳島,B2,1.91,1.70,#DIV/0!,0,#DIV/0!,0,#DIV/0!,0,0.00,0.0,-,-,0.00,0,0.00,0,0.00,0,4.4,S,F,0,0,B,4,4,0.00,0.00,13:49
鳴門,11R,4,4689,豊田結,静岡,A2,4.97,5.95,0.05,2,0.22,8,0.19,7,0.14,2.7,-,-,0.00,0,0.08,3,0.00,0,3.2,B+,,0.267,0.233,B,4,4,0.29,0.07,13:49
鳴門,11R,5,4878,西岡育未,徳島,B1,4.28,5.14,0.04,1,0.08,2,0.08,2,0.20,3.6,-,-,0.00,0,0.00,0,0.00,0,3,C,,0.25,0.25,C,3,3,0.15,0.10,13:49
鳴門,11R,6,3334,角ひとみ,広島,A2,5.39,5.11,0.00,0,0.07,3,0.21,9,0.21,4.6,-,-,0.00,0,0.00,0,0.00,0,2.8,-,,0.355,0.226,D,3,2,0.04,0.29,13:49
鳴門,12R,1,4373,若狭奈美子,岡山,A1,6.37,6.50,0.51,37,0.21,15,0.19,14,0.15,3.0,-,-,0.10,7,0.20,14,0.14,10,3,S,,0.324,0.27,C,4,3,0.33,0.15,14:29
鳴門,12R,2,3645,淺田千亜希,徳島,B2,5.05,5.43,0.21,6,0.18,5,0.21,6,0.14,2.7,-,-,0.13,4,0.03,1,0.00,,4,S,,0.4,0.2,B,3,5,0.39,0.09,14:29
鳴門,12R,3,4224,大橋栄里佳,福岡,A2,5.26,5.13,0.06,3,0.33,16,0.06,3,0.19,3.9,-,-,0.00,0,0.00,0,0.04,2,3.4,A,,0.179,0.393,C,4,2,0.06,0.13,14:29
鳴門,12R,4,4909,薮内瑞希,岡山,B1,4.91,4.65,0.02,1,0.16,7,0.16,7,0.18,3.0,-,-,0.02,1,0.02,1,0.00,0,3.6,-,,0.375,0.208,C,4,3,0.30,0.06,14:29
鳴門,12R,5,4680,後藤美翼,東京,B1,5.65,5.50,0.05,2,0.15,6,0.10,4,0.20,4.2,-,-,0.00,0,0.00,0,0.02,1,2.6,B+,,0.231,0.462,C,3,3,0.05,0.24,14:29
鳴門,12R,6,4478,櫻本あゆみ,群馬,A2,6.33,0.00,0.02,1,0.09,4,0.18,8,0.20,4.2,-,-,0.00,0,0.00,0,0.00,0,3,C,,0.278,0.417,C,3,3,0.09,0.32,14:29
びわこ,01R,1,4253,西川真人,滋賀,B1,4.10,4.52,0.36,14,0.21,8,0.15,6,0.17,3.4,,,0.23,9,0.28,11,0.13,5,,,,0.533,0.2,C,3,3,0.13,0.13,10:40
びわこ,01R,2,4047,吉永浩則,大阪,B1,4.17,4.09,0.02,1,0.07,3,0.34,15,0.17,3.7,,,0.00,0,0.02,1,0.00,,,,,0.381,0.333,C,3,3,0.12,0.15,10:40
びわこ,01R,3,4137,君島秀三,滋賀,A1,6.67,6.64,0.22,13,0.29,17,0.12,7,0.14,2.5,,,0.00,0,0.13,7,0.09,5,,,,0.306,0.245,D,3,2,0.37,0.06,10:40
びわこ,01R,4,3885,久田武,愛知,B1,5.71,6.13,0.10,5,0.20,10,0.20,10,0.18,3.2,,,0.02,1,0.02,1,0.04,2,,,,0.182,0.303,B,4,4,0.24,0.15,10:40
びわこ,01R,5,4411,沢田昭宏,大阪,A2,5.78,4.97,0.07,4,0.13,7,0.31,17,0.15,3.0,,,0.02,1,0.02,1,0.03,2,,,,0.353,0.294,C,4,3,0.19,0.04,10:40
びわこ,01R,6,4120,柘植政浩,滋賀,A2,5.87,6.19,0.00,0,0.02,1,0.21,10,0.20,4.5,,,0.00,0,0.00,0,0.00,0,,,,0.444,0.222,C,3,3,0.09,0.34,10:40
びわこ,02R,1,3432,宮迫暢彦,大阪,B1,4.27,4.66,0.33,13,0.28,11,0.13,5,0.16,2.9,,,0.26,10,0.18,7,0.18,7,,,,0.385,0.231,C,3,3,0.14,0.09,11:08
びわこ,02R,2,4119,泥谷一毅,大阪,A2,5.46,4.78,0.15,6,0.26,10,0.38,15,0.18,3.9,,,0.03,1,0.06,2,0.00,,,,,0.261,0.304,D,3,2,0.04,0.15,11:08
びわこ,02R,3,5115,香川颯太,滋賀,B2,4.99,5.65,0.12,5,0.33,14,0.19,8,0.14,2.1,,,0.00,0,0.05,2,0.08,3,,,,0.185,0.37,B,4,4,0.42,0.00,11:08
びわこ,02R,4,4761,山田晃大,滋賀,A2,5.65,5.42,0.09,5,0.15,8,0.30,16,0.15,2.7,,,0.04,2,0.02,1,0.04,2,,,,0.325,0.225,C,3,3,0.31,0.07,11:08
びわこ,02R,5,4382,高山智至,滋賀,B1,5.05,4.13,0.05,2,0.05,2,0.17,7,0.17,3.5,,,0.00,0,0.00,0,0.05,2,,,,0.25,0.25,B,4,4,0.14,0.05,11:08
びわこ,02R,6,4743,木村仁紀,滋賀,A1,6.58,6.70,0.02,1,0.16,9,0.27,15,0.17,4.1,,,0.00,0,0.00,0,0.02,1,,,,0.3,0.38,B,4,4,0.10,0.32,11:08
びわこ,03R,1,4405,南野利騰,福井,B1,4.05,5.55,0.27,9,0.18,6,0.15,5,0.15,3.7,,,0.30,10,0.15,5,0.24,8,,,,0.222,0.222,A,5,5,0.28,0.28,11:43
びわこ,03R,2,5050,木下雄介,滋賀,A2,5.87,5.58,0.17,7,0.21,9,0.19,8,0.16,3.2,,,0.12,5,0.05,2,0.00,,,,,0.174,0.304,C,3,3,0.08,0.05,11:43
びわこ,03R,3,5379,廣部大明,滋賀,B2,2.61,2.01,0.00,0,0.10,1,0.00,0,0.23,4.8,,,0.00,0,0.00,0,0.00,0,,,,0,0,C,4,3,0.00,0.50,11:43
びわこ,03R,4,5280,廣瀬凜,滋賀,A2,6.88,5.29,0.07,4,0.19,11,0.28,16,0.18,3.8,,,0.02,1,0.03,2,0.02,1,,,,0.342,0.237,C,4,3,0.12,0.12,11:43
びわこ,03R,5,3582,吉川昭男,滋賀,A2,5.99,6.11,0.23,12,0.15,8,0.11,6,0.25,3.5,,,0.00,0,0.00,0,0.00,0,,,,0.342,0.289,C,3,3,0.00,0.00,11:43
びわこ,03R,6,4082,濱崎誠,大阪,B1,5.35,5.15,0.03,1,0.11,4,0.09,3,0.20,4.2,,,0.00,0,0.03,1,0.00,0,,,,0.222,0.278,C,3,4,0.07,0.21,11:43
びわこ,04R,1,4388,是澤孝宏,滋賀,A2,5.97,6.55,0.65,40,0.15,9,0.05,3,0.15,3.2,,,0.13,8,0.13,8,0.06,4,,,,0.35,0.275,C,4,3,0.21,0.15,12:11
びわこ,04R,2,4325,新出浩司,大阪,B1,4.42,5.28,0.20,8,0.18,7,0.18,7,0.16,3.1,,,0.12,5,0.05,2,0.00,,,,,0.455,0.364,C,3,3,0.15,0.09,12:11
びわこ,04R,3,4462,夏山亮平,大阪,B1,5.20,5.18,0.08,3,0.35,13,0.16,6,0.14,3.2,,,0.06,2,0.00,0,0.00,0,,,,0.353,0.294,C,3,4,0.18,0.04,12:11
びわこ,04R,4,4649,和田操拓,滋賀,A2,4.75,5.68,0.12,7,0.15,9,0.22,13,0.12,2.0,,,0.03,2,0.00,0,0.10,6,,,,0.333,0.25,D,3,2,0.36,0.00,12:11
びわこ,04R,5,4686,丸野一樹,滋賀,A1,6.77,7.31,0.10,4,0.17,7,0.24,10,0.17,3.4,,,0.05,2,0.00,0,0.05,2,,,,0.36,0.32,C,3,3,0.23,0.10,12:11
びわこ,04R,6,5400,高村諒,滋賀,B2,1.83,1.25,0.00,0,0.00,0,0.01,1,0.19,4.3,,,0.00,0,0.00,0,0.01,1,,,,0,0,C,3,3,0.10,0.35,12:11
びわこ,05R,1,5255,藤原仙二,滋賀,A2,6.68,5.17,0.64,30,0.11,5,0.11,5,0.17,3.7,,,0.07,3,0.13,6,0.11,5,,,,0.3,0.333,C,3,3,0.17,0.31,12:47
びわこ,05R,2,3721,守田俊介,滋賀,A1,6.24,8.00,0.19,8,0.48,20,0.12,5,0.12,2.8,,,0.19,8,0.02,1,0.00,,,,,0.353,0.294,B,4,4,0.28,0.08,12:47
びわこ,05R,3,3918,深井利寿,滋賀,A2,6.58,6.79,0.19,12,0.19,12,0.19,12,0.16,3.1,,,0.02,1,0.10,6,0.07,4,,,,0.3,0.333,C,4,3,0.22,0.12,12:47
びわこ,05R,4,3948,大町利克,大阪,B1,4.36,4.16,0.00,0,0.06,2,0.12,4,0.22,4.4,,,0.00,0,0.00,0,0.00,0,,,,0.5,0.143,C,3,4,0.04,0.35,12:47
びわこ,05R,5,3915,繁野谷圭介,大阪,A2,5.68,5.47,0.08,4,0.08,4,0.19,10,0.17,3.5,,,0.00,0,0.00,0,0.05,3,,,,0.167,0.405,B,4,4,0.15,0.20,12:47
びわこ,05R,6,3745,橋本年光,兵庫,B1,5.62,6.44,0.02,1,0.12,5,0.17,7,0.21,4.5,,,0.00,0,0.00,0,0.00,0,,,,0.28,0.32,B,4,4,0.10,0.39,12:47
びわこ,06R,1,4750,井上尚悟,大阪,B1,4.97,4.80,0.34,11,0.25,8,0.19,6,0.15,3.0,,,0.16,5,0.31,10,0.13,4,,,,0.273,0.182,C,3,3,0.32,0.08,13:22
びわこ,06R,2,5229,吉川晴人,滋賀,A2,5.69,5.64,0.15,9,0.32,19,0.15,9,0.16,3.2,,,0.11,6,0.05,3,0.00,,,,,0.441,0.294,C,3,3,0.09,0.06,13:22
びわこ,06R,3,4648,木村亮太,兵庫,B1,4.44,4.89,0.09,4,0.13,6,0.28,13,0.16,2.5,,,0.02,1,0.02,1,0.04,2,,,,0.214,0.286,C,3,3,0.26,0.05,13:22
びわこ,06R,4,4262,馬場貴也,滋賀,A1,7.15,8.07,0.14,6,0.28,12,0.16,7,0.16,3.2,,,0.09,4,0.04,2,0.00,0,,,,0.327,0.204,B,4,4,0.11,0.03,13:22
びわこ,06R,5,4047,吉永浩則,大阪,B1,4.17,4.09,0.00,0,0.05,2,0.10,4,0.17,4.0,,,0.00,0,0.00,0,0.00,0,,,,0.381,0.333,C,3,3,0.06,0.19,13:22
びわこ,06R,6,4943,八木治樹,愛知,B1,4.11,4.58,0.00,0,0.04,1,0.07,2,0.18,3.6,,,0.00,0,0.00,0,0.00,0,,,,0.3,0.3,C,3,3,0.19,0.19,13:22
びわこ,07R,1,3885,久田武,愛知,B1,5.71,6.13,0.62,32,0.13,7,0.13,7,0.15,3.1,,,0.10,5,0.12,6,0.12,6,,,,0.182,0.303,B,4,4,0.36,0.14,13:55
びわこ,07R,2,5017,澤田尚也,滋賀,A1,6.39,7.10,0.25,15,0.25,15,0.19,11,0.13,2.8,,,0.19,11,0.00,0,0.00,,,,,0.395,0.349,B,4,4,0.21,0.04,13:55
びわこ,07R,3,4448,青木玄太,滋賀,A1,6.68,7.21,0.26,11,0.30,13,0.19,8,0.15,3.0,,,0.00,0,0.07,3,0.11,5,,,,0.371,0.257,C,4,3,0.27,0.14,13:55
びわこ,07R,4,4119,泥谷一毅,大阪,A2,5.46,4.78,0.03,1,0.16,6,0.27,10,0.18,3.8,,,0.00,0,0.03,1,0.00,0,,,,0.261,0.304,D,3,2,0.10,0.14,13:55
びわこ,07R,5,5379,廣部大明,滋賀,B2,2.61,2.01,0.00,0,0.00,0,0.02,1,0.19,3.7,,,0.00,0,0.00,0,0.00,0,,,,0,0,C,4,3,0.33,0.00,13:55
びわこ,07R,6,5033,藤原孝斗,愛知,B1,4.44,3.78,0.03,1,0.05,2,0.10,4,0.19,4.4,,,0.00,0,0.00,0,0.00,0,,,,0.176,0.294,C,3,3,0.10,0.31,13:55
びわこ,08R,1,3893,汐崎正則,愛知,B1,4.41,2.15,0.29,11,0.26,10,0.08,3,0.17,3.2,,,0.14,5,0.31,11,0.17,6,,,,0.2,0.4,B,4,4,0.29,0.21,14:22
びわこ,08R,2,4743,木村仁紀,滋賀,A1,6.58,6.70,0.20,12,0.28,17,0.28,17,0.15,3.0,,,0.13,8,0.03,2,0.00,,,,,0.3,0.38,B,4,4,0.13,0.09,14:22
びわこ,08R,3,4411,沢田昭宏,大阪,A2,5.78,4.97,0.20,10,0.18,9,0.24,12,0.16,3.3,,,0.04,2,0.10,5,0.06,3,,,,0.353,0.294,C,4,3,0.15,0.18,14:22
びわこ,08R,4,4003,表憲一,福井,B1,5.43,5.81,0.00,0,0.22,9,0.29,12,0.18,3.7,,,0.00,0,0.00,0,0.00,0,,,,0.438,0.062,C,4,2,0.07,0.21,14:22
びわこ,08R,5,5050,木下雄介,滋賀,A2,5.87,5.58,0.14,6,0.10,4,0.24,10,0.15,2.9,,,0.00,0,0.00,0,0.14,7,,,,0.174,0.304,C,3,3,0.24,0.04,14:22
びわこ,08R,6,5120,山本稔太朗,愛知,B1,5.20,5.22,0.03,1,0.08,3,0.16,6,0.16,3.6,,,0.00,0,0.00,0,0.00,0,,,,0.263,0.368,C,4,3,0.22,0.22,14:22
びわこ,09R,1,4137,君島秀三,滋賀,A1,6.67,6.64,0.68,50,0.15,11,0.07,5,0.14,2.7,,,0.08,6,0.10,7,0.11,8,,,,0.306,0.245,D,3,2,0.40,0.08,14:57
びわこ,09R,2,4677,片橋幸貴,滋賀,B2,6.57,5.33,0.28,12,0.28,12,0.16,7,0.16,3.1,,,0.13,5,0.08,3,0.00,,,,,0.355,0.387,C,3,3,0.28,0.17,14:57
びわこ,09R,3,3915,繁野谷圭介,大阪,A2,5.68,5.47,0.04,2,0.21,11,0.31,16,0.18,3.8,,,0.02,1,0.04,2,0.02,1,,,,0.167,0.405,B,4,4,0.05,0.17,14:57
びわこ,09R,4,3432,宮迫暢彦,大阪,B1,4.27,4.66,0.04,2,0.13,7,0.20,11,0.18,3.5,,,0.00,0,0.00,0,0.00,0,,,,0.385,0.231,C,3,3,0.08,0.10,14:57
びわこ,09R,5,4388,是澤孝宏,滋賀,A2,5.97,6.55,0.04,2,0.23,12,0.19,10,0.18,3.4,,,0.00,0,0.02,1,0.02,1,,,,0.35,0.275,C,4,3,0.22,0.10,14:57
びわこ,09R,6,3965,北中元樹,滋賀,A2,6.42,6.00,0.04,2,0.12,6,0.20,10,0.16,3.0,,,0.00,0,0.04,2,0.00,0,,,,0.36,0.28,B,4,4,0.29,0.11,14:57
びわこ,10R,1,3582,吉川昭男,滋賀,A2,5.99,6.11,0.63,40,0.16,10,0.05,3,0.15,3.0,,,0.13,8,0.11,7,0.11,7,,,,0.342,0.289,C,3,3,0.25,0.08,15:29
びわこ,10R,2,4828,松山将吾,滋賀,A1,6.37,6.22,0.22,13,0.34,20,0.10,6,0.15,2.9,,,0.14,7,0.08,4,0.00,,,,,0.314,0.286,C,4,3,0.19,0.07,15:29
びわこ,10R,3,4943,八木治樹,愛知,B1,4.11,4.58,0.05,2,0.05,2,0.19,7,0.12,2.3,,,0.00,0,0.05,2,0.00,0,,,,0.3,0.3,C,3,3,0.46,0.00,15:29
びわこ,10R,4,4325,新出浩司,大阪,B1,4.42,5.28,0.07,3,0.07,3,0.26,11,0.16,3.1,,,0.00,0,0.03,1,0.03,1,,,,0.455,0.364,C,3,3,0.18,0.09,15:29
びわこ,10R,5,3721,守田俊介,滋賀,A1,6.24,8.00,0.15,6,0.23,9,0.10,4,0.12,2.7,,,0.00,0,0.03,1,0.08,3,,,,0.353,0.294,B,4,4,0.35,0.07,15:29
びわこ,10R,6,4039,村上功祐,大阪,A2,4.84,4.23,0.02,1,0.04,2,0.15,7,0.18,3.7,,,0.00,0,0.00,0,0.00,0,,,,0.421,0.211,A,5,4,0.19,0.29,15:29
びわこ,11R,1,4448,青木玄太,滋賀,A1,6.68,7.21,0.73,37,0.16,8,0.06,3,0.16,3.4,,,0.06,3,0.06,3,0.13,6,,,,0.371,0.257,C,4,3,0.17,0.17,16:00
びわこ,11R,2,4120,柘植政浩,滋賀,A2,5.87,6.19,0.16,9,0.43,24,0.13,7,0.15,3.4,,,0.10,5,0.00,0,0.00,,,,,0.444,0.222,C,3,3,0.07,0.10,16:00
びわこ,11R,3,4262,馬場貴也,滋賀,A1,7.15,8.07,0.22,12,0.24,13,0.20,11,0.13,3.1,,,0.05,3,0.05,3,0.12,7,,,,0.327,0.204,B,4,4,0.11,0.09,16:00
びわこ,11R,4,4405,南野利騰,福井,B1,4.05,5.55,0.07,3,0.11,5,0.11,5,0.16,3.6,,,0.03,1,0.00,0,0.03,1,,,,0.222,0.222,A,5,5,0.10,0.14,16:00
びわこ,11R,5,5255,藤原仙二,滋賀,A2,6.68,5.17,0.11,5,0.22,10,0.33,15,0.17,3.3,,,0.00,0,0.04,2,0.02,1,,,,0.3,0.333,C,3,3,0.19,0.16,16:00
びわこ,11R,6,4462,夏山亮平,大阪,B1,5.20,5.18,0.03,1,0.05,2,0.16,6,0.20,4.5,,,0.00,0,0.00,0,0.03,1,,,,0.353,0.294,C,3,4,0.03,0.33,16:00
びわこ,12R,1,4686,丸野一樹,滋賀,A1,6.77,7.31,0.78,50,0.11,7,0.06,4,0.14,3.4,,,0.09,6,0.08,5,0.05,3,,,,0.36,0.32,C,3,3,0.18,0.18,16:35
びわこ,12R,2,5280,廣瀬凜,滋賀,A2,6.88,5.29,0.20,12,0.27,16,0.20,12,0.15,3.2,,,0.16,9,0.02,1,0.00,,,,,0.342,0.237,C,4,3,0.20,0.07,16:35
びわこ,12R,3,3745,橋本年光,兵庫,B1,5.62,6.44,0.03,1,0.20,8,0.30,12,0.18,3.4,,,0.00,0,0.00,0,0.03,1,,,,0.28,0.32,B,4,4,0.18,0.18,16:35
びわこ,12R,4,5017,澤田尚也,滋賀,A1,6.39,7.10,0.14,7,0.24,12,0.12,6,0.15,3.0,,,0.06,3,0.06,3,0.00,0,,,,0.395,0.349,B,4,4,0.26,0.08,16:35
びわこ,12R,5,5115,香川颯太,滋賀,B2,4.99,5.65,0.07,3,0.20,9,0.11,5,0.15,2.9,,,0.00,0,0.07,3,0.00,0,,,,0.185,0.37,B,4,4,0.30,0.09,16:35
びわこ,12R,6,5229,吉川晴人,滋賀,A2,5.69,5.64,0.04,2,0.11,5,0.16,7,0.15,2.9,,,0.00,0,0.00,0,0.02,1,,,,0.441,0.294,C,3,3,0.31,0.17,16:35
津,01R,1,4796,春園功太,三重,A2,6.48,6.83,0.76,48,0.13,8,0.05,3,0.13,2.1,,,0.03,2,0.17,10,0.03,2,,,,0.341,0.318,B,4,4,0.46,0.02,10:28
津,01R,2,3842,星野太郎,三重,B1,4.46,5.66,0.20,9,0.18,8,0.25,11,0.18,4.0,,,0.14,6,0.00,0,0.00,,,,,0.238,0.429,B,3,5,0.09,0.20,10:28
津,01R,3,5354,渡邊雄斗,三重,B2,3.03,2.23,#DIV/0!,0,#DIV/0!,0,#DIV/0!,0,0.00,0.0,,,0.00,0,0.00,0,0.00,0,,,,0,0,C,3,4,0.00,0.00,10:28
津,01R,4,3712,淺香文武,三重,B1,4.53,5.47,0.08,4,0.13,7,0.21,11,0.16,3.3,,,0.00,0,0.04,2,0.06,3,,,,0.238,0.381,D,3,2,0.15,0.08,10:28
津,01R,5,5383,中村楓,三重,B2,2.07,1.55,0.02,1,0.00,0,0.03,2,0.18,3.5,,,0.00,0,0.00,0,0.03,1,,,,0,0,B,5,3,0.08,0.08,10:28
津,01R,6,5098,大江純,愛知,B1,5.21,4.72,0.00,0,0.09,3,0.09,3,0.17,5.0,,,0.00,0,0.00,0,0.00,0,,,,0.471,0.176,C,3,3,0.04,0.54,10:28
津,02R,1,3392,小森信雄,三重,B1,4.41,4.29,0.26,9,0.21,7,0.18,6,0.19,3.9,,,0.24,8,0.26,9,0.09,3,,,,0.667,0,C,3,3,0.04,0.12,10:57
津,02R,2,3852,澤大介,三重,B1,4.06,5.52,0.02,1,0.15,8,0.15,8,0.18,3.6,,,0.00,0,0.02,1,0.00,,,,,0.286,0.286,B,4,4,0.07,0.09,10:57
津,02R,3,3591,後藤孝義,静岡,B2,3.51,4.18,0.03,1,0.07,2,0.07,2,0.18,3.5,,,0.03,1,0.00,0,0.00,0,,,,0,0.5,C,3,3,0.10,0.10,10:57
津,02R,4,4962,畑竜生,三重,A2,5.80,5.55,0.07,4,0.11,6,0.33,18,0.18,3.5,,,0.02,1,0.04,2,0.00,0,,,,0.371,0.257,B,4,4,0.11,0.20,10:57
津,02R,5,5130,上野拓馬,三重,B1,4.48,4.76,0.00,0,0.04,2,0.12,6,0.17,3.7,,,0.00,0,0.00,0,0.00,0,,,,0.389,0.333,C,4,3,0.03,0.09,10:57
津,02R,6,5430,鳥本智史,三重,B2,1.62,2.20,0.00,0,0.00,0,0.02,1,0.18,3.9,,,0.00,0,0.00,0,0.00,0,,,,0,0,A,4,5,0.12,0.24,10:57
津,03R,1,4182,吉田和仁,滋賀,B1,5.00,5.00,0.37,16,0.16,7,0.23,10,0.16,2.3,,,0.14,6,0.29,12,0.14,6,,,,0.188,0.375,D,3,2,0.47,0.06,11:25
津,03R,2,4808,松尾拓,三重,A1,5.51,6.77,0.10,7,0.40,27,0.24,16,0.16,3.3,,,0.06,4,0.05,3,0.00,,,,,0.341,0.182,C,4,3,0.17,0.11,11:25
津,03R,3,4625,渡邊裕貴,静岡,B1,4.76,4.58,0.10,6,0.20,12,0.18,11,0.16,3.2,,,0.02,1,0.05,3,0.02,1,,,,0.412,0.118,B,4,4,0.07,0.07,11:25
津,03R,4,4081,樋口範政,愛知,B1,4.16,4.69,0.04,2,0.06,3,0.22,11,0.19,3.5,,,0.00,0,0.02,1,0.00,0,,,,0.2,0.3,B,4,4,0.10,0.14,11:25
津,03R,5,4156,浜野孝志,三重,A2,5.66,5.81,0.07,3,0.17,7,0.24,10,0.17,3.4,,,0.00,0,0.02,1,0.05,2,,,,0.308,0.308,B,5,3,0.11,0.03,11:25
津,03R,6,4049,荒川健太,三重,A2,6.08,6.70,0.02,1,0.16,8,0.22,11,0.19,4.3,,,0.00,0,0.00,0,0.00,0,,,,0.295,0.386,B,4,4,0.00,0.33,11:25
津,04R,1,3687,花田和明,愛知,B1,5.18,5.56,0.56,22,0.18,7,0.15,6,0.15,2.5,,,0.11,4,0.03,1,0.22,8,,,,0.263,0.263,C,3,4,0.43,0.07,11:53
津,04R,2,5010,宇留田翔平,三重,A2,5.47,5.71,0.11,6,0.26,14,0.19,10,0.16,2.6,,,0.02,1,0.04,2,0.00,,,,,0.351,0.378,C,4,3,0.33,0.03,11:53
津,04R,3,5323,香川陽太,滋賀,B1,4.39,1.40,0.00,0,0.12,3,0.16,4,0.17,3.0,,,0.00,0,0.00,0,0.00,0,,,,0.125,0.5,B,4,4,0.25,0.06,11:53
津,04R,4,4824,松井洪弥,三重,A1,6.19,6.23,0.15,9,0.18,11,0.15,9,0.11,2.2,,,0.08,4,0.04,2,0.11,6,,,,0.277,0.362,C,3,3,0.40,0.00,11:53
津,04R,5,4073,大橋純一郎,静岡,A2,6.33,6.33,0.06,3,0.11,5,0.26,12,0.17,3.6,,,0.00,0,0.00,0,0.04,2,,,,0.409,0.318,C,4,3,0.12,0.10,11:53
津,04R,6,3268,森竜也,三重,B1,4.26,4.68,0.06,2,0.16,5,0.09,3,0.20,5.5,,,0.00,0,0.00,0,0.00,0,,,,0.231,0.308,C,3,3,0.00,0.75,11:53
津,05R,1,4579,中嶋健一郎,三重,A1,6.13,6.74,0.72,50,0.13,9,0.07,5,0.15,2.8,,,0.13,8,0.05,3,0.09,6,,,,0.289,0.333,B,5,3,0.38,0.11,12:21
津,05R,2,3630,黒田誠司,静岡,B2,3.59,3.06,0.04,1,0.17,4,0.08,2,0.20,3.9,,,0.05,1,0.00,0,0.00,,,,,0.75,0.25,C,4,3,0.00,0.13,12:21
津,05R,3,4618,乃村康友,三重,B1,4.94,5.44,0.07,3,0.20,9,0.23,10,0.17,3.5,,,0.00,0,0.02,1,0.02,1,,,,0.308,0.231,B,4,4,0.12,0.12,12:21
津,05R,4,4626,伊藤紘章,愛知,B1,4.69,5.16,0.03,1,0.12,4,0.15,5,0.23,5.2,,,0.03,1,0.00,0,0.00,0,,,,0.167,0.417,B,4,4,0.00,0.46,12:21
津,05R,5,3831,安藤裕貴,愛知,B1,4.83,5.30,0.00,0,0.14,5,0.17,6,0.15,3.1,,,0.00,0,0.00,0,0.00,0,,,,0.25,0.5,B,4,4,0.17,0.17,12:21
津,05R,6,5425,西山育,三重,B2,1.09,1.00,0.00,0,0.00,0,0.00,0,0.28,5.1,,,0.00,0,0.00,0,0.00,0,,,,0,0,B,4,4,0.00,0.63,12:21
津,06R,1,4181,花本夏樹,三重,B1,4.09,4.46,0.43,16,0.16,6,0.08,3,0.16,2.9,,,0.12,4,0.09,3,0.27,9,,,,0.615,0.077,A,4,5,0.37,0.11,12:49
津,06R,2,3968,茶谷信次,滋賀,A2,5.81,5.80,0.18,9,0.26,13,0.22,11,0.16,3.8,,,0.14,7,0.02,1,0.00,,,,,0.464,0.25,B,4,4,0.15,0.20,12:49
津,06R,3,3842,星野太郎,三重,B1,4.46,5.66,0.13,5,0.26,10,0.13,5,0.19,3.7,,,0.00,0,0.00,0,0.05,2,,,,0.238,0.429,B,3,5,0.03,0.06,12:49
津,06R,4,4754,松尾充,三重,A1,5.99,6.83,0.17,8,0.17,8,0.27,13,0.14,2.9,,,0.00,0,0.12,5,0.09,4,,,,0.378,0.222,A,4,5,0.24,0.03,12:49
津,06R,5,4261,岡祐臣,三重,A1,6.06,6.42,0.05,2,0.14,6,0.19,8,0.16,3.0,,,0.00,0,0.00,0,0.07,3,,,,0.356,0.133,C,3,3,0.27,0.09,12:49
津,06R,6,3591,後藤孝義,静岡,B2,3.51,4.18,0.00,0,0.00,0,0.18,4,0.20,4.5,,,0.00,0,0.00,0,0.00,0,,,,0,0.5,C,3,3,0.08,0.50,12:49
津,07R,1,5245,倉富大誠,愛知,B1,4.30,2.00,0.37,13,0.26,9,0.03,1,0.20,3.9,,,0.24,8,0.24,8,0.06,2,,,,0.231,0.231,C,3,4,0.04,0.18,13:20
津,07R,2,4962,畑竜生,三重,A2,5.80,5.55,0.11,6,0.42,23,0.13,7,0.18,3.9,,,0.06,3,0.06,3,0.00,,,,,0.371,0.257,B,4,4,0.03,0.16,13:20
津,07R,3,4049,荒川健太,三重,A2,6.08,6.70,0.16,10,0.08,5,0.28,17,0.18,3.7,,,0.03,2,0.00,0,0.10,6,,,,0.295,0.386,B,4,4,0.04,0.13,13:20
津,07R,4,4623,中北将史,三重,B1,4.62,4.85,0.04,2,0.12,6,0.18,9,0.16,3.2,,,0.02,1,0.02,1,0.00,0,,,,0.467,0.133,C,3,4,0.13,0.03,13:20
津,07R,5,4856,豊田健士郎,三重,A1,6.86,7.51,0.05,3,0.19,11,0.23,13,0.14,3.4,,,0.00,0,0.02,1,0.03,2,,,,0.418,0.291,B,5,3,0.18,0.14,13:20
津,07R,6,5383,中村楓,三重,B2,2.07,1.55,0.00,0,0.02,2,0.00,0,0.18,4.2,,,0.00,0,0.00,0,0.00,0,,,,0,0,B,5,3,0.10,0.29,13:20
津,08R,1,4209,藤田竜弘,静岡,B1,5.64,5.42,0.40,21,0.19,10,0.17,9,0.17,4.2,,,0.19,10,0.26,14,0.13,7,,,,0.238,0.476,C,3,3,0.05,0.21,13:53
津,08R,2,3392,小森信雄,三重,B1,4.41,4.29,0.00,0,0.13,5,0.28,11,0.19,4.1,,,0.00,0,0.00,0,0.00,,,,,0.667,0,C,3,3,0.03,0.10,13:53
津,08R,3,5275,松田淳平,三重,A2,6.57,4.24,0.19,10,0.20,11,0.26,14,0.15,3.1,,,0.07,3,0.02,1,0.04,2,,,,0.217,0.304,B,5,3,0.24,0.16,13:53
津,08R,4,4227,安達裕樹,三重,A2,6.21,6.27,0.13,7,0.30,17,0.21,12,0.16,3.3,,,0.05,3,0.04,2,0.05,3,,,,0.348,0.283,B,4,4,0.13,0.04,13:53
津,08R,5,5266,石田勇斗,愛知,B1,4.93,3.19,0.11,4,0.05,2,0.03,1,0.16,3.4,,,0.00,0,0.00,0,0.10,3,,,,0.273,0.273,C,4,3,0.14,0.19,13:53
津,08R,6,4824,松井洪弥,三重,A1,6.19,6.23,0.07,4,0.00,0,0.20,11,0.16,3.9,,,0.02,1,0.00,0,0.02,1,,,,0.277,0.362,C,3,3,0.13,0.23,13:53
津,09R,1,5075,中島秀治,滋賀,A2,6.11,5.56,0.51,35,0.19,13,0.15,10,0.17,3.4,,,0.13,9,0.13,9,0.19,13,,,,0.4,0.229,A,5,4,0.20,0.15,14:25
津,09R,2,4466,南佑典,三重,A2,5.72,5.72,0.12,6,0.44,22,0.18,9,0.15,3.3,,,0.08,4,0.02,1,0.00,,,,,0.222,0.333,C,3,3,0.12,0.07,14:25
津,09R,3,4081,樋口範政,愛知,B1,4.16,4.69,0.02,1,0.08,4,0.17,8,0.19,3.7,,,0.00,0,0.00,0,0.04,2,,,,0.2,0.3,B,4,4,0.09,0.20,14:25
津,09R,4,5323,香川陽太,滋賀,B1,4.39,1.40,0.07,2,0.07,2,0.27,8,0.19,3.4,,,0.00,0,0.04,1,0.04,1,,,,0.125,0.5,B,4,4,0.26,0.22,14:25
津,09R,5,5430,鳥本智史,三重,B2,1.62,2.20,0.00,0,0.11,2,0.00,0,0.00,0.0,,,0.00,0,0.00,0,0.00,0,,,,0,0,A,4,5,0.00,0.00,14:25
津,09R,6,5256,中山翔太,三重,A1,7.05,6.05,0.07,3,0.16,7,0.23,10,0.15,2.7,,,0.03,1,0.00,0,0.03,1,,,,0.364,0.25,B,4,4,0.29,0.12,14:25
津,10R,1,4073,大橋純一郎,静岡,A2,6.33,6.33,0.67,47,0.17,12,0.04,3,0.13,2.2,,,0.12,8,0.11,7,0.08,5,,,,0.409,0.318,C,4,3,0.40,0.00,15:01
津,10R,2,4261,岡祐臣,三重,A1,6.06,6.42,0.13,7,0.28,15,0.28,15,0.16,3.5,,,0.04,2,0.08,4,0.00,,,,,0.356,0.133,C,3,3,0.08,0.14,15:01
津,10R,3,3831,安藤裕貴,愛知,B1,4.83,5.30,0.13,5,0.26,10,0.13,5,0.12,2.4,,,0.00,0,0.10,4,0.03,1,,,,0.25,0.5,B,4,4,0.35,0.04,15:01
津,10R,4,5354,渡邊雄斗,三重,B2,3.03,2.23,0.07,3,0.07,3,0.02,1,0.20,4.5,,,0.03,1,0.00,0,0.00,0,,,,0,0,C,3,4,0.05,0.37,15:01
津,10R,5,3852,澤大介,三重,B1,4.06,5.52,0.06,3,0.21,10,0.04,2,0.16,3.1,,,0.00,0,0.00,0,0.06,3,,,,0.286,0.286,B,4,4,0.12,0.07,15:01
津,10R,6,4808,松尾拓,三重,A1,5.51,6.77,0.04,2,0.07,4,0.12,7,0.18,3.9,,,0.00,0,0.00,0,0.02,1,,,,0.341,0.182,C,4,3,0.11,0.28,15:01
津,11R,1,4754,松尾充,三重,A1,5.99,6.83,0.71,46,0.06,4,0.08,5,0.15,2.6,,,0.08,5,0.11,7,0.08,5,,,,0.378,0.222,A,4,5,0.34,0.04,15:37
津,11R,2,4156,浜野孝志,三重,A2,5.66,5.81,0.17,8,0.30,14,0.15,7,0.17,3.2,,,0.13,5,0.00,0,0.00,,,,,0.308,0.308,B,5,3,0.11,0.11,15:37
津,11R,3,5098,大江純,愛知,B1,5.21,4.72,0.12,6,0.20,10,0.28,14,0.13,2.9,,,0.02,1,0.00,0,0.04,2,,,,0.471,0.176,C,3,3,0.21,0.05,15:37
津,11R,4,4344,新田雄史,三重,A1,7.54,7.87,0.22,11,0.24,12,0.24,12,0.14,2.9,,,0.04,2,0.04,2,0.06,3,,,,0.377,0.264,B,4,4,0.31,0.13,15:37
津,11R,5,4618,乃村康友,三重,B1,4.94,5.44,0.05,2,0.08,3,0.21,8,0.17,3.7,,,0.00,0,0.00,0,0.05,2,,,,0.308,0.231,B,4,4,0.04,0.15,15:37
津,11R,6,5010,宇留田翔平,三重,A2,5.47,5.71,0.04,2,0.06,3,0.15,7,0.14,3.3,,,0.00,0,0.03,1,0.00,0,,,,0.351,0.378,C,4,3,0.30,0.17,15:37
津,12R,1,4856,豊田健士郎,三重,A1,6.86,7.51,0.73,58,0.11,9,0.06,5,0.14,2.8,,,0.08,6,0.10,8,0.06,5,,,,0.418,0.291,B,5,3,0.32,0.07,16:15
津,12R,2,3984,坂口周,三重,A2,6.86,6.99,0.13,7,0.40,21,0.23,12,0.18,3.7,,,0.06,3,0.04,2,0.00,,,,,0.345,0.255,C,4,3,0.09,0.19,16:15
津,12R,3,4579,中嶋健一郎,三重,A1,6.13,6.74,0.21,12,0.18,10,0.35,20,0.16,3.2,,,0.00,0,0.03,2,0.14,8,,,,0.289,0.333,B,5,3,0.19,0.09,16:15
津,12R,4,4625,渡邊裕貴,静岡,B1,4.76,4.58,0.10,5,0.10,5,0.08,4,0.16,3.3,,,0.05,2,0.07,3,0.00,0,,,,0.412,0.118,B,4,4,0.14,0.08,16:15
津,12R,5,4796,春園功太,三重,A2,6.48,6.83,0.02,1,0.15,7,0.23,11,0.14,3.2,,,0.00,0,0.00,0,0.02,1,,,,0.341,0.318,B,4,4,0.26,0.13,16:15
津,12R,6,5275,松田淳平,三重,A2,6.57,4.24,0.12,5,0.12,5,0.10,4,0.15,3.2,,,0.00,0,0.00,0,0.00,0,,,,0.217,0.304,B,5,3,0.23,0.15,16:15
蒲郡,01R,1,5137,川原涼,愛知,B1,5.53,4.33,0.63,22,0.20,7,0.03,1,0.16,2.9,,,0.00,0,0.20,7,0.14,5,,,,0.5,0.318,C,3,3,0.37,0.15,15:25
蒲郡,01R,2,3642,大塚浩二,静岡,B1,3.82,3.73,0.02,1,0.18,8,0.18,8,0.18,3.1,,,0.02,1,0.00,0,0.00,,,,,0.125,0,D,2,3,0.24,0.15,15:25
蒲郡,01R,3,4409,坂元浩仁,愛知,A2,7.13,6.80,0.19,11,0.19,11,0.19,11,0.13,2.7,,,0.04,2,0.05,3,0.07,4,,,,0.379,0.241,C,4,3,0.32,0.10,15:25
蒲郡,01R,4,5211,高井駿弥,愛知,B1,4.56,4.04,0.02,1,0.16,7,0.11,5,0.15,3.1,,,0.00,0,0.00,0,0.02,1,,,,0,0.5,B,4,4,0.20,0.03,15:25
蒲郡,01R,5,5441,鈴木雄登,愛知,B2,3.85,2.78,0.05,1,0.18,4,0.09,2,0.17,0.0,,,0.00,0,0.00,0,1.00,1,,,,0,0,B,4,4,0.00,0.00,15:25
蒲郡,01R,6,4442,松竹大輔,愛知,B1,5.65,5.86,0.06,3,0.10,5,0.21,10,0.16,4.1,,,0.00,0,0.07,3,0.02,1,,,,0.258,0.258,C,3,4,0.05,0.24,15:25
蒲郡,02R,1,4681,太田潮,愛知,B1,4.07,4.38,0.32,9,0.25,7,0.07,2,0.12,2.8,,,0.33,9,0.22,6,0.11,3,,,,0.222,0.222,B,4,4,0.29,0.14,15:56
蒲郡,02R,2,4084,杉山正樹,愛知,A1,6.90,6.89,0.13,8,0.38,23,0.13,8,0.16,3.7,,,0.09,5,0.05,3,0.00,,,,,0.351,0.263,D,2,2,0.07,0.16,15:56
蒲郡,02R,3,4527,高野心吾,愛知,B1,4.06,4.19,0.05,2,0.13,5,0.18,7,0.15,3.2,,,0.00,0,0.03,1,0.00,0,,,,0.364,0.091,B,4,4,0.21,0.12,15:56
蒲郡,02R,4,3718,伊達正利,静岡,B1,4.73,3.74,0.02,1,0.16,7,0.09,4,0.18,3.7,,,0.00,0,0.02,1,0.00,0,,,,0.318,0.227,B,4,4,0.03,0.08,15:56
蒲郡,02R,5,5262,鈴木章司,愛知,B1,4.77,3.29,0.02,1,0.11,5,0.27,12,0.21,4.4,,,0.00,0,0.00,0,0.02,1,,,,0.4,0,A,5,4,0.00,0.12,15:56
蒲郡,02R,6,3327,野長瀬正孝,静岡,A2,5.96,6.14,0.19,8,0.17,7,0.24,10,0.25,5.3,,,0.00,0,0.00,0,0.00,0,,,,0.375,0.219,A,4,5,0.00,0.67,15:56
蒲郡,03R,1,3934,鋤柄貴俊,愛知,B1,4.78,5.39,0.22,10,0.22,10,0.27,12,0.18,3.3,,,0.22,10,0.33,15,0.20,9,,,,0.3,0.3,B,4,4,0.27,0.14,16:27
蒲郡,03R,2,3967,鈴木茂高,愛知,B1,4.84,4.73,0.00,0,0.49,19,0.10,4,0.17,3.8,,,0.00,0,0.00,0,0.00,,,,,0.143,0.571,C,3,3,0.07,0.16,16:27
蒲郡,03R,3,4516,野口勝弘,愛知,A2,6.52,6.55,0.18,11,0.27,16,0.22,13,0.16,2.8,,,0.02,1,0.10,6,0.08,5,,,,0.288,0.346,C,4,3,0.16,0.07,16:27
蒲郡,03R,4,3839,川合理司,静岡,B1,3.76,3.37,0.07,3,0.18,8,0.11,5,0.17,2.9,,,0.00,0,0.02,1,0.02,1,,,,0.455,0.182,C,4,3,0.26,0.09,16:27
蒲郡,03R,5,4229,市川美宏,静岡,B1,3.82,4.06,0.00,0,0.10,5,0.10,5,0.21,4.9,,,0.00,0,0.00,0,0.00,0,,,,0.308,0.231,C,3,3,0.00,0.33,16:27
蒲郡,03R,6,4074,柳沢一,愛知,A1,6.34,6.85,0.10,5,0.12,6,0.22,11,0.13,2.3,,,0.03,1,0.00,0,0.00,0,,,,0.417,0.167,C,4,3,0.47,0.06,16:27
蒲郡,04R,1,3455,谷本幸司,愛知,B1,5.09,4.00,0.50,22,0.20,9,0.07,3,0.18,3.0,,,0.19,8,0.12,5,0.19,8,,,,0.35,0.35,B,4,4,0.41,0.22,16:52
蒲郡,04R,2,5068,前田滉,愛知,A1,7.05,6.41,0.27,18,0.23,15,0.12,8,0.14,3.0,,,0.09,5,0.12,7,0.00,,,,,0.204,0.444,A,5,5,0.18,0.04,16:52
蒲郡,04R,3,5082,一色凌雅,愛知,B1,4.91,4.87,0.07,4,0.31,17,0.13,7,0.18,4.0,,,0.00,0,0.02,1,0.04,2,,,,0.462,0.231,C,3,3,0.07,0.16,16:52
蒲郡,04R,4,3945,橋口真樹,愛知,B1,4.22,3.78,0.03,1,0.21,7,0.18,6,0.19,3.8,,,0.00,0,0.03,1,0.00,0,,,,0,0.5,A,4,5,0.09,0.26,16:52
蒲郡,04R,5,4306,畔柳俊吾,愛知,A2,4.56,4.32,0.05,2,0.11,4,0.24,9,0.19,3.8,,,0.03,1,0.00,0,0.00,0,,,,0.5,0.25,B,4,4,0.09,0.09,16:52
蒲郡,04R,6,3776,横井健太,愛知,B1,3.64,3.68,0.00,0,0.00,0,0.05,2,0.19,4.5,,,0.00,0,0.00,0,0.00,0,,,,0.25,0.25,B,4,4,0.06,0.37,16:52
蒲郡,05R,1,5127,沼田大都,愛知,B1,4.47,5.28,0.31,11,0.08,3,0.19,7,0.22,4.3,,,0.28,10,0.14,5,0.25,9,,,,0.364,0.273,A,5,5,0.13,0.31,17:19
蒲郡,05R,2,4989,石原翼,静岡,A2,6.05,5.77,0.23,12,0.44,23,0.12,6,0.15,2.6,,,0.13,6,0.10,5,0.00,,,,,0.189,0.378,B,4,4,0.37,0.08,17:19
蒲郡,05R,3,3713,伊藤誠二,愛知,A2,6.44,6.37,0.22,11,0.24,12,0.25,13,0.16,2.7,,,0.04,2,0.08,4,0.00,0,,,,0.3,0.267,A,5,5,0.32,0.07,17:19
蒲郡,05R,4,4035,杉江浩明,愛知,B1,4.09,4.09,0.02,1,0.09,5,0.15,8,0.21,4.4,,,0.00,0,0.02,1,0.02,1,,,,0.25,0.083,C,4,3,0.00,0.26,17:19
蒲郡,05R,5,5318,河内一馬,愛知,B1,3.53,2.31,0.02,1,0.05,3,0.08,5,0.17,3.3,,,0.00,0,0.00,0,0.04,2,,,,0,0,B,4,4,0.15,0.02,17:19
蒲郡,05R,6,4914,吉田裕平,愛知,A1,7.06,7.14,0.12,5,0.14,6,0.19,8,0.12,3.3,,,0.02,1,0.00,0,0.05,2,,,,0.413,0.261,C,3,3,0.25,0.14,17:19
蒲郡,06R,1,5319,近藤颯斗,愛知,B1,5.05,3.97,0.45,14,0.06,2,0.29,9,0.16,3.0,,,0.13,4,0.20,6,0.07,2,,,,0.308,0.462,C,3,3,0.36,0.18,17:47
蒲郡,06R,2,4910,中村泰平,愛知,A1,6.33,7.27,0.18,9,0.37,18,0.16,8,0.15,2.9,,,0.04,2,0.09,4,0.00,,,,,0.292,0.354,B,4,4,0.31,0.03,17:47
蒲郡,06R,3,5345,牧村俊輝,愛知,B1,2.92,2.11,0.00,0,0.00,0,0.00,0,0.17,4.0,,,0.00,0,0.00,0,0.00,0,,,,0,0,D,2,3,0.00,0.00,17:47
蒲郡,06R,4,4067,永井源,愛知,A1,6.03,6.26,0.14,10,0.23,16,0.19,13,0.16,3.1,0.17,3.3,0.06,4,0.06,4,0.01,1,3.2,C,,0.5,0.283,A,4,5,0.22,0.06,17:47
蒲郡,06R,5,5039,倉田茂将,愛知,A2,4.61,4.19,0.05,2,0.18,7,0.25,10,0.13,3.1,,,0.00,0,0.00,0,0.03,1,,,,0.353,0.294,C,3,4,0.29,0.07,17:47
蒲郡,06R,6,3642,大塚浩二,静岡,B1,3.82,3.73,0.00,0,0.03,1,0.06,2,0.20,4.0,,,0.00,0,0.00,0,0.00,0,,,,0.125,0,D,2,3,0.17,0.35,17:47
蒲郡,07R,1,3550,都築正治,愛知,A2,5.39,6.62,0.62,32,0.15,8,0.06,3,0.15,3.3,,,0.10,5,0.12,6,0.12,6,,,,0.433,0.267,B,4,4,0.26,0.14,18:15
蒲郡,07R,2,4229,市川美宏,静岡,B1,3.82,4.06,0.11,5,0.23,10,0.14,6,0.19,4.2,,,0.05,2,0.05,2,0.00,,,,,0.308,0.231,C,3,3,0.06,0.33,18:15
蒲郡,07R,3,4604,岩瀬裕亮,愛知,A1,7.08,7.28,0.06,4,0.33,21,0.31,20,0.15,3.5,,,0.02,1,0.00,0,0.02,1,,,,0.3,0.35,B,4,4,0.04,0.15,18:15
蒲郡,07R,4,4850,野中一平,愛知,A1,6.06,7.28,0.15,7,0.11,5,0.26,12,0.11,2.2,0.08,1.2,0.07,3,0.07,3,0.02,1,3.2,A+,,0.345,0.207,C,3,3,0.53,0.00,18:15
蒲郡,07R,5,4681,太田潮,愛知,B1,4.07,4.38,0.03,1,0.08,3,0.13,5,0.18,3.9,,,0.00,0,0.00,0,0.03,1,,,,0.222,0.222,B,4,4,0.03,0.14,18:15
蒲郡,07R,6,5211,高井駿弥,愛知,B1,4.56,4.04,0.00,0,0.09,3,0.06,2,0.21,4.1,,,0.00,0,0.00,0,0.00,0,,,,0,0.5,B,4,4,0.04,0.30,18:15
蒲郡,08R,1,4306,畔柳俊吾,愛知,A2,4.56,4.32,0.35,12,0.21,7,0.24,8,0.21,4.0,,,0.22,8,0.31,11,0.11,4,,,,0.5,0.25,B,4,4,0.07,0.24,18:46
蒲郡,08R,2,3941,池田浩二,愛知,A1,7.99,8.54,0.17,8,0.37,17,0.24,11,0.13,3.3,,,0.07,3,0.02,1,0.00,,,,,0.409,0.303,B,4,4,0.16,0.11,18:46
蒲郡,08R,3,5061,中村駿平,愛知,B1,3.36,3.79,0.03,1,0.20,7,0.09,3,0.17,3.2,,,0.00,0,0.06,2,0.00,0,,,,0.571,0,C,4,3,0.08,0.04,18:46
蒲郡,08R,4,3967,鈴木茂高,愛知,B1,4.84,4.73,0.00,0,0.14,6,0.14,6,0.19,4.1,,,0.00,0,0.00,0,0.00,0,,,,0.143,0.571,C,3,3,0.06,0.15,18:46
蒲郡,08R,5,3988,古川誠之,愛知,A2,5.74,6.22,0.04,2,0.16,7,0.36,16,0.14,3.1,,,0.00,0,0.02,1,0.02,1,,,,0.371,0.257,C,3,3,0.19,0.08,18:46
蒲郡,08R,6,4527,高野心吾,愛知,B1,4.06,4.19,0.00,0,0.04,1,0.00,0,0.21,4.9,,,0.00,0,0.00,0,0.00,0,,,,0.364,0.091,B,4,4,0.00,0.39,18:46
蒲郡,09R,1,4960,黒野元基,愛知,A1,7.60,6.91,0.72,50,0.16,11,0.06,4,0.14,2.8,,,0.07,5,0.07,5,0.09,6,,,,0.245,0.347,B,4,4,0.35,0.08,19:18
蒲郡,09R,2,3327,野長瀬正孝,静岡,A2,5.96,6.14,0.15,8,0.30,16,0.22,12,0.16,2.7,,,0.08,5,0.05,3,0.00,,,,,0.375,0.219,A,4,5,0.28,0.06,19:18
蒲郡,09R,3,3839,川合理司,静岡,B1,3.76,3.37,0.04,2,0.23,11,0.17,8,0.16,2.7,,,0.00,0,0.00,0,0.04,2,,,,0.455,0.182,C,4,3,0.25,0.05,19:18
蒲郡,09R,4,4483,北野輝季,愛知,A1,6.80,7.82,0.30,13,0.18,8,0.20,9,0.14,2.7,,,0.02,1,0.23,10,0.12,5,,,,0.288,0.308,C,3,3,0.33,0.06,19:18
蒲郡,09R,5,4409,坂元浩仁,愛知,A2,7.13,6.80,0.10,5,0.21,10,0.25,12,0.14,2.8,,,0.00,0,0.02,1,0.09,5,,,,0.379,0.241,C,4,3,0.26,0.00,19:18
蒲郡,09R,6,5082,一色凌雅,愛知,B1,4.91,4.87,0.05,2,0.09,4,0.16,7,0.20,4.8,,,0.00,0,0.00,0,0.04,2,,,,0.462,0.231,C,3,3,0.08,0.43,19:18
蒲郡,10R,1,4786,佐藤博亮,愛知,A1,6.81,6.29,0.67,46,0.16,11,0.07,5,0.14,2.5,,,0.09,6,0.03,2,0.16,11,,,,0.413,0.239,C,3,4,0.40,0.08,19:49
蒲郡,10R,2,5262,鈴木章司,愛知,B1,4.77,3.29,0.06,3,0.23,11,0.27,13,0.16,3.6,,,0.02,1,0.02,1,0.00,,,,,0.4,0,A,5,4,0.08,0.13,19:49
蒲郡,10R,3,4293,鈴木智啓,愛知,A2,4.48,5.63,0.08,5,0.25,15,0.28,17,0.17,3.1,,,0.00,0,0.05,3,0.02,1,,,,0.195,0.244,A,5,4,0.14,0.08,19:49
蒲郡,10R,4,5137,川原涼,愛知,B1,5.53,4.33,0.14,5,0.14,5,0.17,6,0.14,2.4,,,0.03,1,0.13,5,0.03,1,,,,0.5,0.318,C,3,3,0.28,0.03,19:49
蒲郡,10R,5,4067,永井源,愛知,A1,6.03,6.26,0.06,3,0.20,10,0.16,8,0.16,3.3,0.17,3.3,0.00,0,0.03,2,0.05,3,3.2,C,,0.5,0.283,A,4,5,0.22,0.08,19:49
蒲郡,10R,6,4989,石原翼,静岡,A2,6.05,5.77,0.04,2,0.06,3,0.17,8,0.16,3.7,,,0.00,0,0.00,0,0.00,0,,,,0.189,0.378,B,4,4,0.14,0.19,19:49
蒲郡,11R,1,4084,杉山正樹,愛知,A1,6.90,6.89,0.80,59,0.11,8,0.04,3,0.15,2.9,,,0.06,4,0.11,8,0.01,1,,,,0.351,0.263,D,2,2,0.30,0.04,20:16
蒲郡,11R,2,4850,野中一平,愛知,A1,6.06,7.28,0.21,11,0.30,16,0.13,7,0.11,2.4,0.08,1.2,0.20,10,0.00,0,0.00,,3.2,A+,,0.345,0.207,C,3,3,0.35,0.00,20:16
蒲郡,11R,3,4442,松竹大輔,愛知,B1,5.65,5.86,0.15,7,0.19,9,0.15,7,0.15,2.8,,,0.02,1,0.04,2,0.09,4,,,,0.258,0.258,C,3,4,0.20,0.00,20:16
蒲郡,11R,4,3713,伊藤誠二,愛知,A2,6.44,6.37,0.17,8,0.19,9,0.15,7,0.14,2.3,,,0.02,1,0.09,5,0.06,3,,,,0.3,0.267,A,5,5,0.36,0.00,20:16
蒲郡,11R,5,3455,谷本幸司,愛知,B1,5.09,4.00,0.03,1,0.03,1,0.30,11,0.19,3.6,,,0.00,0,0.00,0,0.02,1,,,,0.35,0.35,B,4,4,0.17,0.14,20:16
蒲郡,11R,6,4516,野口勝弘,愛知,A2,6.52,6.55,0.02,1,0.18,9,0.20,10,0.18,4.1,,,0.00,0,0.02,1,0.00,0,,,,0.288,0.346,C,4,3,0.09,0.24,20:16
蒲郡,12R,1,3941,池田浩二,愛知,A1,7.99,8.54,0.87,66,0.05,4,0.04,3,0.12,2.4,,,0.04,3,0.05,4,0.03,2,,,,0.409,0.303,B,4,4,0.39,0.07,20:45
蒲郡,12R,2,4074,柳沢一,愛知,A1,6.34,6.85,0.21,13,0.34,21,0.20,12,0.14,2.9,,,0.17,9,0.04,2,0.00,,,,,0.417,0.167,C,4,3,0.22,0.10,20:45
蒲郡,12R,3,4914,吉田裕平,愛知,A1,7.06,7.14,0.18,9,0.35,17,0.22,11,0.12,2.6,,,0.00,0,0.02,1,0.17,8,,,,0.413,0.261,C,3,3,0.26,0.05,20:45
蒲郡,12R,4,5068,前田滉,愛知,A1,7.05,6.41,0.23,12,0.21,11,0.26,14,0.16,3.1,,,0.05,3,0.16,10,0.00,0,,,,0.204,0.444,A,5,5,0.26,0.07,20:45
蒲郡,12R,5,4604,岩瀬裕亮,愛知,A1,7.08,7.28,0.12,7,0.12,7,0.26,15,0.16,3.7,,,0.02,1,0.00,0,0.09,5,,,,0.3,0.35,B,4,4,0.07,0.00,20:45
蒲郡,12R,6,4910,中村泰平,愛知,A1,6.33,7.27,0.05,2,0.14,6,0.23,10,0.18,4.6,,,0.00,0,0.03,1,0.00,0,,,,0.292,0.354,B,4,4,0.07,0.37,20:45
多摩川,01R,1,5201,村上宗太郎,東京,B1,5.39,4.98,0.50,10,0.15,3,0.10,2,0.16,3.6,0.25,4.6,0.22,4,0.22,4,0.00,0,3,B+,,0.3,0.3,C,4,3,0.11,0.11,12:02
多摩川,01R,2,4114,深澤達徳,東京,B1,4.98,5.67,0.07,3,0.22,9,0.27,11,0.21,4.0,0.16,2.0,0.05,2,0.03,1,0.00,,4,A+,,0.095,0.381,C,3,3,0.07,0.25,12:02
多摩川,01R,3,4627,藤原菜希,東京,A2,6.30,6.35,0.23,9,0.15,6,0.21,8,0.16,2.7,0.20,4.5,0.03,1,0.11,4,0.11,4,3,-,未消化FF,0.269,0.385,C,3,3,0.31,0.03,12:02
多摩川,01R,4,5190,大月遊雅,東京,B1,4.47,4.21,0.08,3,0.13,5,0.05,2,0.20,4.5,0.29,3.0,0.00,0,0.03,1,0.05,2,3.8,B+,,0.125,0.5,B,3,5,0.07,0.32,12:02
多摩川,01R,5,4906,鈴木雅希,東京,B1,5.84,5.54,0.05,3,0.16,9,0.25,14,0.15,2.6,0.12,4.3,0.00,0,0.02,1,0.04,2,3,A,F,0.3,0.25,D,3,2,0.33,0.02,12:02
多摩川,01R,6,4759,今泉友吾,東京,A1,6.64,7.08,0.04,2,0.17,9,0.23,12,0.17,3.6,0.10,2.3,0.00,0,0.00,0,0.00,0,4.2,S,,0.282,0.308,A,5,4,0.16,0.18,12:02
多摩川,02R,1,3812,山崎聖司,東京,B1,4.40,4.20,0.30,14,0.32,15,0.13,6,0.16,2.7,0.26,5.3,0.28,12,0.21,9,0.21,9,3,-,F,0.538,0.231,B,5,3,0.29,0.09,12:34
多摩川,02R,2,5228,若林樹蘭,東京,B2,6.13,5.82,0.21,8,0.26,10,0.11,4,0.17,3.1,0.14,3.3,0.18,6,0.06,2,0.00,,3,-,F,0.321,0.214,C,4,3,0.17,0.04,12:34
多摩川,02R,3,3256,三角哲男,東京,A2,6.36,6.73,0.21,11,0.38,20,0.21,11,0.14,2.6,0.14,3.0,0.00,0,0.10,5,0.10,5,3.7,S,,0.417,0.222,A,4,5,0.28,0.13,12:34
多摩川,02R,4,5096,上原崚,東京,A2,5.64,5.82,0.09,4,0.18,8,0.20,9,0.14,2.4,0.13,2.6,0.00,0,0.00,0,0.07,3,2.7,B+,F,0.243,0.297,C,4,3,0.39,0.08,12:34
多摩川,02R,5,3859,多羅尾達之,東京,B1,4.72,4.83,0.08,2,0.08,2,0.00,0,0.14,3.1,0.15,2.6,0.00,0,0.04,1,0.04,1,3,-,,0.286,0.286,D,2,3,0.20,0.05,12:34
多摩川,02R,6,5433,米本圭佑,東京,B2,1.80,1.22,0.00,0,0.02,1,0.00,0,0.23,4.5,0.36,6.0,0.00,0,0.00,0,0.00,0,2.3,-,F,0,0,C,3,3,0.04,0.48,12:34
多摩川,03R,1,4863,三浦裕貴,東京,B1,4.93,5.27,0.35,8,0.13,3,0.22,5,0.18,3.3,0.20,3.6,0.27,6,0.18,4,0.18,4,3,-,,0.625,0,C,3,3,0.32,0.26,13:04
多摩川,03R,2,5314,中曽瑠華,東京,B2,3.34,2.23,0.00,0,0.00,0,0.33,4,0.16,2.7,0.22,4.6,0.00,0,0.00,0,0.00,,3,A+,,0,1,C,3,4,0.67,0.33,13:04
多摩川,03R,3,3377,塚田修二,東京,B1,3.81,4.56,0.03,1,0.21,7,0.06,2,0.19,4.3,0.24,5.0,0.00,0,0.03,1,0.00,0,3,S,,0,0.5,C,3,4,0.00,0.19,13:04
多摩川,03R,4,4818,伏見俊介,東京,B2,3.87,5.44,0.36,8,0.27,6,0.05,1,0.10,1.5,0.14,2.3,0.00,0,0.33,7,0.05,1,2.4,-,FF,0.5,0.125,D,2,3,0.67,0.00,13:04
多摩川,03R,5,4928,栗城匠,東京,A1,6.59,6.79,0.24,10,0.10,4,0.17,7,0.16,3.2,0.15,2.5,0.00,0,0.02,1,0.15,6,4,A,,0.4,0.325,B,4,4,0.22,0.08,13:04
多摩川,03R,6,4688,永井彪也,東京,A1,6.34,7.29,0.04,2,0.09,5,0.16,9,0.14,3.3,0.15,2.0,0.02,1,0.00,0,0.02,1,3,S,,0.457,0.261,A,5,4,0.23,0.13,13:04
多摩川,04R,1,4286,平田さやか,東京,A2,5.56,6.23,0.57,40,0.29,20,0.07,5,0.13,2.5,0.21,3.6,0.12,8,0.23,15,0.06,4,3.6,C,,0.324,0.297,B,4,4,0.44,0.09,13:34
多摩川,04R,2,2538,高橋二朗,東京,B1,3.46,3.86,0.02,1,0.07,3,0.17,7,0.19,4.1,0.17,4.0,0.02,1,0.00,0,0.00,,3,C,,0,1,C,3,3,0.09,0.34,13:34
多摩川,04R,3,4297,山田哲也,東京,A1,6.45,7.23,0.12,6,0.18,9,0.22,11,0.12,2.3,0.11,1.6,0.02,1,0.10,5,0.02,1,3,-,未消化F,0.45,0.175,C,3,3,0.42,0.05,13:34
多摩川,04R,4,4891,寺島美里,東京,B1,4.86,5.49,0.11,5,0.09,4,0.13,6,0.14,2.5,0.26,3.0,0.02,1,0.04,2,0.02,1,3,-,未消化F,0.478,0.261,C,3,3,0.28,0.03,13:34
多摩川,04R,5,4335,若林将,東京,A1,7.29,7.17,0.07,3,0.12,5,0.37,16,0.12,2.4,0.11,1.3,0.00,0,0.00,0,0.06,3,3,C,,0.3,0.32,C,3,3,0.28,0.00,13:34
多摩川,04R,6,5415,阿部未侑,東京,B2,1.30,1.09,0.00,0,0.00,0,0.01,1,0.24,4.9,0.34,5.0,0.00,0,0.00,0,0.00,0,2.4,A,未消化FF,0,0,D,2,2,0.07,0.58,13:34
多摩川,05R,1,4117,廣中智紗衣,東京,A1,5.86,5.68,0.48,28,0.33,19,0.05,3,0.20,3.6,0.25,3.6,0.18,10,0.16,9,0.16,9,2.6,C,F,0.286,0.393,C,4,2,0.16,0.21,14:03
多摩川,05R,2,3792,田中豪,東京,A2,6.62,6.13,0.21,10,0.27,13,0.23,11,0.18,4.0,0.16,3.5,0.09,4,0.09,4,0.00,,4,B+,,0.292,0.292,B,3,5,0.06,0.11,14:03
多摩川,05R,3,3771,折下寛法,東京,B1,5.30,6.00,0.09,4,0.15,7,0.30,14,0.13,2.6,0.20,4.0,0.00,0,0.07,3,0.02,1,3,B+,,0.304,0.304,D,3,2,0.31,0.03,14:03
多摩川,05R,4,5133,堀越雄貴,東京,B1,5.14,4.38,0.05,2,0.11,5,0.18,8,0.18,3.7,0.21,5.0,0.00,0,0.02,1,0.02,1,3.4,C,F,0.143,0.429,B,4,4,0.13,0.13,14:03
多摩川,05R,5,5190,大月遊雅,東京,B1,4.47,4.21,0.03,1,0.05,2,0.05,2,0.19,4.5,0.29,3.0,0.00,0,0.00,0,0.02,1,3.8,B+,,0.125,0.5,B,3,5,0.00,0.22,14:03
多摩川,05R,6,5436,市川瑚幸,東京,B2,1.08,0.86,0.00,0,0.00,0,0.00,0,0.24,4.9,0.29,6.0,0.00,0,0.00,0,0.00,0,2.3,C,,0,0,D,2,3,0.06,0.53,14:03
多摩川,06R,1,4460,後藤翔之,東京,A2,6.09,6.09,0.57,41,0.17,12,0.10,7,0.13,2.6,0.15,2.6,0.20,14,0.11,8,0.08,6,4,A,未消化F,0.366,0.341,B,4,4,0.40,0.11,14:36
多摩川,06R,2,4676,後藤隼之,東京,B1,5.66,5.66,0.06,3,0.25,13,0.25,13,0.15,3.0,0.24,2.6,0.02,1,0.06,3,0.00,,3,-,,0.286,0.381,C,3,3,0.24,0.05,14:36
多摩川,06R,3,5201,村上宗太郎,東京,B1,5.39,4.98,0.10,2,0.15,3,0.10,2,0.17,3.7,0.25,4.6,0.00,0,0.05,1,0.05,1,3,B+,,0.3,0.3,C,4,3,0.15,0.00,14:36
多摩川,06R,4,3812,山崎聖司,東京,B1,4.40,4.20,0.05,3,0.15,9,0.28,17,0.19,3.7,0.26,5.3,0.02,1,0.02,1,0.02,1,3,-,F,0.538,0.231,B,5,3,0.11,0.13,14:36
多摩川,06R,5,4075,中野次郎,東京,A1,6.38,6.92,0.15,8,0.13,7,0.28,15,0.13,2.8,0.19,4.0,0.03,2,0.02,1,0.08,5,3.2,B+,未消化F,0.34,0.255,B,4,4,0.27,0.02,14:36
多摩川,06R,6,4496,内堀学,東京,A2,6.91,5.92,0.15,7,0.25,12,0.10,5,0.15,3.4,0.13,2.0,0.00,0,0.11,4,0.00,0,3.2,A+,,0.364,0.295,A,4,5,0.20,0.17,14:36
多摩川,07R,1,4134,杉山貴博,東京,A2,5.98,6.23,0.65,39,0.20,12,0.02,1,0.13,2.5,0.18,3.3,0.10,6,0.08,5,0.12,7,3,C,F,0.359,0.333,B,4,4,0.42,0.04,15:06
多摩川,07R,2,4085,荻野裕介,東京,B1,4.99,4.72,0.22,5,0.26,6,0.13,3,0.25,5.2,0.19,3.0,0.17,4,0.00,0,0.00,,3,A,,0.5,0.167,C,4,3,0.00,0.47,15:06
多摩川,07R,3,4906,鈴木雅希,東京,B1,5.84,5.54,0.15,7,0.26,12,0.36,17,0.15,3.3,0.12,4.3,0.04,2,0.02,1,0.06,3,3,A,F,0.3,0.25,D,3,2,0.14,0.09,15:06
多摩川,07R,4,5228,若林樹蘭,東京,B2,6.13,5.82,0.05,2,0.19,7,0.22,8,0.16,3.0,0.14,3.3,0.00,0,0.03,1,0.00,0,3,-,F,0.321,0.214,C,4,3,0.09,0.05,15:06
多摩川,07R,5,4095,福来剛,東京,A1,7.25,7.13,0.19,8,0.21,9,0.19,8,0.14,2.9,0.10,2.0,0.00,0,0.00,0,0.16,7,3,-,,0.349,0.372,C,4,3,0.15,0.03,15:06
多摩川,07R,6,4792,杉村賢也,東京,A2,5.24,5.33,0.00,0,0.06,2,0.14,5,0.18,3.6,0.16,2.6,0.00,0,0.00,0,0.04,1,3.3,A,未消化FF,0.235,0.412,C,3,4,0.19,0.19,15:06
多摩川,08R,1,5096,上原崚,東京,A2,5.64,5.82,0.69,37,0.11,6,0.07,4,0.13,2.4,0.13,2.6,0.08,4,0.08,4,0.09,5,2.7,B+,F,0.243,0.297,C,4,3,0.46,0.09,15:40
多摩川,08R,2,4791,黒澤めぐみ,東京,A2,5.15,4.86,0.13,6,0.35,17,0.13,6,0.17,2.9,0.22,2.7,0.07,3,0.00,0,0.00,,3.6,A+,F,0.391,0.391,B,4,4,0.26,0.10,15:40
多摩川,08R,3,3072,西田靖,東京,B1,4.17,4.43,0.02,1,0.07,3,0.13,6,0.22,4.6,0.18,2.6,0.00,0,0.00,0,0.00,0,3,B+,F,0.278,0.333,D,3,2,0.08,0.39,15:40
多摩川,08R,4,4863,三浦裕貴,東京,B1,4.93,5.27,0.22,7,0.09,3,0.09,3,0.16,3.0,0.20,3.6,0.04,1,0.17,4,0.00,0,3,-,,0.625,0,C,3,3,0.37,0.16,15:40
多摩川,08R,5,4266,長田頼宗,東京,A1,6.43,6.78,0.13,6,0.15,7,0.17,8,0.15,3.6,0.24,4.2,0.00,0,0.00,0,0.11,5,3.3,A+,,0.431,0.216,C,4,3,0.08,0.05,15:40
多摩川,08R,6,5044,渡邉健,東京,B1,4.52,6.00,0.00,0,0.07,3,0.17,7,0.19,4.1,0.23,4.0,0.00,0,0.00,0,0.00,0,4.2,C,,0.217,0.261,C,3,3,0.11,0.34,15:40
多摩川,09R,1,4086,寺本重宣,東京,A2,6.22,5.93,0.46,24,0.19,10,0.13,7,0.13,2.5,0.18,3.0,0.13,7,0.21,11,0.19,10,4,A,,0.44,0.2,C,4,2,0.40,0.08,16:13
多摩川,09R,2,3226,浦田信義,東京,B1,4.98,4.71,0.00,0,0.29,15,0.13,7,0.17,3.5,0.27,3.3,0.00,0,0.00,0,0.00,,2.6,-,F,0.474,0.211,C,3,3,0.11,0.11,16:13
多摩川,09R,3,4286,平田さやか,東京,A2,5.56,6.23,0.08,5,0.12,8,0.29,19,0.15,2.4,0.21,3.6,0.02,1,0.03,2,0.03,2,3.6,C,,0.324,0.297,B,4,4,0.32,0.04,16:13
多摩川,09R,4,3771,折下寛法,東京,B1,5.30,6.00,0.09,4,0.14,6,0.23,10,0.14,2.4,0.20,4.0,0.02,1,0.00,0,0.07,3,3,B+,,0.304,0.304,D,3,2,0.25,0.06,16:13
多摩川,09R,5,5314,中曽瑠華,東京,B2,3.34,2.23,0.00,0,0.00,0,0.08,4,0.20,3.6,0.22,4.6,0.00,0,0.00,0,0.00,0,3,A+,,0,1,C,3,4,0.14,0.17,16:13
多摩川,09R,6,5331,佐藤永梧,東京,B1,4.10,3.80,0.03,1,0.05,2,0.03,1,0.17,4.1,0.14,1.6,0.00,0,0.00,0,0.02,1,3,A+,,0.273,0.364,C,3,4,0.10,0.31,16:13
多摩川,10R,1,4688,永井彪也,東京,A1,6.34,7.29,0.70,47,0.16,11,0.07,5,0.13,2.7,0.15,2.0,0.10,7,0.06,4,0.12,8,3,S,,0.457,0.261,A,5,4,0.34,0.11,16:45
多摩川,10R,2,4075,中野次郎,東京,A1,6.38,6.92,0.23,12,0.30,16,0.17,9,0.13,2.8,0.19,4.0,0.18,9,0.00,0,0.00,,3.2,B+,未消化F,0.34,0.255,B,4,4,0.27,0.05,16:45
多摩川,10R,3,4335,若林将,東京,A1,7.29,7.17,0.22,11,0.25,13,0.29,15,0.14,2.2,0.11,1.3,0.04,2,0.06,3,0.13,7,3,C,,0.3,0.32,C,3,3,0.42,0.02,16:45
多摩川,10R,4,3256,三角哲男,東京,A2,6.36,6.73,0.20,9,0.11,5,0.32,14,0.14,3.1,0.14,3.0,0.05,2,0.07,3,0.05,2,3.7,S,,0.417,0.222,A,4,5,0.23,0.13,16:45
多摩川,10R,5,4114,深澤達徳,東京,B1,4.98,5.67,0.00,0,0.15,6,0.23,9,0.19,4.0,0.16,2.0,0.00,0,0.00,0,0.00,0,4,A+,,0.095,0.381,C,3,3,0.11,0.19,16:45
多摩川,10R,6,4117,廣中智紗衣,東京,A1,5.86,5.68,0.05,2,0.15,6,0.28,11,0.21,4.2,0.25,3.6,0.00,0,0.00,0,0.06,2,2.6,C,F,0.286,0.393,C,4,2,0.07,0.32,16:45
多摩川,11R,1,4759,今泉友吾,東京,A1,6.64,7.08,0.74,40,0.09,5,0.13,7,0.14,2.8,0.10,2.3,0.02,1,0.13,7,0.11,6,4.2,S,,0.282,0.308,A,5,4,0.35,0.13,17:13
多摩川,11R,2,4847,佐藤隆太郎,東京,A1,6.34,6.33,0.17,8,0.31,15,0.21,10,0.12,2.9,0.14,2.2,0.09,4,0.07,3,0.00,,3.4,A,,0.279,0.279,B,4,4,0.31,0.05,17:13
多摩川,11R,3,5133,堀越雄貴,東京,B1,5.14,4.38,0.14,6,0.12,5,0.35,15,0.17,3.1,0.21,5.0,0.00,0,0.12,5,0.02,1,3.4,C,F,0.143,0.429,B,4,4,0.15,0.06,17:13
多摩川,11R,4,4297,山田哲也,東京,A1,6.45,7.23,0.17,8,0.22,10,0.13,6,0.10,2.0,0.11,1.6,0.00,0,0.13,6,0.04,2,3,-,未消化F,0.45,0.175,C,3,3,0.39,0.00,17:13
多摩川,11R,5,4085,荻野裕介,東京,B1,4.99,4.72,0.03,1,0.11,4,0.19,7,0.20,4.3,0.19,3.0,0.04,1,0.00,0,0.00,0,3,A,,0.5,0.167,C,4,3,0.00,0.28,17:13
多摩川,11R,6,4460,後藤翔之,東京,A2,6.09,6.09,0.03,2,0.08,5,0.25,15,0.16,3.5,0.15,2.6,0.00,0,0.05,2,0.00,0,4,A,未消化F,0.366,0.341,B,4,4,0.15,0.24,17:13
多摩川,12R,1,4496,内堀学,東京,A2,6.91,5.92,0.60,37,0.21,13,0.06,4,0.17,3.9,0.13,2.0,0.14,10,0.11,8,0.14,10,3.2,A+,,0.364,0.295,A,4,5,0.14,0.24,17:42
多摩川,12R,2,4095,福来剛,東京,A1,7.25,7.13,0.24,10,0.29,12,0.20,8,0.14,2.9,0.10,2.0,0.18,7,0.05,2,0.00,,3,-,,0.349,0.372,C,4,3,0.18,0.07,17:42
多摩川,12R,3,4266,長田頼宗,東京,A1,6.43,6.78,0.22,12,0.28,15,0.22,12,0.14,2.7,0.24,4.2,0.02,1,0.08,4,0.11,6,3.3,A+,,0.431,0.216,C,4,3,0.22,0.04,17:42
多摩川,12R,4,4928,栗城匠,東京,A1,6.59,6.79,0.28,13,0.30,14,0.23,11,0.14,2.4,0.15,2.5,0.04,2,0.13,7,0.08,4,4,A,,0.4,0.325,B,4,4,0.40,0.03,17:42
多摩川,12R,5,3792,田中豪,東京,A2,6.62,6.13,0.05,2,0.20,8,0.17,7,0.16,3.2,0.16,3.5,0.00,0,0.02,1,0.00,0,4,B+,,0.292,0.292,B,3,5,0.15,0.00,17:42
多摩川,12R,6,4134,杉山貴博,東京,A2,5.98,6.23,0.04,2,0.12,6,0.22,11,0.20,4.6,0.18,3.3,0.00,0,0.02,1,0.00,0,3,C,F,0.359,0.333,B,4,4,0.05,0.33,17:42
江戸川,01R,1,5279,石渡翔一郎,東京,B1,4.86,5.30,0.47,17,0.11,4,0.11,4,0.15,2.6,0.18,2.3,0.12,4,0.27,9,0.06,2,5,B+,F,0.375,0.312,C,4,3,0.44,0.07,11:14
江戸川,01R,2,5288,尾道佳諭,埼玉,B1,3.67,3.53,0.06,2,0.19,6,0.00,0,0.17,3.2,0.21,3.2,0.07,2,0.00,0,0.00,,2.8,C,F,0.2,0,#N/A!,#N/A!,#N/A!,0.08,0.13,11:14
江戸川,01R,3,4723,寺島吉彦,東京,B1,4.49,5.91,0.10,5,0.21,10,0.15,7,0.18,3.3,0.19,2.0,0.02,1,0.07,3,0.00,0,4.8,B+,,0.375,0.25,B,3,5,0.18,0.18,11:14
江戸川,01R,4,5063,大塚雅治,東京,B1,4.49,3.93,0.10,4,0.29,12,0.17,7,0.18,3.8,0.24,3.7,0.02,1,0.00,0,0.05,2,2.8,C,F,0.5,0.25,C,4,3,0.06,0.17,11:14
江戸川,01R,5,5290,坂本一真,東京,B1,3.65,2.46,0.00,0,0.08,3,0.00,0,0.17,3.4,0.22,3.0,0.00,0,0.00,0,0.00,0,2.8,A,,0.2,0.4,C,4,2,0.12,0.12,11:14
江戸川,01R,6,5427,港理樹,東京,B2,2.35,0.00,0.02,1,0.00,0,0.07,4,0.22,4.6,0.27,5.5,0.00,0,0.01,1,0.00,0,3.2,A+,,0,0,C,4,3,0.09,0.44,11:14
江戸川,02R,1,4995,田邉亮蔵,東京,B1,4.97,5.39,0.57,25,0.14,6,0.02,1,0.16,3.4,0.24,3.7,0.14,6,0.14,6,0.14,6,2.4,C,,0.44,0.24,C,3,3,0.19,0.19,11:41
江戸川,02R,2,3313,本吉正樹,東京,B1,4.35,4.80,0.05,2,0.19,8,0.16,7,0.18,3.7,0.20,2.7,0.00,0,0.04,2,0.00,,3.6,C,,0.583,0.25,C,3,3,0.10,0.23,11:41
江戸川,02R,3,3868,尾形栄治,東京,B1,4.65,5.29,0.04,2,0.23,11,0.15,7,0.18,3.4,0.30,4.3,0.00,0,0.02,1,0.02,1,3.8,S,,0.267,0.333,#N/A!,#N/A!,#N/A!,0.20,0.20,11:41
江戸川,02R,4,4619,伏田裕隆,東京,A2,4.72,5.64,0.08,4,0.23,12,0.13,7,0.16,3.1,0.19,2.3,0.00,0,0.13,5,0.03,1,4,A,,0.417,0.25,C,4,3,0.30,0.09,11:41
江戸川,02R,5,4880,澤崎雄哉,東京,B1,5.33,5.50,0.02,1,0.15,6,0.17,7,0.16,3.5,0.19,3.0,0.00,0,0.02,1,0.00,0,3,B+,,0.5,0.3,C,3,4,0.11,0.08,11:41
江戸川,02R,6,5315,浅井翼,埼玉,B1,2.67,2.69,0.06,2,0.03,1,0.06,2,0.15,3.3,0.30,5.8,0.02,1,0.00,0,0.02,1,3.8,C,未消化F,1,0,D,2,3,0.40,0.32,11:41
江戸川,03R,1,3303,渡辺豊,東京,B1,5.19,6.34,0.41,25,0.25,15,0.10,6,0.19,3.8,0.20,3.2,0.20,12,0.25,15,0.11,7,3.8,A+,,0.32,0.24,C,3,3,0.06,0.18,12:08
江戸川,03R,2,4945,上村宏太,東京,B1,4.30,5.26,0.05,2,0.14,5,0.14,5,0.19,3.8,0.19,2.5,0.03,1,0.00,0,0.00,,2.2,C,,0,0.5,C,3,3,0.03,0.19,12:08
江戸川,03R,3,3277,齋藤勇,東京,B1,4.14,4.91,0.02,1,0.17,9,0.23,12,0.17,3.4,0.30,3.7,0.02,1,0.00,0,0.00,0,2.3,B+,,0.385,0.231,D,3,2,0.10,0.19,12:08
江戸川,03R,4,5292,佐藤右京,東京,B1,3.86,3.37,0.00,0,0.00,0,0.13,5,0.20,4.3,0.32,3.5,0.00,0,0.00,0,0.00,0,2.8,C,,0.25,0.375,D,2,2,0.07,0.36,12:08
江戸川,03R,5,4440,萩原知哉,東京,B1,4.78,4.90,0.02,1,0.06,3,0.17,8,0.20,4.2,0.21,3.0,0.00,0,0.00,0,0.02,1,3.2,A+,,0.143,0.5,B,4,4,0.02,0.19,12:08
江戸川,03R,6,4366,前沢丈史,東京,A1,6.85,6.90,0.02,1,0.15,7,0.23,11,0.17,4.0,0.19,2.0,0.00,0,0.00,0,0.00,0,3.4,A,,0.269,0.327,A,5,4,0.15,0.41,12:08
江戸川,04R,1,4169,多田有佑,東京,B1,3.79,4.43,0.39,12,0.10,3,0.13,4,0.20,3.9,0.33,5.7,0.10,3,0.26,8,0.19,6,3.8,B+,F,0.25,0.25,#N/A!,#N/A!,#N/A!,0.12,0.19,12:35
江戸川,04R,2,4430,永田秀二,東京,A2,5.83,6.40,0.18,10,0.33,18,0.18,10,0.16,3.7,0.19,2.7,0.11,6,0.04,2,0.00,,3.8,-,,0.258,0.387,C,3,4,0.05,0.09,12:35
江戸川,04R,3,4145,小澤学,東京,B1,3.85,4.56,0.04,2,0.00,0,0.15,7,0.25,5.5,0.29,5.2,0.02,1,0.02,1,0.00,0,3,B+,,0,0.2,C,3,3,0.00,0.625,12:35
江戸川,04R,4,4748,渡邉雄朗,東京,A1,6.68,6.75,0.06,3,0.34,17,0.26,13,0.14,2.3,0.19,3.5,0.04,2,0.02,1,0.02,1,3,B+,F,0.288,0.269,B,3,5,0.44,0,12:35
江戸川,04R,5,4875,大塚康雅,東京,B1,5.00,5.12,0.03,1,0.05,2,0.25,10,0.19,3.5,0.20,2.5,0.00,0,0.00,0,0.03,1,3.2,A,,0.235,0.235,C,4,3,0.09,0.156,12:35
江戸川,04R,6,3105,内山文典,東京,B1,5.01,5.64,0.00,0,0.03,1,0.19,7,0.18,3.4,0.14,3.5,0.00,0,0.00,0,0.00,0,2.8,B+,,0.3,0.15,D,3,2,0.12,0.08,12:35
江戸川,05R,1,3202,三品隆浩,東京,B1,4.12,5.28,0.30,13,0.30,13,0.07,3,0.20,3.9,0.11,1.8,0.26,11,0.31,13,0.12,5,4,A+,,0.417,0.083,A,4,5,0.12,0.212,13:02
江戸川,05R,2,5242,高山弘斗,埼玉,B1,3.74,3.33,0.04,2,0.17,9,0.20,11,0.16,3.3,0.19,1.6,0.02,1,0.02,1,0.00,,2.6,C,,0.286,0.571,C,4,3,0.16,0.2,13:02
江戸川,05R,3,3517,高橋勲,東京,A2,5.60,5.58,0.13,7,0.15,8,0.32,17,0.14,2.9,0.14,2.7,0.00,0,0.00,0,0.11,6,3.4,A,,0.417,0.292,C,3,3,0.27,0.122,13:02
江戸川,05R,4,3602,奥平拓也,東京,B1,4.28,5.28,0.15,6,0.20,8,0.17,7,0.19,3.1,0.34,5.2,0.03,1,0.10,4,0.03,1,1.8,-,F,0.429,0.286,C,3,3,0.28,0.094,13:02
江戸川,05R,5,4379,桑島和宏,東京,A1,5.66,6.28,0.12,7,0.21,12,0.22,13,0.18,3.6,0.18,3.3,0.04,2,0.00,0,0.09,5,5.6,A+,,0.244,0.293,A,5,5,0.17,0.109,13:02
江戸川,05R,6,5427,港理樹,東京,B2,2.35,0.00,0.02,1,0.00,0,0.07,4,0.22,4.6,0.27,5.5,0.00,0,0.01,1,0.00,0,3.2,A+,,0,0,C,4,3,0.09,0.441,13:02
江戸川,06R,1,3313,本吉正樹,東京,B1,4.35,4.80,0.29,12,0.17,7,0.07,3,0.19,3.3,0.20,2.7,0.22,8,0.35,13,0.08,3,3.6,C,,0.583,0.25,C,3,3,0.30,0.222,13:29
江戸川,06R,2,4641,磯村匠,東京,B1,5.01,5.36,0.06,3,0.20,10,0.12,6,0.18,3.9,0.30,4.5,0.06,3,0.00,0,0.00,,4,A,,0.25,0.5,C,4,3,0.03,0.2,13:29
江戸川,06R,3,4644,山田亮太,東京,A2,6.21,5.21,0.10,5,0.25,12,0.23,11,0.16,3.2,0.15,3.2,0.00,0,0.06,3,0.06,3,3.6,C,,0.273,0.303,B,3,5,0.21,0.147,13:29
江戸川,06R,4,5371,早川颯太,東京,B2,1.67,1.61,0.02,1,0.00,0,0.02,1,0.23,4.7,0.16,4.0,0.00,0,0.03,1,0.00,0,2.3,B+,,0,0,D,2,3,0.07,0.444,13:29
江戸川,06R,5,5288,尾道佳諭,埼玉,B1,3.67,3.53,0.03,1,0.11,4,0.08,3,0.15,3.2,0.21,3.2,0.00,0,0.00,0,0.03,1,2.8,C,F,0.2,0,#N/A!,#N/A!,#N/A!,0.27,0.152,13:29
江戸川,06R,6,3940,飯山泰,東京,A1,6.32,6.07,0.02,1,0.11,6,0.20,11,0.16,3.9,0.16,2.3,0.00,0,0.02,1,0.00,0,3.8,B+,,0.417,0.167,B,4,4,0.14,0.238,13:29
江戸川,07R,1,3277,齋藤勇,東京,B1,4.14,4.91,0.30,13,0.16,7,0.18,8,0.15,2.9,0.30,3.7,0.09,4,0.32,14,0.16,7,2.3,B+,,0.385,0.231,D,3,2,0.29,0.088,13:56
江戸川,07R,2,4575,戸塚邦好,東京,A1,5.91,6.82,0.12,5,0.38,16,0.17,7,0.15,2.7,0.19,3.6,0.05,2,0.07,3,0.00,,3.8,A+,F,0.312,0.406,A,4,5,0.25,0.056,13:56
江戸川,07R,3,5290,坂本一真,東京,B1,3.65,2.46,0.03,1,0.13,5,0.10,4,0.18,4.1,0.22,3.0,0.00,0,0.03,1,0.00,0,2.8,A,,0.2,0.4,C,4,2,0.10,0.143,13:56
江戸川,07R,4,4995,田邉亮蔵,東京,B1,4.97,5.39,0.07,3,0.20,9,0.09,4,0.17,3.4,0.24,3.7,0.00,0,0.02,1,0.02,1,2.4,C,,0.44,0.24,C,3,3,0.06,0.083,13:56
江戸川,07R,5,4258,関根彰人,埼玉,B1,4.69,5.78,0.02,1,0.08,4,0.14,7,0.19,4.0,0.17,2.5,0.00,0,0.00,0,0.04,2,2.8,B+,,0.381,0.429,D,3,2,0.02,0.095,13:56
江戸川,07R,6,4318,桑原将光,東京,B1,5.55,6.24,0.07,3,0.05,2,0.28,12,0.16,3.6,0.15,3.5,0.00,0,0.00,0,0.04,2,2.6,B+,,0.464,0.286,C,4,3,0.18,0.25,13:56
江戸川,08R,1,4608,荒井翔伍,東京,A2,5.97,6.37,0.53,31,0.24,14,0.10,6,0.13,2.1,0.21,2.7,0.05,3,0.16,9,0.27,15,3.4,C,,0.207,0.414,B,4,4,0.52,0.045,14:24
江戸川,08R,2,4660,宇田川信一,東京,B2,4.13,5.07,0.04,1,0.20,5,0.12,3,0.22,4.7,0.28,5.0,0.04,1,0.00,0,0.00,,2.6,-,,1,0,D,2,2,0.00,0.4,14:24
江戸川,08R,3,3340,池田雷太,東京,B1,4.86,5.32,0.04,2,0.26,13,0.10,5,0.18,3.2,0.23,4.3,0.00,0,0.02,1,0.04,2,3,B+,,0.263,0.421,B,4,4,0.19,0.143,14:24
江戸川,08R,4,3868,尾形栄治,東京,B1,4.65,5.29,0.04,2,0.09,5,0.24,13,0.21,4.1,0.30,4.3,0.00,0,0.02,1,0.00,0,3.8,S,,0.267,0.333,#N/A!,#N/A!,#N/A!,0.03,0.229,14:24
江戸川,08R,5,5063,大塚雅治,東京,B1,4.49,3.93,0.00,0,0.06,2,0.17,6,0.17,3.3,0.24,3.7,0.00,0,0.00,0,0.00,0,2.8,C,F,0.5,0.25,C,4,3,0.14,0.091,14:24
江戸川,08R,6,4245,高橋直哉,東京,B1,4.65,5.09,0.03,1,0.05,2,0.14,5,0.20,4.7,0.22,3.2,0.00,0,0.00,0,0.03,1,3.4,B+,,0.357,0.071,C,3,4,0.06,0.455,14:24
江戸川,09R,1,5292,佐藤右京,東京,B1,3.86,3.37,0.24,8,0.15,5,0.15,5,0.22,4.1,0.32,3.5,0.13,4,0.35,11,0.13,4,2.8,C,,0.25,0.375,D,2,2,0.16,0.44,14:52
江戸川,09R,2,5070,中島航,東京,B1,3.97,4.68,0.09,4,0.13,6,0.24,11,0.19,3.9,0.31,5.0,0.03,1,0.03,1,0.00,,2.8,B+,F,0.333,0.167,C,3,3,0.09,0.114,14:52
江戸川,09R,3,4438,森作雄大,東京,A2,4.98,5.43,0.07,4,0.28,15,0.20,11,0.14,2.5,0.17,2.2,0.02,1,0.02,1,0.04,2,3,B+,,0.45,0.2,C,4,3,0.35,0.054,14:52
江戸川,09R,4,4169,多田有佑,東京,B1,3.79,4.43,0.03,1,0.13,5,0.15,6,0.20,4.4,0.33,5.7,0.00,0,0.03,1,0.00,0,3.8,B+,F,0.25,0.25,#N/A!,#N/A!,#N/A!,0.06,0.364,14:52
江戸川,09R,5,5279,石渡翔一郎,東京,B1,4.86,5.30,0.10,4,0.17,7,0.20,8,0.14,2.8,0.18,2.3,0.00,0,0.03,1,0.03,1,5,B+,F,0.375,0.312,C,4,3,0.37,0.033,14:52
江戸川,09R,6,5315,浅井翼,埼玉,B1,2.67,2.69,0.06,2,0.03,1,0.06,2,0.15,3.3,0.30,5.8,0.02,1,0.00,0,0.02,1,3.8,C,未消化F,1,0,D,2,3,0.40,0.316,14:52
江戸川,10R,1,3940,飯山泰,東京,A1,6.32,6.07,0.73,63,0.17,15,0.02,2,0.14,2.2,0.16,2.3,0.08,7,0.05,4,0.13,11,3.8,B+,,0.417,0.167,B,4,4,0.46,0.031,15:22
江戸川,10R,2,4379,桑島和宏,東京,A1,5.66,6.28,0.16,10,0.33,21,0.22,14,0.16,3.0,0.18,3.3,0.10,6,0.03,2,0.00,,5.6,A+,,0.244,0.293,A,5,5,0.21,0.104,15:22
江戸川,10R,3,4619,伏田裕隆,東京,A2,4.72,5.64,0.11,5,0.30,14,0.11,5,0.20,4.2,0.19,2.3,0.00,0,0.07,3,0.02,1,4,A,,0.417,0.25,C,4,3,0.03,0.235,15:22
江戸川,10R,4,4723,寺島吉彦,東京,B1,4.49,5.91,0.04,2,0.21,10,0.23,11,0.17,3.5,0.19,2.0,0.00,0,0.00,0,0.00,0,4.8,B+,,0.375,0.25,B,3,5,0.14,0.229,15:22
江戸川,10R,5,4430,永田秀二,東京,A2,5.83,6.40,0.06,3,0.18,9,0.18,9,0.18,3.9,0.19,2.7,0.02,1,0.02,1,0.03,2,3.8,-,,0.258,0.387,C,3,4,0.06,0.143,15:22
江戸川,10R,6,3303,渡辺豊,東京,B1,5.19,6.34,0.02,1,0.02,1,0.17,8,0.22,5.2,0.20,3.2,0.00,0,0.00,0,0.00,0,3.8,A+,,0.32,0.24,C,3,3,0.03,0.5,15:22
江戸川,11R,1,4366,前沢丈史,東京,A1,6.85,6.90,0.66,55,0.13,11,0.06,5,0.15,2.9,0.19,2.0,0.10,8,0.13,10,0.11,9,3.4,A,,0.269,0.327,A,5,4,0.29,0.079,15:53
江戸川,11R,2,4880,澤崎雄哉,東京,B1,5.33,5.50,0.05,2,0.39,16,0.15,6,0.17,3.2,0.19,3.0,0.03,1,0.03,1,0.00,,3,B+,,0.5,0.3,C,3,4,0.17,0.138,15:53
江戸川,11R,3,4748,渡邉雄朗,東京,A1,6.68,6.75,0.17,9,0.19,10,0.19,10,0.15,2.8,0.19,3.5,0.00,0,0.13,7,0.02,1,3,B+,F,0.288,0.269,B,3,5,0.30,0.1,15:53
江戸川,11R,4,4644,山田亮太,東京,A2,6.21,5.21,0.15,9,0.15,9,0.15,9,0.14,3.3,0.15,3.2,0.00,0,0.11,7,0.00,0,3.6,C,,0.273,0.303,B,3,5,0.15,0.083,15:53
江戸川,11R,5,4575,戸塚邦好,東京,A1,5.91,6.82,0.05,2,0.14,6,0.40,17,0.15,3.1,0.19,3.6,0.00,0,0.04,2,0.02,1,3.8,A+,F,0.312,0.406,A,4,5,0.24,0.027,15:53
江戸川,11R,6,3202,三品隆浩,東京,B1,4.12,5.28,0.00,0,0.10,4,0.07,3,0.25,5.1,0.11,1.8,0.00,0,0.00,0,0.00,0,4,A+,,0.417,0.083,A,4,5,0.00,0.5,15:53
江戸川,12R,1,5095,小原聡将,東京,A2,6.04,6.38,0.60,32,0.17,9,0.09,5,0.15,2.9,0.21,3.0,0.00,0,0.26,14,0.07,4,4,A+,未消化F,0.273,0.545,B,4,4,0.39,0.122,16:25
江戸川,12R,2,4077,品田直樹,東京,B1,5.40,5.59,0.14,8,0.28,16,0.22,13,0.17,3.4,0.16,3.4,0.08,4,0.06,3,0.00,,3,B+,,0.4,0.333,B,4,4,0.08,0.111,16:25
江戸川,12R,3,4598,加藤政彦,東京,A1,5.23,6.26,0.23,10,0.32,14,0.16,7,0.12,1.9,0.18,2.0,0.05,2,0.07,3,0.09,4,4.8,B+,F,0.276,0.207,A,5,4,0.54,0,16:25
江戸川,12R,4,3888,山本英志,東京,A2,5.58,6.17,0.11,6,0.09,5,0.27,15,0.15,3.0,0.09,2.5,0.07,4,0.03,2,0.00,0,4.4,C,,0.367,0.267,B,4,4,0.21,0.085,16:25
江戸川,12R,5,4468,大池佑来,東京,A1,6.31,6.99,0.14,7,0.10,5,0.20,10,0.12,2.8,0.17,1.6,0.02,1,0.09,4,0.04,2,3.6,A,,0.408,0.184,B,4,4,0.36,0.056,16:25
江戸川,12R,6,5007,近藤雄一郎,東京,B1,5.02,5.29,0.02,1,0.15,6,0.22,9,0.21,4.7,0.13,2.2,0.02,1,0.00,0,0.00,0,4,A,,0.267,0.4,A,4,5,0.03,0.529,16:25
戸田,01R,1,3596,河上年昭,埼玉,B1,3.64,5.02,0.32,11,0.18,6,0.24,8,0.17,3.4,,,0.18,6,0.27,9,0.18,6,,,,0.273,0.455,C,3,4,0.26,0.222,10:47
戸田,01R,2,5167,小川竜太朗,埼玉,B1,5.37,4.56,0.16,7,0.24,11,0.13,6,0.17,3.1,,,0.12,5,0.05,2,0.00,,,,,0.556,0.222,B,4,4,0.17,0.067,10:47
戸田,01R,3,5087,佐藤航,埼玉,A2,7.22,5.76,0.21,10,0.25,12,0.25,12,0.15,3.2,,,0.00,0,0.12,5,0.05,2,,,,0.471,0.324,C,3,3,0.10,0.097,10:47
戸田,01R,4,5357,田中瀬里奈,埼玉,B2,1.57,1.64,0.00,0,0.02,1,0.02,1,0.20,4.5,,,0.00,0,0.00,0,0.00,0,,,,0,0,A,4,5,0.04,0.28,10:47
戸田,01R,5,3952,中澤和志,埼玉,A1,6.73,7.27,0.15,8,0.09,5,0.30,16,0.15,2.4,,,0.02,1,0.07,4,0.12,7,,,,0.195,0.317,C,3,4,0.39,0.022,10:47
戸田,01R,6,4191,赤羽克也,埼玉,A2,6.53,6.13,0.00,0,0.11,5,0.18,8,0.18,4.0,,,0.00,0,0.00,0,0.00,0,,,,0.412,0.265,B,5,3,0.07,0.258,10:47
戸田,02R,1,5005,石田貴洋,埼玉,B1,6.85,5.53,0.51,25,0.22,11,0.10,5,0.18,3.2,,,0.19,9,0.13,6,0.15,7,,,,0.4,0.36,B,4,4,0.22,0.111,11:16
戸田,02R,2,3647,伊藤雄二,埼玉,B1,3.48,4.56,0.00,0,0.15,7,0.28,13,0.17,3.5,,,0.00,0,0.00,0,0.00,,,,,0.6,0,C,3,4,0.12,0.176,11:16
戸田,02R,3,4738,清埜翔子,埼玉,A2,5.71,5.69,0.11,7,0.44,27,0.11,7,0.16,3.0,,,0.03,2,0.05,3,0.02,1,,,,0.38,0.24,C,4,3,0.20,0.02,11:16
戸田,02R,4,3983,須藤博倫,埼玉,A2,6.37,6.70,0.11,6,0.21,12,0.16,9,0.13,2.8,,,0.06,4,0.06,4,0.02,1,,,,0.432,0.378,B,5,3,0.20,0.067,11:16
戸田,02R,5,4109,谷津幸宏,埼玉,A1,5.81,5.96,0.16,7,0.07,3,0.18,8,0.13,2.5,,,0.02,1,0.04,2,0.06,3,,,,0.314,0.275,S,5,5,0.29,0.067,11:16
戸田,02R,6,5466,最終手段失敗,埼玉,B2,0.00,0.00,#N/A!,#N/A!,#N/A!,#N/A!,#N/A!,#N/A!,#N/A!,#N/A!,,,0.00,#N/A!,0.00,#N/A!,0.00,,,,,,,#N/A!,#N/A!,#N/A!,#N/A!,#N/A!,11:16
戸田,03R,1,5259,野田昇吾,埼玉,B1,3.16,2.97,0.32,8,0.04,1,0.00,0,0.12,2.0,,,0.30,6,0.25,5,0.10,2,,,,0.286,0,D,2,3,0.50,0,11:45
戸田,03R,2,5132,中野希一,埼玉,A1,7.23,6.93,0.30,17,0.32,18,0.23,13,0.13,2.5,,,0.14,8,0.07,4,0.00,,,,,0.308,0.385,C,3,3,0.31,0.083,11:45
戸田,03R,3,3664,鈴木賢一,埼玉,B1,4.68,5.53,0.04,2,0.23,11,0.19,9,0.15,3.0,,,0.00,0,0.07,3,0.00,0,,,,0.348,0.261,B,4,4,0.19,0.054,11:45
戸田,03R,4,4700,金子和之,埼玉,A2,6.02,5.93,0.15,8,0.25,13,0.17,9,0.15,2.9,,,0.04,2,0.08,4,0.00,0,,,,0.212,0.515,B,4,4,0.33,0.111,11:45
戸田,03R,5,5322,根岸真優,埼玉,B2,2.39,1.84,0.00,0,0.02,1,0.06,3,0.19,3.7,,,0.00,0,0.00,0,0.00,0,,,,0,1,C,4,3,0.12,0.14,11:45
戸田,03R,6,4528,黒井達矢,埼玉,A1,6.38,6.98,0.18,9,0.18,9,0.18,9,0.16,2.6,,,0.00,0,0.06,2,0.06,2,,,,0.404,0.269,C,3,3,0.32,0.071,11:45
戸田,04R,1,3306,武田正紀,埼玉,B1,4.22,4.74,0.24,8,0.18,6,0.18,6,0.16,3.0,,,0.24,8,0.29,10,0.12,4,,,,0.375,0.25,C,4,3,0.36,0.179,12:14
戸田,04R,2,5042,畑田汰一,埼玉,A1,6.45,6.44,0.20,11,0.38,21,0.18,10,0.12,2.1,,,0.15,8,0.06,3,0.00,,,,,0.37,0.196,S,5,5,0.41,0.024,12:14
戸田,04R,3,5287,滝沢織寧,埼玉,B1,3.64,3.25,0.00,0,0.07,3,0.19,8,0.15,2.8,,,0.00,0,0.00,0,0.00,0,,,,0.5,0,C,3,3,0.24,0.061,12:14
戸田,04R,4,4159,向後龍一,埼玉,A2,5.72,5.98,0.08,4,0.22,11,0.24,12,0.17,3.3,,,0.00,0,0.04,2,0.04,2,,,,0.432,0.091,B,3,5,0.12,0.07,12:14
戸田,04R,5,5051,松本純平,埼玉,A1,6.45,6.71,0.11,6,0.22,12,0.24,13,0.17,3.6,,,0.06,3,0.00,0,0.06,3,,,,0.25,0.354,D,3,2,0.14,0.068,12:14
戸田,04R,6,5147,田中勇輔,埼玉,B2,4.44,4.62,0.00,0,0.04,1,0.07,2,0.14,2.8,,,0.00,0,0.00,0,0.00,0,,,,0.571,0.143,B,4,4,0.32,0.091,12:14
戸田,05R,1,5045,平川香織,埼玉,A2,5.95,5.77,0.40,18,0.38,17,0.04,2,0.19,4.0,,,0.18,8,0.20,9,0.14,6,,,,0.278,0.111,D,2,3,0.07,0.233,12:44
戸田,05R,2,4836,大谷健太,埼玉,B2,5.19,4.35,0.12,4,0.24,8,0.15,5,0.19,3.9,,,0.03,1,0.12,4,0.00,,,,,0.5,0.357,D,2,3,0.03,0.207,12:44
戸田,05R,3,3497,後藤浩,埼玉,B1,5.10,5.68,0.14,7,0.18,9,0.32,16,0.17,3.3,,,0.00,0,0.02,1,0.10,5,,,,0.286,0.321,C,4,3,0.13,0.077,12:44
戸田,05R,4,4444,桐生順平,埼玉,A1,6.97,8.50,0.13,6,0.35,16,0.24,11,0.13,3.2,,,0.06,3,0.06,3,0.00,0,,,,0.333,0.314,C,3,3,0.19,0.056,12:44
戸田,05R,5,4432,黄金井力良,埼玉,B1,5.38,5.13,0.00,0,0.12,7,0.17,10,0.16,3.4,,,0.00,0,0.00,0,0.00,0,,,,0.25,0.344,C,4,3,0.13,0.065,12:44
戸田,05R,6,4186,小川時光,埼玉,B1,3.74,4.72,0.00,0,0.00,0,0.05,1,0.18,4.9,,,0.00,0,0.00,0,0.00,0,,,,0.333,0,B,4,4,0.00,0.429,12:44
戸田,06R,1,3546,中里昌志,埼玉,B1,4.14,5.21,0.23,9,0.28,11,0.10,4,0.18,3.8,,,0.23,9,0.26,10,0.18,7,,,,0.333,0.444,C,4,3,0.12,0.152,13:14
戸田,06R,2,3412,鈴木博,埼玉,A2,6.53,6.78,0.15,7,0.38,18,0.15,7,0.18,3.7,,,0.04,2,0.09,4,0.00,,,,,0.333,0.315,B,4,4,0.08,0.194,13:14
戸田,06R,3,5191,飛田江己,埼玉,A1,6.67,6.39,0.19,10,0.23,12,0.28,15,0.13,2.7,,,0.00,0,0.14,7,0.08,4,,,,0.321,0.268,B,4,4,0.28,0.05,13:14
戸田,06R,4,3251,平石和男,埼玉,A2,5.63,5.80,0.18,9,0.25,13,0.16,8,0.20,4.3,,,0.06,3,0.00,0,0.06,3,,,,0.417,0.167,C,3,4,0.03,0.205,13:14
戸田,06R,5,4573,佐藤翼,埼玉,A1,6.95,7.98,0.02,1,0.18,8,0.33,15,0.14,3.5,,,0.00,0,0.02,1,0.02,1,,,,0.279,0.349,B,3,5,0.14,0.081,13:14
戸田,06R,6,5454,最終手段失敗,埼玉,B2,0.00,0.00,#N/A!,#N/A!,#N/A!,#N/A!,#N/A!,#N/A!,#N/A!,#N/A!,,,0.00,#N/A!,0.00,#N/A!,0.00,,,,,,,#N/A!,#N/A!,#N/A!,#N/A!,#N/A!,13:14
戸田,07R,1,5112,砂長知輝,埼玉,A1,6.83,7.12,0.68,50,0.11,8,0.09,7,0.12,2.4,,,0.01,1,0.14,10,0.11,8,,,,0.255,0.333,C,3,3,0.39,0.017,13:45
戸田,07R,2,3503,堂原洋史,埼玉,B1,4.08,3.97,0.04,2,0.18,9,0.31,15,0.17,3.3,,,0.04,2,0.00,0,0.00,,,,,0.154,0.538,B,4,4,0.26,0.231,13:45
戸田,07R,3,3992,関口智久,埼玉,B1,5.36,5.48,0.11,5,0.07,3,0.31,14,0.13,2.4,,,0.03,1,0.05,2,0.05,2,,,,0.545,0.091,C,4,3,0.35,0.029,13:45
戸田,07R,4,3381,滝沢芳行,埼玉,B1,5.31,5.89,0.18,10,0.23,13,0.14,8,0.14,2.6,,,0.02,1,0.15,9,0.02,1,,,,0.5,0.333,A,5,4,0.34,0.085,13:45
戸田,07R,5,5167,小川竜太朗,埼玉,B1,5.37,4.56,0.05,2,0.08,3,0.15,6,0.15,3.5,,,0.00,0,0.00,0,0.05,2,,,,0.556,0.222,B,4,4,0.19,0.129,13:45
戸田,07R,6,3880,浅見宗孝,埼玉,B1,4.65,4.24,0.03,1,0.08,3,0.17,6,0.19,4.2,,,0.00,0,0.00,0,0.04,1,,,,0.5,0.25,C,4,3,0.15,0.25,13:45
戸田,08R,1,3664,鈴木賢一,埼玉,B1,4.68,5.53,0.51,24,0.30,14,0.15,7,0.15,2.5,,,0.18,8,0.09,4,0.18,8,,,,0.348,0.261,B,4,4,0.42,0.056,14:16
戸田,08R,2,4547,中田竜太,埼玉,A1,6.72,6.89,0.17,8,0.34,16,0.19,9,0.16,3.9,,,0.09,4,0.05,2,0.00,,,,,0.471,0.265,C,4,3,0.11,0.286,14:16
戸田,08R,3,3983,須藤博倫,埼玉,A2,6.37,6.70,0.18,12,0.27,18,0.19,13,0.13,2.9,,,0.00,0,0.10,6,0.06,4,,,,0.432,0.378,B,5,3,0.14,0.058,14:16
戸田,08R,4,5327,西田和加,埼玉,B2,1.74,1.13,0.00,0,0.00,0,0.04,2,0.23,4.5,,,0.00,0,0.00,0,0.00,0,,,,0,0,C,3,4,0.03,0.25,14:16
戸田,08R,5,3629,浅見昌克,埼玉,A2,6.11,5.23,0.12,6,0.17,9,0.13,7,0.12,2.3,,,0.02,1,0.04,2,0.06,3,,,,0.366,0.293,C,4,3,0.45,0.05,14:16
戸田,08R,6,5220,青木蓮,埼玉,A1,6.02,6.44,0.12,7,0.13,8,0.22,13,0.11,3.0,,,0.02,1,0.02,1,0.02,1,,,,0.286,0.262,D,2,3,0.42,0.121,14:16
戸田,09R,1,4738,清埜翔子,埼玉,A2,5.71,5.69,0.68,49,0.13,9,0.10,7,0.14,2.3,,,0.07,5,0.07,5,0.15,11,,,,0.38,0.24,C,4,3,0.47,0.053,14:48
戸田,09R,2,5287,滝沢織寧,埼玉,B1,3.64,3.25,0.10,4,0.20,8,0.15,6,0.15,2.9,,,0.05,2,0.03,1,0.00,,,,,0.5,0,C,3,3,0.29,0.147,14:48
戸田,09R,3,5045,平川香織,埼玉,A2,5.95,5.77,0.11,6,0.26,14,0.30,16,0.18,4.3,,,0.00,0,0.06,3,0.04,2,,,,0.278,0.111,D,2,3,0.03,0.286,14:48
戸田,09R,4,5322,根岸真優,埼玉,B2,2.39,1.84,0.00,0,0.00,0,0.05,2,0.19,4.1,,,0.00,0,0.00,0,0.00,0,,,,0,1,C,4,3,0.07,0.133,14:48
戸田,09R,5,5357,田中瀬里奈,埼玉,B2,1.57,1.64,0.00,0,0.00,0,0.00,0,0.18,3.4,,,0.00,0,0.00,0,0.00,0,,,,0,0,A,4,5,0.16,0.194,14:48
戸田,09R,6,5360,高木茉白,埼玉,B1,3.36,2.43,0.00,0,0.03,2,0.06,5,0.16,3.7,,,0.00,0,0.00,0,0.00,0,,,,0.667,0.333,C,3,3,0.16,0.184,14:48
戸田,10R,1,3952,中澤和志,埼玉,A1,6.73,7.27,0.59,42,0.23,16,0.08,6,0.14,2.7,,,0.07,5,0.19,13,0.12,8,,,,0.195,0.317,C,3,4,0.36,0.127,15:21
戸田,10R,2,4159,向後龍一,埼玉,A2,5.72,5.98,0.19,11,0.26,15,0.25,14,0.16,2.7,,,0.11,6,0.06,3,0.00,,,,,0.432,0.091,B,3,5,0.34,0.105,15:21
戸田,10R,3,4144,石塚久也,埼玉,A2,6.48,6.81,0.13,6,0.26,12,0.26,12,0.17,3.6,,,0.05,2,0.07,3,0.00,0,,,,0.25,0.281,C,3,4,0.06,0.088,15:21
戸田,10R,4,4532,秋元哲,埼玉,A1,7.21,6.84,0.22,11,0.27,13,0.24,12,0.13,2.8,,,0.02,1,0.12,6,0.04,2,,,,0.489,0.2,B,4,4,0.23,0.051,15:21
戸田,10R,5,5005,石田貴洋,埼玉,B1,6.85,5.53,0.11,6,0.09,5,0.21,11,0.13,2.7,,,0.00,0,0.08,4,0.04,2,,,,0.4,0.36,B,4,4,0.27,0,15:21
戸田,10R,6,5246,楠将太郎,埼玉,B1,5.61,5.10,0.02,1,0.09,4,0.17,8,0.20,4.6,,,0.02,1,0.00,0,0.00,0,,,,0.188,0.375,S,5,5,0.08,0.472,15:21
戸田,11R,1,4109,谷津幸宏,埼玉,A1,5.81,5.96,0.72,51,0.15,11,0.03,2,0.12,1.9,,,0.08,6,0.06,4,0.10,7,,,,0.314,0.275,S,5,5,0.59,0.051,15:55
戸田,11R,2,4432,黄金井力良,埼玉,B1,5.38,5.13,0.02,1,0.20,11,0.38,21,0.16,2.8,,,0.02,1,0.00,0,0.00,,,,,0.25,0.344,C,4,3,0.21,0.047,15:55
戸田,11R,3,5051,松本純平,埼玉,A1,6.45,6.71,0.20,10,0.16,8,0.30,15,0.16,3.2,,,0.02,1,0.07,3,0.13,6,,,,0.25,0.354,D,3,2,0.19,0.054,15:55
戸田,11R,4,3412,鈴木博,埼玉,A2,6.53,6.78,0.15,7,0.25,12,0.19,9,0.18,3.9,,,0.04,2,0.04,2,0.07,4,,,,0.333,0.315,B,4,4,0.00,0.133,15:55
戸田,11R,5,3596,河上年昭,埼玉,B1,3.64,5.02,0.03,1,0.08,3,0.13,5,0.18,3.6,,,0.00,0,0.02,1,0.00,0,,,,0.273,0.455,C,3,4,0.08,0.083,15:55
戸田,11R,6,4700,金子和之,埼玉,A2,6.02,5.93,0.03,1,0.08,3,0.37,14,0.14,3.0,,,0.02,1,0.00,0,0.00,0,,,,0.212,0.515,B,4,4,0.29,0.059,15:55
戸田,12R,1,4444,桐生順平,埼玉,A1,6.97,8.50,0.73,51,0.17,12,0.03,2,0.13,2.6,,,0.07,5,0.10,7,0.09,6,,,,0.333,0.314,C,3,3,0.42,0.07,16:30
戸田,12R,2,4573,佐藤翼,埼玉,A1,6.95,7.98,0.17,9,0.35,19,0.24,13,0.13,3.0,,,0.06,3,0.09,5,0.00,,,,,0.279,0.349,B,3,5,0.22,0,16:30
戸田,12R,3,4547,中田竜太,埼玉,A1,6.72,6.89,0.23,10,0.23,10,0.18,8,0.14,3.0,,,0.02,1,0.05,2,0.07,3,,,,0.471,0.265,C,4,3,0.17,0.133,16:30
戸田,12R,4,5112,砂長知輝,埼玉,A1,6.83,7.12,0.16,9,0.18,10,0.30,17,0.15,3.1,,,0.04,2,0.07,4,0.04,2,,,,0.255,0.333,C,3,3,0.13,0.043,16:30
戸田,12R,5,5042,畑田汰一,埼玉,A1,6.45,6.44,0.15,8,0.15,8,0.28,15,0.11,2.3,,,0.00,0,0.02,1,0.10,5,,,,0.37,0.196,S,5,5,0.37,0.023,16:30
戸田,12R,6,5132,中野希一,埼玉,A1,7.23,6.93,0.06,3,0.19,9,0.23,11,0.12,2.5,,,0.00,0,0.00,0,0.05,2,,,,0.308,0.385,C,3,3,0.39,0.121,16:30
桐生,01R,1,4491,田中堅,群馬,B1,4.25,5.00,0.51,19,0.14,5,0.03,1,0.18,4.0,,,0.12,4,0.24,8,0.15,5,,,,0.375,0.375,A,4,5,0.11,0.296,15:18
桐生,01R,2,3889,須藤隆雄,群馬,B1,3.81,4.40,0.04,2,0.22,10,0.09,4,0.16,3.1,,,0.03,1,0.03,1,0.00,,,,,0.5,0.25,B,3,5,0.29,0.129,15:18
桐生,01R,3,5150,坂本雄紀,群馬,A2,6.81,5.95,0.20,9,0.16,7,0.20,9,0.15,2.6,,,0.02,1,0.10,4,0.05,2,,,,0.324,0.294,B,4,4,0.36,0.121,15:18
桐生,01R,4,5216,長谷川晴哉,群馬,A2,6.45,6.30,0.16,9,0.16,9,0.21,12,0.14,2.3,,,0.00,0,0.11,6,0.00,0,,,,0.351,0.297,C,3,3,0.42,0.026,15:18
桐生,01R,5,3947,寺本昇平,群馬,B1,4.33,5.16,0.00,0,0.04,2,0.25,13,0.17,3.7,,,0.00,0,0.00,0,0.00,0,,,,0.471,0.235,A,5,5,0.03,0.026,15:18
桐生,01R,6,5390,高橋涼夏,群馬,B2,1.74,1.49,0.00,0,0.00,0,0.02,2,0.17,3.7,,,0.00,0,0.00,0,0.00,0,,,,0,0,D,2,3,0.16,0.236,15:18
桐生,02R,1,3293,宮内由紀英,東京,B1,3.82,4.64,0.18,6,0.21,7,0.21,7,0.16,3.3,,,0.26,8,0.29,9,0.13,4,,,,0.833,0.167,B,4,4,0.39,0.231,15:42
桐生,02R,2,3686,鳥居塚孝博,群馬,A2,6.01,6.31,0.15,8,0.28,15,0.21,11,0.13,2.5,,,0.04,2,0.04,2,0.00,,,,,0.216,0.243,A,5,5,0.22,0.024,15:42
桐生,02R,3,4486,野村誠,群馬,B1,5.42,5.61,0.14,5,0.17,6,0.17,6,0.18,3.7,,,0.03,1,0.03,1,0.05,2,,,,0.379,0.241,C,4,2,0.20,0.267,15:42
桐生,02R,4,4645,上村純一,群馬,A1,6.24,6.50,0.11,5,0.14,6,0.09,4,0.15,3.1,,,0.05,2,0.07,3,0.02,1,,,,0.279,0.233,C,3,3,0.31,0.083,15:42
桐生,02R,5,4987,島倉都,群馬,B1,4.03,4.85,0.00,0,0.09,3,0.17,6,0.17,3.5,,,0.00,0,0.00,0,0.00,0,,,,0.4,0.1,D,2,3,0.08,0.154,15:42
桐生,02R,6,3699,富永正人,埼玉,B1,4.20,4.92,0.00,0,0.03,1,0.28,11,0.21,4.2,,,0.00,0,0.00,0,0.02,1,,,,0.333,0.167,B,5,3,0.12,0.324,15:42
桐生,03R,1,3448,高山秀雄,群馬,B1,4.52,4.31,0.28,11,0.15,6,0.26,10,0.18,4.0,,,0.24,9,0.24,9,0.16,6,,,,0.583,0.25,C,3,4,0.17,0.367,16:06
桐生,03R,2,3406,中里英夫,群馬,A2,5.20,5.62,0.11,5,0.35,16,0.15,7,0.16,3.9,,,0.09,4,0.00,0,0.00,,,,,0.238,0.476,C,3,4,0.03,0.079,16:06
桐生,03R,3,3532,柴田光,群馬,A1,5.69,6.39,0.15,6,0.29,12,0.24,10,0.14,2.8,,,0.00,0,0.07,4,0.07,4,,,,0.319,0.298,C,3,4,0.21,0.053,16:06
桐生,03R,4,4819,蜂須瑞生,群馬,A2,5.55,5.77,0.12,5,0.12,5,0.24,10,0.17,3.1,,,0.03,1,0.08,3,0.03,1,,,,0.304,0.217,C,4,3,0.19,0.129,16:06
桐生,03R,5,3475,橋本久和,群馬,B1,5.55,5.89,0.04,2,0.13,6,0.18,8,0.19,3.4,,,0.00,0,0.00,0,0.04,2,,,,0.214,0.5,B,4,4,0.20,0.125,16:06
桐生,03R,6,4887,富澤祐作,群馬,B1,5.21,6.14,0.02,1,0.05,2,0.17,7,0.16,3.8,,,0.00,0,0.00,0,0.00,0,,,,0.379,0.379,C,3,4,0.21,0.212,16:06
桐生,04R,1,4407,鹿島敏弘,群馬,B1,5.24,5.32,0.52,26,0.26,13,0.10,5,0.13,2.1,,,0.26,13,0.10,5,0.10,5,,,,0.5,0.192,B,4,4,0.46,0.026,16:32
桐生,04R,2,5320,岩崎麗子,群馬,B1,2.79,2.50,0.03,1,0.03,1,0.00,0,0.22,4.4,,,0.00,0,0.03,1,0.00,,,,,0,0,C,4,3,0.10,0.35,16:32
桐生,04R,3,4305,金子拓矢,群馬,A1,7.27,6.25,0.31,14,0.13,6,0.24,11,0.15,3.0,,,0.05,2,0.14,6,0.16,7,,,,0.5,0.093,B,4,4,0.16,0.079,16:32
桐生,04R,4,5234,塚越海斗,群馬,A2,6.84,6.13,0.23,11,0.29,14,0.13,6,0.15,3.0,,,0.12,5,0.12,5,0.05,2,,,,0.367,0.367,D,2,3,0.13,0.067,16:32
桐生,04R,5,4809,外崎悟,埼玉,A2,6.30,5.48,0.11,4,0.17,6,0.11,4,0.16,2.9,,,0.00,0,0.00,0,0.19,8,,,,0.3,0.2,C,3,4,0.14,0.057,16:32
桐生,04R,6,5100,栗原一馬,群馬,B1,4.32,3.97,0.00,0,0.04,1,0.11,3,0.21,4.0,,,0.00,0,0.00,0,0.00,0,,,,0.429,0,C,4,3,0.05,0.2,16:32
桐生,05R,1,3441,土屋太朗,群馬,B1,4.93,5.54,0.21,8,0.26,10,0.13,5,0.21,3.8,0.19,4.1,0.16,6,0.30,11,0.22,8,3.8,A,,0.625,0,C,4,3,0.13,0.267,17:01
桐生,05R,2,4238,毒島誠,群馬,B2,8.44,8.97,0.25,8,0.22,7,0.22,7,0.16,3.7,,,0.11,4,0.03,1,0.00,,,,,0.365,0.308,C,4,3,0.11,0.214,17:01
桐生,05R,3,3679,飯島昌弘,埼玉,A1,6.09,6.09,0.15,7,0.36,17,0.21,10,0.14,2.5,0.18,3.1,0.04,2,0.06,3,0.02,1,2.6,B+,F,0.333,0.352,B,5,3,0.34,0.024,17:01
桐生,05R,4,3482,金子猛志,群馬,A2,4.96,5.49,0.05,3,0.14,8,0.15,9,0.16,3.0,,,0.04,2,0.02,1,0.00,0,,,,0.417,0.208,C,3,4,0.24,0.065,17:01
桐生,05R,5,5283,植木美帆,東京,B1,2.06,2.40,0.08,2,0.00,0,0.12,3,0.18,3.2,,,0.00,0,0.00,0,0.08,2,,,,0.333,0.333,C,4,3,0.21,0.105,17:01
桐生,05R,6,4888,金児隆太,群馬,B1,4.85,5.40,0.00,0,0.15,7,0.24,11,0.17,4.0,,,0.00,0,0.00,0,0.03,1,,,,0.438,0.344,B,4,4,0.11,0.357,17:01
桐生,06R,1,3159,江口晃生,群馬,A1,6.64,7.46,0.64,41,0.19,12,0.06,4,0.15,3.1,,,0.13,12,0.15,14,0.17,16,,,,0.333,0.271,B,4,4,0.26,0.13,17:25
桐生,06R,2,3790,佐口達也,群馬,B1,4.59,5.00,0.08,3,0.14,5,0.08,3,0.20,3.8,0.17,3.4,0.00,0,0.08,3,0.00,,2.8,-,,0.1,0.2,C,4,2,0.04,0.192,17:25
桐生,06R,3,3827,今泉徹,群馬,B1,4.01,4.48,0.00,0,0.07,3,0.33,15,0.17,3.3,0.18,3.5,0.00,0,0.00,0,0.00,0,3,A,,0.667,0.167,B,4,4,0.08,0.139,17:25
桐生,06R,4,3973,崎利仁,群馬,B1,3.93,4.95,0.05,3,0.08,5,0.15,9,0.19,3.6,,,0.02,1,0.03,2,0.00,0,,,,0.222,0.333,B,3,5,0.14,0.154,17:25
桐生,06R,5,4177,萬正嗣,群馬,B1,4.39,5.78,0.00,0,0.03,1,0.21,7,0.17,3.0,,,0.00,0,0.00,0,0.00,0,,,,0.176,0.235,C,3,4,0.17,0.083,17:25
桐生,06R,6,5455,最終手段失敗,群馬,B2,0.00,0.00,#N/A!,#N/A!,#N/A!,#N/A!,#N/A!,#N/A!,#N/A!,#N/A!,,,0.00,#N/A!,0.00,#N/A!,0.00,,,,,,,#N/A!,#N/A!,#N/A!,#N/A!,#N/A!,17:25
桐生,07R,1,4420,津久井拓也,群馬,A2,5.87,5.90,0.53,35,0.17,11,0.17,11,0.16,3.2,,,0.09,6,0.19,12,0.09,6,,,,0.2,0.371,B,5,3,0.28,0.137,17:52
桐生,07R,2,4128,川口貴久,東京,B1,5.40,5.02,0.07,3,0.16,7,0.20,9,0.15,2.4,,,0.00,0,0.04,2,0.00,,,,,0.3,0.3,B,4,4,0.35,0.029,17:52
桐生,07R,3,4362,土屋智則,群馬,A1,6.81,7.57,0.11,5,0.22,10,0.33,15,0.13,3.3,,,0.02,1,0.00,0,0.04,2,,,,0.348,0.261,C,3,4,0.19,0.108,17:52
桐生,07R,4,3889,須藤隆雄,群馬,B1,3.81,4.40,0.00,0,0.14,6,0.21,9,0.19,3.5,,,0.00,0,0.00,0,0.00,0,,,,0.5,0.25,B,3,5,0.18,0.088,17:52
桐生,07R,5,5108,柴田愛梨,群馬,B2,2.59,1.50,0.00,0,0.00,0,0.00,0,0.28,5.5,,,0.00,0,0.00,0,0.00,0,,,,1,0,A,4,5,0.00,0.5,17:52
桐生,07R,6,5377,鳥居塚嶺王,群馬,B1,3.71,3.13,0.01,1,0.04,4,0.10,9,0.15,2.8,,,0.01,1,0.00,0,0.00,0,,,,0,0,C,4,3,0.34,0.155,17:52
桐生,08R,1,3686,鳥居塚孝博,群馬,A2,6.01,6.31,0.56,36,0.25,16,0.05,3,0.12,1.8,,,0.08,5,0.20,13,0.12,8,,,,0.216,0.243,A,5,5,0.66,0.06,0.765277778
桐生,08R,2,3947,寺本昇平,群馬,B1,4.33,5.16,0.06,3,0.15,8,0.29,15,0.18,3.8,,,0.06,3,0.00,0,0.00,,,,,0.471,0.235,A,5,5,0.00,0.044,0.765277778
桐生,08R,3,5306,河内悠利杏,群馬,B1,2.72,2.23,0.02,1,0.07,3,0.16,7,0.19,3.7,,,0.00,0,0.02,1,0.00,0,,,,0,0.5,C,4,3,0.23,0.286,0.765277778
桐生,08R,4,4887,富澤祐作,群馬,B1,5.21,6.14,0.20,9,0.09,4,0.15,7,0.13,2.3,,,0.02,1,0.14,6,0.05,2,,,,0.379,0.379,C,3,4,0.48,0.065,0.765277778
桐生,08R,5,4851,関浩哉,群馬,A1,7.45,7.49,0.20,9,0.23,10,0.25,11,0.13,3.1,,,0.02,1,0.02,1,0.14,6,,,,0.553,0.158,C,3,4,0.15,0.103,0.765277778
桐生,08R,6,5361,植竹玲奈,東京,B2,2.58,0.00,0.00,0,0.01,1,0.03,2,0.19,4.0,,,0.00,0,0.00,0,0.00,0,,,,0,0,B,5,3,0.14,0.278,0.765277778
桐生,09R,1,3475,橋本久和,群馬,B1,5.55,5.89,0.52,28,0.24,13,0.04,2,0.18,3.8,,,0.22,12,0.11,6,0.13,7,,,,0.214,0.5,B,4,4,0.19,0.262,0.786111111
桐生,09R,2,3740,大澤普司,群馬,A1,6.29,6.46,0.21,10,0.25,12,0.17,8,0.18,3.3,,,0.22,10,0.02,1,0.00,,,,,0.395,0.184,B,5,3,0.19,0.226,0.786111111
桐生,09R,3,3655,本橋克洋,群馬,A2,5.26,5.93,0.11,6,0.27,15,0.29,16,0.17,3.2,,,0.02,1,0.04,2,0.07,4,,,,0.375,0.219,C,3,3,0.21,0.116,0.786111111
桐生,09R,4,4407,鹿島敏弘,群馬,B1,5.24,5.32,0.02,1,0.19,11,0.29,17,0.19,3.6,,,0.00,0,0.02,1,0.02,1,,,,0.5,0.192,B,4,4,0.18,0.196,0.786111111
桐生,09R,5,5150,坂本雄紀,群馬,A2,6.81,5.95,0.08,4,0.19,9,0.25,12,0.13,2.6,,,0.00,0,0.02,1,0.06,3,,,,0.324,0.294,B,4,4,0.33,0.048,0.786111111
桐生,09R,6,3679,飯島昌弘,埼玉,A1,6.09,6.09,0.00,0,0.09,4,0.27,12,0.17,3.9,0.18,3.1,0.00,0,0.00,0,0.00,0,2.6,B+,F,0.333,0.352,B,5,3,0.12,0.273,0.786111111
桐生,10R,1,5234,塚越海斗,群馬,A2,6.84,6.13,0.53,28,0.21,11,0.13,7,0.17,3.4,,,0.11,6,0.20,11,0.13,7,,,,0.367,0.367,D,2,3,0.27,0.176,0.808333333
桐生,10R,2,4539,金子賢志,群馬,A1,6.57,6.45,0.25,12,0.35,17,0.10,5,0.13,2.8,,,0.16,7,0.11,5,0.00,,,,,0.378,0.311,C,3,4,0.24,0.059,0.808333333
桐生,10R,3,3441,土屋太朗,群馬,B1,4.93,5.54,0.04,2,0.15,8,0.33,17,0.17,3.4,0.19,4.1,0.04,2,0.00,0,0.02,1,3.8,A,,0.625,0,C,4,3,0.15,0.106,0.808333333
桐生,10R,4,4491,田中堅,群馬,B1,4.25,5.00,0.02,1,0.11,5,0.23,11,0.18,4.2,,,0.00,0,0.00,0,0.02,1,,,,0.375,0.375,A,4,5,0.09,0.235,0.808333333
桐生,10R,5,3406,中里英夫,群馬,A2,5.20,5.62,0.02,1,0.11,5,0.22,10,0.18,3.6,,,0.00,0,0.00,0,0.04,2,,,,0.238,0.476,C,3,4,0.10,0.075,0.808333333
桐生,10R,6,4645,上村純一,群馬,A1,6.24,6.50,0.08,4,0.12,6,0.18,9,0.16,2.8,,,0.04,2,0.02,1,0.02,1,,,,0.279,0.233,C,3,3,0.28,0.083,0.808333333
桐生,11R,1,3532,柴田光,群馬,A1,5.69,6.39,0.67,46,0.12,8,0.09,6,0.16,3.1,,,0.04,3,0.07,5,0.14,10,,,,0.319,0.298,C,3,4,0.31,0.169,0.834722222
桐生,11R,2,4305,金子拓矢,群馬,A1,7.27,6.25,0.24,11,0.38,17,0.20,9,0.14,2.6,,,0.11,5,0.14,6,0.00,,,,,0.5,0.093,B,4,4,0.31,0.028,0.834722222
桐生,11R,3,4888,金児隆太,群馬,B1,4.85,5.40,0.13,7,0.20,11,0.22,12,0.20,4.1,,,0.00,0,0.06,3,0.08,4,,,,0.438,0.344,B,4,4,0.13,0.289,0.834722222
桐生,11R,4,4486,野村誠,群馬,B1,5.42,5.61,0.13,6,0.23,11,0.23,11,0.18,3.1,,,0.05,2,0.05,2,0.00,0,,,,0.379,0.241,C,4,2,0.14,0.028,0.834722222
桐生,11R,5,4420,津久井拓也,群馬,A2,5.87,5.90,0.13,8,0.13,8,0.24,15,0.17,3.4,,,0.02,1,0.02,1,0.07,4,,,,0.2,0.371,B,5,3,0.11,0.091,0.834722222
桐生,11R,6,5216,長谷川晴哉,群馬,A2,6.45,6.30,0.02,1,0.07,3,0.16,7,0.17,3.2,,,0.00,0,0.02,1,0.00,0,,,,0.351,0.297,C,3,3,0.19,0.129,0.834722222
桐生,12R,1,4851,関浩哉,群馬,A1,7.45,7.49,0.70,39,0.16,9,0.07,4,0.14,2.7,,,0.04,2,0.16,9,0.07,4,,,,0.553,0.158,C,3,4,0.45,0.128,0.854861111
桐生,12R,2,4188,久田敏之,群馬,A1,7.81,7.31,0.21,12,0.36,20,0.18,10,0.14,3.0,,,0.15,8,0.04,2,0.00,,,,,0.357,0.268,C,3,3,0.26,0.14,0.854861111
桐生,12R,3,3159,江口晃生,群馬,A1,6.64,7.46,0.20,9,0.29,13,0.18,8,0.00,0.0,,,0.00,0,0.00,0,0.00,0,,,,0.333,0.271,B,4,4,0.00,0,0.854861111
桐生,12R,4,4787,椎名豊,群馬,A1,6.71,7.24,0.23,11,0.17,8,0.15,7,0.14,2.8,,,0.06,3,0.06,3,0.06,3,,,,0.312,0.208,B,4,4,0.21,0.079,0.854861111
桐生,12R,5,4362,土屋智則,群馬,A1,6.81,7.57,0.11,5,0.22,10,0.27,12,0.14,2.8,,,0.00,0,0.02,1,0.04,2,,,,0.348,0.261,C,3,4,0.37,0.105,0.854861111
桐生,12R,6,4238,毒島誠,群馬,B2,8.44,8.97,0.06,2,0.13,4,0.38,12,0.16,4.6,,,0.00,0,0.00,0,0.00,0,,,,0.365,0.308,C,4,3,0.06,0.312,0.854861111
,,1,,,,,,,,,,,,,,,,,0.00,,0.00,,0.00,,,,,,,総合,出足,伸び足,,,
,,2,,,,,,,,,,,,,,,,,0.00,,0.00,,0.00,,,,,,,総合,出足,伸び足,,,
,,3,,,,,,,,,,,,,,,,,0.00,,0.00,,0.00,,,,,,,総合,出足,伸び足,,,
,,4,,,,,,,,,,,,,,,,,0.00,,0.00,,0.00,,,,,,,総合,出足,伸び足,,,
,,5,,,,,,,,,,,,,,,,,0.00,,0.00,,0.00,,,,,,,総合,出足,伸び足,,,
,,6,,,,,,,,,,,,,,,,,0.00,,0.00,,0.00,,,,,,,総合,出足,伸び足,,,
,,1,,,,,,,,,,,,,,,,,0.00,,0.00,,0.00,,,,,,,総合,出足,伸び足,,,
,,2,,,,,,,,,,,,,,,,,0.00,,0.00,,0.00,,,,,,,総合,出足,伸び足,,,
,,3,,,,,,,,,,,,,,,,,0.00,,0.00,,0.00,,,,,,,総合,出足,伸び足,,,
,,4,,,,,,,,,,,,,,,,,0.00,,0.00,,0.00,,,,,,,総合,出足,伸び足,,,
,,5,,,,,,,,,,,,,,,,,0.00,,0.00,,0.00,,,,,,,総合,出足,伸び足,,,
,,6,,,,,,,,,,,,,,,,,0.00,,0.00,,0.00,,,,,,,総合,出足,伸び足,,,
,,1,,,,,,,,,,,,,,,,,0.00,,0.00,,0.00,,,,,,,総合,出足,伸び足,,,
,,2,,,,,,,,,,,,,,,,,0.00,,0.00,,0.00,,,,,,,総合,出足,伸び足,,,
,,3,,,,,,,,,,,,,,,,,0.00,,0.00,,0.00,,,,,,,総合,出足,伸び足,,,
,,4,,,,,,,,,,,,,,,,,0.00,,0.00,,0.00,,,,,,,総合,出足,伸び足,,,
,,5,,,,,,,,,,,,,,,,,0.00,,0.00,,0.00,,,,,,,総合,出足,伸び足,,,
,,6,,,,,,,,,,,,,,,,,0.00,,0.00,,0.00,,,,,,,総合,出足,伸び足,,,
,,1,,,,,,,,,,,,,,,,,0.00,,0.00,,0.00,,,,,,,総合,出足,伸び足,,,
,,2,,,,,,,,,,,,,,,,,0.00,,0.00,,0.00,,,,,,,総合,出足,伸び足,,,
,,3,,,,,,,,,,,,,,,,,0.00,,0.00,,0.00,,,,,,,総合,出足,伸び足,,,
,,4,,,,,,,,,,,,,,,,,0.00,,0.00,,0.00,,,,,,,総合,出足,伸び足,,,
,,5,,,,,,,,,,,,,,,,,0.00,,0.00,,0.00,,,,,,,総合,出足,伸び足,,,
,,6,,,,,,,,,,,,,,,,,0.00,,0.00,,0.00,,,,,,,総合,出足,伸び足,,,
,,1,,,,,,,,,,,,,,,,,0.00,,0.00,,0.00,,,,,,,総合,出足,伸び足,,,
,,2,,,,,,,,,,,,,,,,,0.00,,0.00,,0.00,,,,,,,総合,出足,伸び足,,,
,,3,,,,,,,,,,,,,,,,,0.00,,0.00,,0.00,,,,,,,総合,出足,伸び足,,,
,,4,,,,,,,,,,,,,,,,,0.00,,0.00,,0.00,,,,,,,総合,出足,伸び足,,,
,,5,,,,,,,,,,,,,,,,,0.00,,0.00,,0.00,,,,,,,総合,出足,伸び足,,,
,,6,,,,,,,,,,,,,,,,,0.00,,0.00,,0.00,,,,,,,総合,出足,伸び足,,,
,,1,,,,,,,,,,,,,,,,,0.00,,0.00,,0.00,,,,,,,総合,出足,伸び足,,,
,,2,,,,,,,,,,,,,,,,,0.00,,0.00,,0.00,,,,,,,総合,出足,伸び足,,,
,,3,,,,,,,,,,,,,,,,,0.00,,0.00,,0.00,,,,,,,総合,出足,伸び足,,,
,,4,,,,,,,,,,,,,,,,,0.00,,0.00,,0.00,,,,,,,総合,出足,伸び足,,,
,,5,,,,,,,,,,,,,,,,,0.00,,0.00,,0.00,,,,,,,総合,出足,伸び足,,,
,,6,,,,,,,,,,,,,,,,,0.00,,0.00,,0.00,,,,,,,総合,出足,伸び足,,,
,,1,,,,,,,,,,,,,,,,,0.00,,0.00,,0.00,,,,,,,総合,出足,伸び足,,,
,,2,,,,,,,,,,,,,,,,,0.00,,0.00,,0.00,,,,,,,総合,出足,伸び足,,,
,,3,,,,,,,,,,,,,,,,,0.00,,0.00,,0.00,,,,,,,総合,出足,伸び足,,,
,,4,,,,,,,,,,,,,,,,,0.00,,0.00,,0.00,,,,,,,総合,出足,伸び足,,,
,,5,,,,,,,,,,,,,,,,,0.00,,0.00,,0.00,,,,,,,総合,出足,伸び足,,,
,,6,,,,,,,,,,,,,,,,,0.00,,0.00,,0.00,,,,,,,総合,出足,伸び足,,,
,,1,,,,,,,,,,,,,,,,,0.00,,0.00,,0.00,,,,,,,総合,出足,伸び足,,,
,,2,,,,,,,,,,,,,,,,,0.00,,0.00,,0.00,,,,,,,総合,出足,伸び足,,,
,,3,,,,,,,,,,,,,,,,,0.00,,0.00,,0.00,,,,,,,総合,出足,伸び足,,,
,,4,,,,,,,,,,,,,,,,,0.00,,0.00,,0.00,,,,,,,総合,出足,伸び足,,,
,,5,,,,,,,,,,,,,,,,,0.00,,0.00,,0.00,,,,,,,総合,出足,伸び足,,,
,,6,,,,,,,,,,,,,,,,,0.00,,0.00,,0.00,,,,,,,総合,出足,伸び足,,,
,,1,,,,,,,,,,,,,,,,,0.00,,0.00,,0.00,,,,,,,総合,出足,伸び足,,,
,,2,,,,,,,,,,,,,,,,,0.00,,0.00,,0.00,,,,,,,総合,出足,伸び足,,,
,,3,,,,,,,,,,,,,,,,,0.00,,0.00,,0.00,,,,,,,総合,出足,伸び足,,,
,,4,,,,,,,,,,,,,,,,,0.00,,0.00,,0.00,,,,,,,総合,出足,伸び足,,,
,,5,,,,,,,,,,,,,,,,,0.00,,0.00,,0.00,,,,,,,総合,出足,伸び足,,,
,,6,,,,,,,,,,,,,,,,,0.00,,0.00,,0.00,,,,,,,総合,出足,伸び足,,,
,,1,,,,,,,,,,,,,,,,,0.00,,0.00,,0.00,,,,,,,総合,出足,伸び足,,,
,,2,,,,,,,,,,,,,,,,,0.00,,0.00,,0.00,,,,,,,総合,出足,伸び足,,,
,,3,,,,,,,,,,,,,,,,,0.00,,0.00,,0.00,,,,,,,総合,出足,伸び足,,,
,,4,,,,,,,,,,,,,,,,,0.00,,0.00,,0.00,,,,,,,総合,出足,伸び足,,,
,,5,,,,,,,,,,,,,,,,,0.00,,0.00,,0.00,,,,,,,総合,出足,伸び足,,,
,,6,,,,,,,,,,,,,,,,,0.00,,0.00,,0.00,,,,,,,総合,出足,伸び足,,,
,,1,,,,,,,,,,,,,,,,,0.00,,0.00,,0.00,,,,,,,総合,出足,伸び足,,,
,,2,,,,,,,,,,,,,,,,,0.00,,0.00,,0.00,,,,,,,総合,出足,伸び足,,,
,,3,,,,,,,,,,,,,,,,,0.00,,0.00,,0.00,,,,,,,総合,出足,伸び足,,,
,,4,,,,,,,,,,,,,,,,,0.00,,0.00,,0.00,,,,,,,総合,出足,伸び足,,,
,,5,,,,,,,,,,,,,,,,,0.00,,0.00,,0.00,,,,,,,総合,出足,伸び足,,,
,,6,,,,,,,,,,,,,,,,,0.00,,0.00,,0.00,,,,,,,総合,出足,伸び足,,,
,,1,,,,,,,,,,,,,,,,,0.00,,0.00,,0.00,,,,,,,総合,出足,伸び足,,,
,,2,,,,,,,,,,,,,,,,,0.00,,0.00,,0.00,,,,,,,総合,出足,伸び足,,,
,,3,,,,,,,,,,,,,,,,,0.00,,0.00,,0.00,,,,,,,総合,出足,伸び足,,,
,,4,,,,,,,,,,,,,,,,,0.00,,0.00,,0.00,,,,,,,総合,出足,伸び足,,,
,,5,,,,,,,,,,,,,,,,,0.00,,0.00,,0.00,,,,,,,総合,出足,伸び足,,,
,,6,,,,,,,,,,,,,,,,,0.00,,0.00,,0.00,,,,,,,総合,出足,伸び足,,,
,
,
,
,
,
,
,
,
,
,
,
,
,
,
,
,
,
,
,
,
,
,
,
,
,
,
,
,
,
,,6,,,,,,,,,,,,,,,,,,,,,,,,,,,,,,,,,
,,1,,,,,,,,,,,,,,,,,,,,,,,,,,,,,,,,,
,,2,,,,,,,,,,,,,,,,,,,,,,,,,,,,,,,,,
,,3,,,,,,,,,,,,,,,,,,,,,,,,,,,,,,,,,
,,4,,,,,,,,,,,,,,,,,,,,,,,,,,,,,,,,,
,,5,,,,,,,,,,,,,,,,,,,,,,,,,,,,,,,,,
,,6,,,,,,,,,,,,,,,,,,,,,,,,,,,,,,,,,
,,1,,,,,,,,,,,,,,,,,,,,,,,,,,,,,,,,,
,,2,,,,,,,,,,,,,,,,,,,,,,,,,,,,,,,,,
,,3,,,,,,,,,,,,,,,,,,,,,,,,,,,,,,,,,
,,4,,,,,,,,,,,,,,,,,,,,,,,,,,,,,,,,,
,,5,,,,,,,,,,,,,,,,,,,,,,,,,,,,,,,,,
,,6,,,,,,,,,,,,,,,,,,,,,,,,,,,,,,,,,
,,1,,,,,,,,,,,,,,,,,,,,,,,,,,,,,,,,,
,,2,,,,,,,,,,,,,,,,,,,,,,,,,,,,,,,,,
,,3,,,,,,,,,,,,,,,,,,,,,,,,,,,,,,,,,
,,4,,,,,,,,,,,,,,,,,,,,,,,,,,,,,,,,,
,,5,,,,,,,,,,,,,,,,,,,,,,,,,,,,,,,,,
,,6,,,,,,,,,,,,,,,,,,,,,,,,,,,,,,,,,
,,1,,,,,,,,,,,,,,,,,,,,,,,,,,,,,,,,,
,,2,,,,,,,,,,,,,,,,,,,,,,,,,,,,,,,,,
,,3,,,,,,,,,,,,,,,,,,,,,,,,,,,,,,,,,
,,4,,,,,,,,,,,,,,,,,,,,,,,,,,,,,,,,,
,,5,,,,,,,,,,,,,,,,,,,,,,,,,,,,,,,,,
,,6,,,,,,,,,,,,,,,,,,,,,,,,,,,,,,,,,
,,1,,,,,,,,,,,,,,,,,,,,,,,,,,,,,,,,,
,,2,,,,,,,,,,,,,,,,,,,,,,,,,,,,,,,,,
,,3,,,,,,,,,,,,,,,,,,,,,,,,,,,,,,,,,
,,4,,,,,,,,,,,,,,,,,,,,,,,,,,,,,,,,,
,,5,,,,,,,,,,,,,,,,,,,,,,,,,,,,,,,,,
,,6,,,,,,,,,,,,,,,,,,,,,,,,,,,,,,,,,
,,1,,,,,,,,,,,,,,,,,,,,,,,,,,,,,,,,,
,,2,,,,,,,,,,,,,,,,,,,,,,,,,,,,,,,,,
,,3,,,,,,,,,,,,,,,,,,,,,,,,,,,,,,,,,
,,4,,,,,,,,,,,,,,,,,,,,,,,,,,,,,,,,,
,,5,,,,,,,,,,,,,,,,,,,,,,,,,,,,,,,,,
,,6,,,,,,,,,,,,,,,,,,,,,,,,,,,,,,,,,
,,1,,,,,,,,,,,,,,,,,,,,,,,,,,,,,,,,,
,,2,,,,,,,,,,,,,,,,,,,,,,,,,,,,,,,,,
,,3,,,,,,,,,,,,,,,,,,,,,,,,,,,,,,,,,
,,4,,,,,,,,,,,,,,,,,,,,,,,,,,,,,,,,,
,,5,,,,,,,,,,,,,,,,,,,,,,,,,,,,,,,,,
,,6,,,,,,,,,,,,,,,,,,,,,,,,,,,,,,,,,
,,1,,,,,,,,,,,,,,,,,,,,,,,,,,,,,,,,,
,,2,,,,,,,,,,,,,,,,,,,,,,,,,,,,,,,,,
,,3,,,,,,,,,,,,,,,,,,,,,,,,,,,,,,,,,
,,4,,,,,,,,,,,,,,,,,,,,,,,,,,,,,,,,,
,,5,,,,,,,,,,,,,,,,,,,,,,,,,,,,,,,,,
,,6,,,,,,,,,,,,,,,,,,,,,,,,,,,,,,,,,
,,1,,,,,,,,,,,,,,,,,,,,,,,,,,,,,,,,,
,,2,,,,,,,,,,,,,,,,,,,,,,,,,,,,,,,,,
,,3,,,,,,,,,,,,,,,,,,,,,,,,,,,,,,,,,
,,4,,,,,,,,,,,,,,,,,,,,,,,,,,,,,,,,,
,,5,,,,,,,,,,,,,,,,,,,,,,,,,,,,,,,,,
,,6,,,,,,,,,,,,,,,,,,,,,,,,,,,,,,,,,
,,1,,,,,,,,,,,,,,,,,,,,,,,,,,,,,,,,,
,,2,,,,,,,,,,,,,,,,,,,,,,,,,,,,,,,,,
,,3,,,,,,,,,,,,,,,,,,,,,,,,,,,,,,,,,
,,4,,,,,,,,,,,,,,,,,,,,,,,,,,,,,,,,,
,,5,,,,,,,,,,,,,,,,,,,,,,,,,,,,,,,,,
,,6,,,,,,,,,,,,,,,,,,,,,,,,,,,,,,,,,
,,1,,,,,,,,,,,,,,,,,,,,,,,,,,,,,,,,,
,,2,,,,,,,,,,,,,,,,,,,,,,,,,,,,,,,,,
,,3,,,,,,,,,,,,,,,,,,,,,,,,,,,,,,,,,
,,4,,,,,,,,,,,,,,,,,,,,,,,,,,,,,,,,,
,,5,,,,,,,,,,,,,,,,,,,,,,,,,,,,,,,,,
,,6,,,,,,,,,,,,,,,,,,,,,,,,,,,,,,,,,
,,1,,,,,,,,,,,,,,,,,,,,,,,,,,,,,,,,,
,,2,,,,,,,,,,,,,,,,,,,,,,,,,,,,,,,,,
,,3,,,,,,,,,,,,,,,,,,,,,,,,,,,,,,,,,
,,4,,,,,,,,,,,,,,,,,,,,,,,,,,,,,,,,,
,,5,,,,,,,,,,,,,,,,,,,,,,,,,,,,,,,,,
,,6,,,,,,,,,,,,,,,,,,,,,,,,,,,,,,,,,
,,1,,,,,,,,,,,,,,,,,,,,,,,,,,,,,,,,,
,,2,,,,,,,,,,,,,,,,,,,,,,,,,,,,,,,,,
,,3,,,,,,,,,,,,,,,,,,,,,,,,,,,,,,,,,
,,4,,,,,,,,,,,,,,,,,,,,,,,,,,,,,,,,,
,,5,,,,,,,,,,,,,,,,,,,,,,,,,,,,,,,,,
,,6,,,,,,,,,,,,,,,,,,,,,,,,,,,,,,,,,
,,1,,,,,,,,,,,,,,,,,,,,,,,,,,,,,,,,,
,,2,,,,,,,,,,,,,,,,,,,,,,,,,,,,,,,,,
,,3,,,,,,,,,,,,,,,,,,,,,,,,,,,,,,,,,
,,4,,,,,,,,,,,,,,,,,,,,,,,,,,,,,,,,,
,,5,,,,,,,,,,,,,,,,,,,,,,,,,,,,,,,,,
,,6,,,,,,,,,,,,,,,,,,,,,,,,,,,,,,,,,
,,1,,,,,,,,,,,,,,,,,,,,,,,,,,,,,,,,,
,,2,,,,,,,,,,,,,,,,,,,,,,,,,,,,,,,,,
,,3,,,,,,,,,,,,,,,,,,,,,,,,,,,,,,,,,
,,4,,,,,,,,,,,,,,,,,,,,,,,,,,,,,,,,,
,,5,,,,,,,,,,,,,,,,,,,,,,,,,,,,,,,,,
,,6,,,,,,,,,,,,,,,,,,,,,,,,,,,,,,,,,
,,1,,,,,,,,,,,,,,,,,,,,,,,,,,,,,,,,,
,,2,,,,,,,,,,,,,,,,,,,,,,,,,,,,,,,,,
,,3,,,,,,,,,,,,,,,,,,,,,,,,,,,,,,,,,
,,4,,,,,,,,,,,,,,,,,,,,,,,,,,,,,,,,,
,,5,,,,,,,,,,,,,,,,,,,,,,,,,,,,,,,,,
,,6,,,,,,,,,,,,,,,,,,,,,,,,,,,,,,,,,
,,1,,,,,,,,,,,,,,,,,,,,,,,,,,,,,,,,,
,,2,,,,,,,,,,,,,,,,,,,,,,,,,,,,,,,,,
,,3,,,,,,,,,,,,,,,,,,,,,,,,,,,,,,,,,
,,4,,,,,,,,,,,,,,,,,,,,,,,,,,,,,,,,,
,,5,,,,,,,,,,,,,,,,,,,,,,,,,,,,,,,,,
,,6,,,,,,,,,,,,,,,,,,,,,,,,,,,,,,,,,
,,1,,,,,,,,,,,,,,,,,,,,,,,,,,,,,,,,,
,,2,,,,,,,,,,,,,,,,,,,,,,,,,,,,,,,,,
,,3,,,,,,,,,,,,,,,,,,,,,,,,,,,,,,,,,
,,4,,,,,,,,,,,,,,,,,,,,,,,,,,,,,,,,,
,,5,,,,,,,,,,,,,,,,,,,,,,,,,,,,,,,,,
,,6,,,,,,,,,,,,,,,,,,,,,,,,,,,,,,,,,
,,1,,,,,,,,,,,,,,,,,,,,,,,,,,,,,,,,,
,,2,,,,,,,,,,,,,,,,,,,,,,,,,,,,,,,,,
,,3,,,,,,,,,,,,,,,,,,,,,,,,,,,,,,,,,
,,4,,,,,,,,,,,,,,,,,,,,,,,,,,,,,,,,,
,,5,,,,,,,,,,,,,,,,,,,,,,,,,,,,,,,,,
,,6,,,,,,,,,,,,,,,,,,,,,,,,,,,,,,,,,
,,1,,,,,,,,,,,,,,,,,,,,,,,,,,,,,,,,,
,,2,,,,,,,,,,,,,,,,,,,,,,,,,,,,,,,,,
,,3,,,,,,,,,,,,,,,,,,,,,,,,,,,,,,,,,
,,4,,,,,,,,,,,,,,,,,,,,,,,,,,,,,,,,,
,,5,,,,,,,,,,,,,,,,,,,,,,,,,,,,,,,,,
,,6,,,,,,,,,,,,,,,,,,,,,,,,,,,,,,,,,
,,1,,,,,,,,,,,,,,,,,,,,,,,,,,,,,,,,,
,,2,,,,,,,,,,,,,,,,,,,,,,,,,,,,,,,,,
,,3,,,,,,,,,,,,,,,,,,,,,,,,,,,,,,,,,
,,4,,,,,,,,,,,,,,,,,,,,,,,,,,,,,,,,,
,,5,,,,,,,,,,,,,,,,,,,,,,,,,,,,,,,,,
,,6,,,,,,,,,,,,,,,,,,,,,,,,,,,,,,,,,
,,1,,,,,,,,,,,,,,,,,,,,,,,,,,,,,,,,,
,,2,,,,,,,,,,,,,,,,,,,,,,,,,,,,,,,,,
,,3,,,,,,,,,,,,,,,,,,,,,,,,,,,,,,,,,
,,4,,,,,,,,,,,,,,,,,,,,,,,,,,,,,,,,,
,,5,,,,,,,,,,,,,,,,,,,,,,,,,,,,,,,,,
,,6,,,,,,,,,,,,,,,,,,,,,,,,,,,,,,,,,
,,1,,,,,,,,,,,,,,,,,,,,,,,,,,,,,,,,,
,,2,,,,,,,,,,,,,,,,,,,,,,,,,,,,,,,,,
,,3,,,,,,,,,,,,,,,,,,,,,,,,,,,,,,,,,
,,4,,,,,,,,,,,,,,,,,,,,,,,,,,,,,,,,,
,,5,,,,,,,,,,,,,,,,,,,,,,,,,,,,,,,,,
,,6,,,,,,,,,,,,,,,,,,,,,,,,,,,,,,,,,
,,1,,,,,,,,,,,,,,,,,,,,,,,,,,,,,,,,,
,,2,,,,,,,,,,,,,,,,,,,,,,,,,,,,,,,,,
,,3,,,,,,,,,,,,,,,,,,,,,,,,,,,,,,,,,
,,4,,,,,,,,,,,,,,,,,,,,,,,,,,,,,,,,,
,,5,,,,,,,,,,,,,,,,,,,,,,,,,,,,,,,,,
,,6,,,,,,,,,,,,,,,,,,,,,,,,,,,,,,,,,
,,1,,,,,,,,,,,,,,,,,,,,,,,,,,,,,,,,,
,,2,,,,,,,,,,,,,,,,,,,,,,,,,,,,,,,,,
,,3,,,,,,,,,,,,,,,,,,,,,,,,,,,,,,,,,
,,4,,,,,,,,,,,,,,,,,,,,,,,,,,,,,,,,,
,,5,,,,,,,,,,,,,,,,,,,,,,,,,,,,,,,,,
,,6,,,,,,,,,,,,,,,,,,,,,,,,,,,,,,,,,
,,1,,,,,,,,,,,,,,,,,,,,,,,,,,,,,,,,,
,,2,,,,,,,,,,,,,,,,,,,,,,,,,,,,,,,,,
,,3,,,,,,,,,,,,,,,,,,,,,,,,,,,,,,,,,
,,4,,,,,,,,,,,,,,,,,,,,,,,,,,,,,,,,,
,,5,,,,,,,,,,,,,,,,,,,,,,,,,,,,,,,,,
,,6,,,,,,,,,,,,,,,,,,,,,,,,,,,,,,,,,
,,1,,,,,,,,,,,,,,,,,,,,,,,,,,,,,,,,,
,,2,,,,,,,,,,,,,,,,,,,,,,,,,,,,,,,,,
,,3,,,,,,,,,,,,,,,,,,,,,,,,,,,,,,,,,
,,4,,,,,,,,,,,,,,,,,,,,,,,,,,,,,,,,,
,,5,,,,,,,,,,,,,,,,,,,,,,,,,,,,,,,,,
,,6,,,,,,,,,,,,,,,,,,,,,,,,,,,,,,,,,
,,1,,,,,,,,,,,,,,,,,,,,,,,,,,,,,,,,,
,,2,,,,,,,,,,,,,,,,,,,,,,,,,,,,,,,,,
,,3,,,,,,,,,,,,,,,,,,,,,,,,,,,,,,,,,
,,4,,,,,,,,,,,,,,,,,,,,,,,,,,,,,,,,,
,,5,,,,,,,,,,,,,,,,,,,,,,,,,,,,,,,,,
,,6,,,,,,,,,,,,,,,,,,,,,,,,,,,,,,,,,
,,1,,,,,,,,,,,,,,,,,,,,,,,,,,,,,,,,,
,,2,,,,,,,,,,,,,,,,,,,,,,,,,,,,,,,,,
,,3,,,,,,,,,,,,,,,,,,,,,,,,,,,,,,,,,
,,4,,,,,,,,,,,,,,,,,,,,,,,,,,,,,,,,,
,,5,,,,,,,,,,,,,,,,,,,,,,,,,,,,,,,,,
,,6,,,,,,,,,,,,,,,,,,,,,,,,,,,,,,,,,
,,1,,,,,,,,,,,,,,,,,,,,,,,,,,,,,,,,,
,,2,,,,,,,,,,,,,,,,,,,,,,,,,,,,,,,,,
,,3,,,,,,,,,,,,,,,,,,,,,,,,,,,,,,,,,
,,4,,,,,,,,,,,,,,,,,,,,,,,,,,,,,,,,,
,,5,,,,,,,,,,,,,,,,,,,,,,,,,,,,,,,,,
,,6,,,,,,,,,,,,,,,,,,,,,,,,,,,,,,,,,
,,1,,,,,,,,,,,,,,,,,,,,,,,,,,,,,,,,,
,,2,,,,,,,,,,,,,,,,,,,,,,,,,,,,,,,,,
,,3,,,,,,,,,,,,,,,,,,,,,,,,,,,,,,,,,
,,4,,,,,,,,,,,,,,,,,,,,,,,,,,,,,,,,,
,,5,,,,,,,,,,,,,,,,,,,,,,,,,,,,,,,,,
,,6,,,,,,,,,,,,,,,,,,,,,,,,,,,,,,,,,
,,1,,,,,,,,,,,,,,,,,,,,,,,,,,,,,,,,,
,,2,,,,,,,,,,,,,,,,,,,,,,,,,,,,,,,,,
,,3,,,,,,,,,,,,,,,,,,,,,,,,,,,,,,,,,
,,4,,,,,,,,,,,,,,,,,,,,,,,,,,,,,,,,,
,,5,,,,,,,,,,,,,,,,,,,,,,,,,,,,,,,,,
,,6,,,,,,,,,,,,,,,,,,,,,,,,,,,,,,,,,
,,1,,,,,,,,,,,,,,,,,,,,,,,,,,,,,,,,,
,,2,,,,,,,,,,,,,,,,,,,,,,,,,,,,,,,,,
,,3,,,,,,,,,,,,,,,,,,,,,,,,,,,,,,,,,
,,4,,,,,,,,,,,,,,,,,,,,,,,,,,,,,,,,,
,,5,,,,,,,,,,,,,,,,,,,,,,,,,,,,,,,,,
,,6,,,,,,,,,,,,,,,,,,,,,,,,,,,,,,,,,
,,1,,,,,,,,,,,,,,,,,,,,,,,,,,,,,,,,,
,,2,,,,,,,,,,,,,,,,,,,,,,,,,,,,,,,,,
,,3,,,,,,,,,,,,,,,,,,,,,,,,,,,,,,,,,
,,4,,,,,,,,,,,,,,,,,,,,,,,,,,,,,,,,,
,,5,,,,,,,,,,,,,,,,,,,,,,,,,,,,,,,,,
,,6,,,,,,,,,,,,,,,,,,,,,,,,,,,,,,,,,
,,1,,,,,,,,,,,,,,,,,,,,,,,,,,,,,,,,,
,,2,,,,,,,,,,,,,,,,,,,,,,,,,,,,,,,,,
,,3,,,,,,,,,,,,,,,,,,,,,,,,,,,,,,,,,
,,4,,,,,,,,,,,,,,,,,,,,,,,,,,,,,,,,,
,,5,,,,,,,,,,,,,,,,,,,,,,,,,,,,,,,,,
,,6,,,,,,,,,,,,,,,,,,,,,,,,,,,,,,,,,
,,1,,,,,,,,,,,,,,,,,,,,,,,,,,,,,,,,,
,,2,,,,,,,,,,,,,,,,,,,,,,,,,,,,,,,,,
,,3,,,,,,,,,,,,,,,,,,,,,,,,,,,,,,,,,
,,4,,,,,,,,,,,,,,,,,,,,,,,,,,,,,,,,,
,,5,,,,,,,,,,,,,,,,,,,,,,,,,,,,,,,,,
,,6,,,,,,,,,,,,,,,,,,,,,,,,,,,,,,,,,
,,1,,,,,,,,,,,,,,,,,,,,,,,,,,,,,,,,,
,,2,,,,,,,,,,,,,,,,,,,,,,,,,,,,,,,,,
,,3,,,,,,,,,,,,,,,,,,,,,,,,,,,,,,,,,
,,4,,,,,,,,,,,,,,,,,,,,,,,,,,,,,,,,,
,,5,,,,,,,,,,,,,,,,,,,,,,,,,,,,,,,,,
,,6,,,,,,,,,,,,,,,,,,,,,,,,,,,,,,,,,
,,1,,,,,,,,,,,,,,,,,,,,,,,,,,,,,,,,,
,,2,,,,,,,,,,,,,,,,,,,,,,,,,,,,,,,,,
,,3,,,,,,,,,,,,,,,,,,,,,,,,,,,,,,,,,
,,4,,,,,,,,,,,,,,,,,,,,,,,,,,,,,,,,,
,,5,,,,,,,,,,,,,,,,,,,,,,,,,,,,,,,,,
,,6,,,,,,,,,,,,,,,,,,,,,,,,,,,,,,,,,
,,1,,,,,,,,,,,,,,,,,,,,,,,,,,,,,,,,,
,,2,,,,,,,,,,,,,,,,,,,,,,,,,,,,,,,,,
,,3,,,,,,,,,,,,,,,,,,,,,,,,,,,,,,,,,
,,4,,,,,,,,,,,,,,,,,,,,,,,,,,,,,,,,,
,,5,,,,,,,,,,,,,,,,,,,,,,,,,,,,,,,,,
,,6,,,,,,,,,,,,,,,,,,,,,,,,,,,,,,,,,
,,1,,,,,,,,,,,,,,,,,,,,,,,,,,,,,,,,,
,,2,,,,,,,,,,,,,,,,,,,,,,,,,,,,,,,,,
,,3,,,,,,,,,,,,,,,,,,,,,,,,,,,,,,,,,
,,4,,,,,,,,,,,,,,,,,,,,,,,,,,,,,,,,,
,,5,,,,,,,,,,,,,,,,,,,,,,,,,,,,,,,,,
,,6,,,,,,,,,,,,,,,,,,,,,,,,,,,,,,,,,
,,1,,,,,,,,,,,,,,,,,,,,,,,,,,,,,,,,,
,,2,,,,,,,,,,,,,,,,,,,,,,,,,,,,,,,,,
,,3,,,,,,,,,,,,,,,,,,,,,,,,,,,,,,,,,
,,4,,,,,,,,,,,,,,,,,,,,,,,,,,,,,,,,,
,,5,,,,,,,,,,,,,,,,,,,,,,,,,,,,,,,,,
,,6,,,,,,,,,,,,,,,,,,,,,,,,,,,,,,,,,
,,1,,,,,,,,,,,,,,,,,,,,,,,,,,,,,,,,,
,,2,,,,,,,,,,,,,,,,,,,,,,,,,,,,,,,,,
,,3,,,,,,,,,,,,,,,,,,,,,,,,,,,,,,,,,
,,4,,,,,,,,,,,,,,,,,,,,,,,,,,,,,,,,,
,,5,,,,,,,,,,,,,,,,,,,,,,,,,,,,,,,,,
,,6,,,,,,,,,,,,,,,,,,,,,,,,,,,,,,,,,
,,1,,,,,,,,,,,,,,,,,,,,,,,,,,,,,,,,,
,,2,,,,,,,,,,,,,,,,,,,,,,,,,,,,,,,,,
,,3,,,,,,,,,,,,,,,,,,,,,,,,,,,,,,,,,
,,4,,,,,,,,,,,,,,,,,,,,,,,,,,,,,,,,,
,,5,,,,,,,,,,,,,,,,,,,,,,,,,,,,,,,,,
,,6,,,,,,,,,,,,,,,,,,,,,,,,,,,,,,,,,
,,1,,,,,,,,,,,,,,,,,,,,,,,,,,,,,,,,,
,,2,,,,,,,,,,,,,,,,,,,,,,,,,,,,,,,,,
,,3,,,,,,,,,,,,,,,,,,,,,,,,,,,,,,,,,
,,4,,,,,,,,,,,,,,,,,,,,,,,,,,,,,,,,,
,,5,,,,,,,,,,,,,,,,,,,,,,,,,,,,,,,,,
,,6,,,,,,,,,,,,,,,,,,,,,,,,,,,,,,,,,
,,1,,,,,,,,,,,,,,,,,,,,,,,,,,,,,,,,,
,,2,,,,,,,,,,,,,,,,,,,,,,,,,,,,,,,,,
,,3,,,,,,,,,,,,,,,,,,,,,,,,,,,,,,,,,
,,4,,,,,,,,,,,,,,,,,,,,,,,,,,,,,,,,,
,,5,,,,,,,,,,,,,,,,,,,,,,,,,,,,,,,,,
,,6,,,,,,,,,,,,,,,,,,,,,,,,,,,,,,,,,
,,1,,,,,,,,,,,,,,,,,,,,,,,,,,,,,,,,,
,,2,,,,,,,,,,,,,,,,,,,,,,,,,,,,,,,,,
,,3,,,,,,,,,,,,,,,,,,,,,,,,,,,,,,,,,
,,4,,,,,,,,,,,,,,,,,,,,,,,,,,,,,,,,,
,,5,,,,,,,,,,,,,,,,,,,,,,,,,,,,,,,,,
,,6,,,,,,,,,,,,,,,,,,,,,,,,,,,,,,,,,
,,1,,,,,,,,,,,,,,,,,,,,,,,,,,,,,,,,,
,,2,,,,,,,,,,,,,,,,,,,,,,,,,,,,,,,,,
,,3,,,,,,,,,,,,,,,,,,,,,,,,,,,,,,,,,
,,4,,,,,,,,,,,,,,,,,,,,,,,,,,,,,,,,,
,,5,,,,,,,,,,,,,,,,,,,,,,,,,,,,,,,,,
,,6,,,,,,,,,,,,,,,,,,,,,,,,,,,,,,,,,
,,1,,,,,,,,,,,,,,,,,,,,,,,,,,,,,,,,,
,,2,,,,,,,,,,,,,,,,,,,,,,,,,,,,,,,,,
,,3,,,,,,,,,,,,,,,,,,,,,,,,,,,,,,,,,
,,4,,,,,,,,,,,,,,,,,,,,,,,,,,,,,,,,,
,,5,,,,,,,,,,,,,,,,,,,,,,,,,,,,,,,,,
,,6,,,,,,,,,,,,,,,,,,,,,,,,,,,,,,,,,
,,1,,,,,,,,,,,,,,,,,,,,,,,,,,,,,,,,,
,,2,,,,,,,,,,,,,,,,,,,,,,,,,,,,,,,,,
,,3,,,,,,,,,,,,,,,,,,,,,,,,,,,,,,,,,
,,4,,,,,,,,,,,,,,,,,,,,,,,,,,,,,,,,,
,,5,,,,,,,,,,,,,,,,,,,,,,,,,,,,,,,,,
,,6,,,,,,,,,,,,,,,,,,,,,,,,,,,,,,,,,
,,1,,,,,,,,,,,,,,,,,,,,,,,,,,,,,,,,,
,,2,,,,,,,,,,,,,,,,,,,,,,,,,,,,,,,,,
,,3,,,,,,,,,,,,,,,,,,,,,,,,,,,,,,,,,
,,4,,,,,,,,,,,,,,,,,,,,,,,,,,,,,,,,,
,,5,,,,,,,,,,,,,,,,,,,,,,,,,,,,,,,,,
,,6,,,,,,,,,,,,,,,,,,,,,,,,,,,,,,,,,
,,1,,,,,,,,,,,,,,,,,,,,,,,,,,,,,,,,,
,,2,,,,,,,,,,,,,,,,,,,,,,,,,,,,,,,,,
,,3,,,,,,,,,,,,,,,,,,,,,,,,,,,,,,,,,
,,4,,,,,,,,,,,,,,,,,,,,,,,,,,,,,,,,,
,,5,,,,,,,,,,,,,,,,,,,,,,,,,,,,,,,,,
,,6,,,,,,,,,,,,,,,,,,,,,,,,,,,,,,,,,
,,1,,,,,,,,,,,,,,,,,,,,,,,,,,,,,,,,,
,,2,,,,,,,,,,,,,,,,,,,,,,,,,,,,,,,,,
,,3,,,,,,,,,,,,,,,,,,,,,,,,,,,,,,,,,
,,4,,,,,,,,,,,,,,,,,,,,,,,,,,,,,,,,,
,,5,,,,,,,,,,,,,,,,,,,,,,,,,,,,,,,,,
,,6,,,,,,,,,,,,,,,,,,,,,,,,,,,,,,,,,
,,1,,,,,,,,,,,,,,,,,,,,,,,,,,,,,,,,,
,,2,,,,,,,,,,,,,,,,,,,,,,,,,,,,,,,,,
,,3,,,,,,,,,,,,,,,,,,,,,,,,,,,,,,,,,
,,4,,,,,,,,,,,,,,,,,,,,,,,,,,,,,,,,,
,,5,,,,,,,,,,,,,,,,,,,,,,,,,,,,,,,,,
,,6,,,,,,,,,,,,,,,,,,,,,,,,,,,,,,,,,
,,1,,,,,,,,,,,,,,,,,,,,,,,,,,,,,,,,,
,,2,,,,,,,,,,,,,,,,,,,,,,,,,,,,,,,,,
,,3,,,,,,,,,,,,,,,,,,,,,,,,,,,,,,,,,
,,4,,,,,,,,,,,,,,,,,,,,,,,,,,,,,,,,,
,,5,,,,,,,,,,,,,,,,,,,,,,,,,,,,,,,,,
,,6,,,,,,,,,,,,,,,,,,,,,,,,,,,,,,,,,
,,1,,,,,,,,,,,,,,,,,,,,,,,,,,,,,,,,,
,,2,,,,,,,,,,,,,,,,,,,,,,,,,,,,,,,,,
,,3,,,,,,,,,,,,,,,,,,,,,,,,,,,,,,,,,
,,4,,,,,,,,,,,,,,,,,,,,,,,,,,,,,,,,,
,,5,,,,,,,,,,,,,,,,,,,,,,,,,,,,,,,,,
,,6,,,,,,,,,,,,,,,,,,,,,,,,,,,,,,,,,
,,1,,,,,,,,,,,,,,,,,,,,,,,,,,,,,,,,,
,,2,,,,,,,,,,,,,,,,,,,,,,,,,,,,,,,,,
,,3,,,,,,,,,,,,,,,,,,,,,,,,,,,,,,,,,
,,4,,,,,,,,,,,,,,,,,,,,,,,,,,,,,,,,,
,,5,,,,,,,,,,,,,,,,,,,,,,,,,,,,,,,,,
,,6,,,,,,,,,,,,,,,,,,,,,,,,,,,,,,,,,
,,1,,,,,,,,,,,,,,,,,,,,,,,,,,,,,,,,,
,,2,,,,,,,,,,,,,,,,,,,,,,,,,,,,,,,,,
,,3,,,,,,,,,,,,,,,,,,,,,,,,,,,,,,,,,
,,4,,,,,,,,,,,,,,,,,,,,,,,,,,,,,,,,,
,,5,,,,,,,,,,,,,,,,,,,,,,,,,,,,,,,,,
,,6,,,,,,,,,,,,,,,,,,,,,,,,,,,,,,,,,
,,1,,,,,,,,,,,,,,,,,,,,,,,,,,,,,,,,,
,,2,,,,,,,,,,,,,,,,,,,,,,,,,,,,,,,,,
,,3,,,,,,,,,,,,,,,,,,,,,,,,,,,,,,,,,
,,4,,,,,,,,,,,,,,,,,,,,,,,,,,,,,,,,,
,,5,,,,,,,,,,,,,,,,,,,,,,,,,,,,,,,,,
,,6,,,,,,,,,,,,,,,,,,,,,,,,,,,,,,,,,
,,1,,,,,,,,,,,,,,,,,,,,,,,,,,,,,,,,,
,,2,,,,,,,,,,,,,,,,,,,,,,,,,,,,,,,,,
,,3,,,,,,,,,,,,,,,,,,,,,,,,,,,,,,,,,
,,4,,,,,,,,,,,,,,,,,,,,,,,,,,,,,,,,,
,,5,,,,,,,,,,,,,,,,,,,,,,,,,,,,,,,,,
,,6,,,,,,,,,,,,,,,,,,,,,,,,,,,,,,,,,
,,1,,,,,,,,,,,,,,,,,,,,,,,,,,,,,,,,,
,,2,,,,,,,,,,,,,,,,,,,,,,,,,,,,,,,,,
,,3,,,,,,,,,,,,,,,,,,,,,,,,,,,,,,,,,
,,4,,,,,,,,,,,,,,,,,,,,,,,,,,,,,,,,,
,,5,,,,,,,,,,,,,,,,,,,,,,,,,,,,,,,,,
,,6,,,,,,,,,,,,,,,,,,,,,,,,,,,,,,,,,
